2026-06-14 22:24:38 -  - exec CUpdateClientPartner::GetUpdatesList
2026-06-14 22:24:38 -  - exec CUpdateClientPartner::__CollectRequestData
2026-06-14 22:24:38 -  - utf=Y&lang=ru&stable=Y&CANGZIP=Y&SUPD_DBS=MYSQL&XE=N&CLIENT_SITE=localhost&LICENSE_KEY=X&SUPD_STS=2&SUPD_URS=0&TYPENC=D&CLIENT_PHPVER=8.5.7&NGINX=Y&dbv=8.0.45&instm=main%2C26.150.0%2CY%3Bmobileapp%2C25.0.100%2CN%3Bblog%2C26.400.0%2CN%3Bb24connector%2C25.0.0%2CN%3Bhighloadblock%2C25.100.0%2CN%3Biblock%2C25.300.0%2CN%3Bsocialservices%2C26.0.0%2CN%3Brest%2C26.0.0%2CN%3Bfileman%2C25.200.200%2CN%3Bforum%2C26.0.0%2CN%3Blanding%2C26.200.0%2CN%3Bclouds%2C25.100.0%2CN%3Bphotogallery%2C25.100.0%2CN%3Bform%2C26.0.0%2CN%3Bbitrixcloud%2C25.100.0%2CN%3Bsubscribe%2C25.0.0%2CN%3Bmessageservice%2C25.200.100%2CN%3Bui%2C26.150.0%2CN%3Blocation%2C25.400.0%2CN%3Bperfmon%2C25.300.0%2CN%3Bseo%2C25.100.400%2CN%3Bvote%2C26.0.0%2CN%3Btranslate%2C25.100.0%2CN%3Bsecurity%2C25.0.0%2CN%3Bbitrix.sitecorporate%2C26.0.0%2CN%3Bsearch%2C25.200.0%2CN&reqm=bitrix.sitecorporate&fullmoduleinfo=Y&SUPD_SRS=RU&SUPD_CMP=N
2026-06-14 22:24:38 -  - exec CUpdateClientPartner::GetHTTPPage
2026-06-14 22:24:39 -  - TIME GetUpdatesList(request) 0.468 sec
2026-06-14 22:24:39 -  - exec CUpdateClientPartner::ParseServerData
2026-06-14 22:24:43 -  - exec CUpdateClientPartner::GetUpdatesList
2026-06-14 22:24:43 -  - exec CUpdateClientPartner::__CollectRequestData
2026-06-14 22:24:43 -  - utf=Y&lang=ru&stable=Y&CANGZIP=Y&SUPD_DBS=MYSQL&XE=N&CLIENT_SITE=localhost&LICENSE_KEY=X&SUPD_STS=2&SUPD_URS=0&TYPENC=D&CLIENT_PHPVER=8.5.7&NGINX=Y&dbv=8.0.45&instm=main%2C26.150.0%2CY%3Bmobileapp%2C25.0.100%2CN%3Bblog%2C26.400.0%2CN%3Bb24connector%2C25.0.0%2CN%3Bhighloadblock%2C25.100.0%2CN%3Biblock%2C25.300.0%2CN%3Bsocialservices%2C26.0.0%2CN%3Brest%2C26.0.0%2CN%3Bfileman%2C25.200.200%2CN%3Bforum%2C26.0.0%2CN%3Blanding%2C26.200.0%2CN%3Bclouds%2C25.100.0%2CN%3Bphotogallery%2C25.100.0%2CN%3Bform%2C26.0.0%2CN%3Bbitrixcloud%2C25.100.0%2CN%3Bsubscribe%2C25.0.0%2CN%3Bmessageservice%2C25.200.100%2CN%3Bui%2C26.150.0%2CN%3Blocation%2C25.400.0%2CN%3Bperfmon%2C25.300.0%2CN%3Bseo%2C25.100.400%2CN%3Bvote%2C26.0.0%2CN%3Btranslate%2C25.100.0%2CN%3Bsecurity%2C25.0.0%2CN%3Bbitrix.sitecorporate%2C26.0.0%2CN%3Bsearch%2C25.200.0%2CN&reqm=bitrix.sitecorporate&fullmoduleinfo=Y&SUPD_SRS=RU&SUPD_CMP=N
2026-06-14 22:24:43 -  - exec CUpdateClientPartner::GetHTTPPage
2026-06-14 22:24:44 -  - TIME GetUpdatesList(request) 0.237 sec
2026-06-14 22:24:44 -  - exec CUpdateClientPartner::ParseServerData
2026-06-14 22:24:50 -  - exec CUpdateClientPartner::GetUpdatesList
2026-06-14 22:24:50 -  - exec CUpdateClientPartner::__CollectRequestData
2026-06-14 22:24:50 -  - utf=Y&lang=ru&stable=Y&CANGZIP=Y&SUPD_DBS=MYSQL&XE=N&CLIENT_SITE=localhost&LICENSE_KEY=X&SUPD_STS=2&SUPD_URS=0&TYPENC=D&CLIENT_PHPVER=8.5.7&NGINX=Y&dbv=8.0.45&instm=main%2C26.150.0%2CY%3Bmobileapp%2C25.0.100%2CN%3Bblog%2C26.400.0%2CN%3Bb24connector%2C25.0.0%2CN%3Bhighloadblock%2C25.100.0%2CN%3Biblock%2C25.300.0%2CN%3Bsocialservices%2C26.0.0%2CN%3Brest%2C26.0.0%2CN%3Bfileman%2C25.200.200%2CN%3Bforum%2C26.0.0%2CN%3Blanding%2C26.200.0%2CN%3Bclouds%2C25.100.0%2CN%3Bphotogallery%2C25.100.0%2CN%3Bform%2C26.0.0%2CN%3Bbitrixcloud%2C25.100.0%2CN%3Bsubscribe%2C25.0.0%2CN%3Bmessageservice%2C25.200.100%2CN%3Bui%2C26.150.0%2CN%3Blocation%2C25.400.0%2CN%3Bperfmon%2C25.300.0%2CN%3Bseo%2C25.100.400%2CN%3Bvote%2C26.0.0%2CN%3Btranslate%2C25.100.0%2CN%3Bsecurity%2C25.0.0%2CN%3Bbitrix.sitecorporate%2C26.0.0%2CN%3Bsearch%2C25.200.0%2CN&reqm=bitrix.sitecorporate&fullmoduleinfo=Y&SUPD_SRS=RU&SUPD_CMP=N
2026-06-14 22:24:50 -  - exec CUpdateClientPartner::GetHTTPPage
2026-06-14 22:24:50 -  - TIME GetUpdatesList(request) 0.157 sec
2026-06-14 22:24:50 -  - exec CUpdateClientPartner::ParseServerData
2026-06-14 22:24:50 -  - exec CUpdateClientPartner::GetUpdatesList
2026-06-14 22:24:50 -  - exec CUpdateClientPartner::__CollectRequestData
2026-06-14 22:24:50 -  - utf=Y&lang=ru&stable=Y&CANGZIP=Y&SUPD_DBS=MYSQL&XE=N&CLIENT_SITE=localhost&LICENSE_KEY=X&SUPD_STS=2&SUPD_URS=0&TYPENC=D&CLIENT_PHPVER=8.5.7&NGINX=Y&dbv=8.0.45&instm=main%2C26.150.0%2CY%3Bmobileapp%2C25.0.100%2CN%3Bblog%2C26.400.0%2CN%3Bb24connector%2C25.0.0%2CN%3Bhighloadblock%2C25.100.0%2CN%3Biblock%2C25.300.0%2CN%3Bsocialservices%2C26.0.0%2CN%3Brest%2C26.0.0%2CN%3Bfileman%2C25.200.200%2CN%3Bforum%2C26.0.0%2CN%3Blanding%2C26.200.0%2CN%3Bclouds%2C25.100.0%2CN%3Bphotogallery%2C25.100.0%2CN%3Bform%2C26.0.0%2CN%3Bbitrixcloud%2C25.100.0%2CN%3Bsubscribe%2C25.0.0%2CN%3Bmessageservice%2C25.200.100%2CN%3Bui%2C26.150.0%2CN%3Blocation%2C25.400.0%2CN%3Bperfmon%2C25.300.0%2CN%3Bseo%2C25.100.400%2CN%3Bvote%2C26.0.0%2CN%3Btranslate%2C25.100.0%2CN%3Bsecurity%2C25.0.0%2CN%3Bbitrix.sitecorporate%2C26.0.0%2CN%3Bsearch%2C25.200.0%2CN&reqm=bitrix.sitecorporate&fullmoduleinfo=Y&SUPD_SRS=RU&SUPD_CMP=N
2026-06-14 22:24:50 -  - exec CUpdateClientPartner::GetHTTPPage
2026-06-14 22:24:50 -  - TIME GetUpdatesList(request) 0.153 sec
2026-06-14 22:24:50 -  - exec CUpdateClientPartner::ParseServerData
2026-06-14 22:24:54 -  - exec CUpdateClientPartner::GetUpdatesList
2026-06-14 22:24:54 -  - exec CUpdateClientPartner::__CollectRequestData
2026-06-14 22:24:54 -  - utf=Y&lang=ru&stable=Y&CANGZIP=Y&SUPD_DBS=MYSQL&XE=N&CLIENT_SITE=localhost&LICENSE_KEY=X&SUPD_STS=2&SUPD_URS=0&TYPENC=D&CLIENT_PHPVER=8.5.7&NGINX=Y&dbv=8.0.45&instm=main%2C26.150.0%2CY%3Bmobileapp%2C25.0.100%2CN%3Bblog%2C26.400.0%2CN%3Bb24connector%2C25.0.0%2CN%3Bhighloadblock%2C25.100.0%2CN%3Biblock%2C25.300.0%2CN%3Bsocialservices%2C26.0.0%2CN%3Brest%2C26.0.0%2CN%3Bfileman%2C25.200.200%2CN%3Bforum%2C26.0.0%2CN%3Blanding%2C26.200.0%2CN%3Bclouds%2C25.100.0%2CN%3Bphotogallery%2C25.100.0%2CN%3Bform%2C26.0.0%2CN%3Bbitrixcloud%2C25.100.0%2CN%3Bsubscribe%2C25.0.0%2CN%3Bmessageservice%2C25.200.100%2CN%3Bui%2C26.150.0%2CN%3Blocation%2C25.400.0%2CN%3Bperfmon%2C25.300.0%2CN%3Bseo%2C25.100.400%2CN%3Bvote%2C26.0.0%2CN%3Btranslate%2C25.100.0%2CN%3Bsecurity%2C25.0.0%2CN%3Bbitrix.sitecorporate%2C26.0.0%2CN%3Bsearch%2C25.200.0%2CN&reqm=bitrix.sitecorporate&fullmoduleinfo=Y&SUPD_SRS=RU&SUPD_CMP=N
2026-06-14 22:24:54 -  - exec CUpdateClientPartner::GetHTTPPage
2026-06-14 22:24:54 -  - TIME GetUpdatesList(request) 0.129 sec
2026-06-14 22:24:54 -  - exec CUpdateClientPartner::ParseServerData
2026-06-14 22:24:55 -  - exec CUpdateClientPartner::GetUpdatesList
2026-06-14 22:24:55 -  - exec CUpdateClientPartner::__CollectRequestData
2026-06-14 22:24:55 -  - utf=Y&lang=ru&stable=Y&CANGZIP=Y&SUPD_DBS=MYSQL&XE=N&CLIENT_SITE=localhost&LICENSE_KEY=X&SUPD_STS=2&SUPD_URS=0&TYPENC=D&CLIENT_PHPVER=8.5.7&NGINX=Y&dbv=8.0.45&instm=main%2C26.150.0%2CY%3Bmobileapp%2C25.0.100%2CN%3Bblog%2C26.400.0%2CN%3Bb24connector%2C25.0.0%2CN%3Bhighloadblock%2C25.100.0%2CN%3Biblock%2C25.300.0%2CN%3Bsocialservices%2C26.0.0%2CN%3Brest%2C26.0.0%2CN%3Bfileman%2C25.200.200%2CN%3Bforum%2C26.0.0%2CN%3Blanding%2C26.200.0%2CN%3Bclouds%2C25.100.0%2CN%3Bphotogallery%2C25.100.0%2CN%3Bform%2C26.0.0%2CN%3Bbitrixcloud%2C25.100.0%2CN%3Bsubscribe%2C25.0.0%2CN%3Bmessageservice%2C25.200.100%2CN%3Bui%2C26.150.0%2CN%3Blocation%2C25.400.0%2CN%3Bperfmon%2C25.300.0%2CN%3Bseo%2C25.100.400%2CN%3Bvote%2C26.0.0%2CN%3Btranslate%2C25.100.0%2CN%3Bsecurity%2C25.0.0%2CN%3Bbitrix.sitecorporate%2C26.0.0%2CN%3Bsearch%2C25.200.0%2CN&reqm=bitrix.sitecorporate&fullmoduleinfo=Y&SUPD_SRS=RU&SUPD_CMP=N
2026-06-14 22:24:55 -  - exec CUpdateClientPartner::GetHTTPPage
2026-06-14 22:24:55 -  - TIME GetUpdatesList(request) 0.163 sec
2026-06-14 22:24:55 -  - exec CUpdateClientPartner::ParseServerData
2026-06-15 10:12:31 -  - exec CUpdateClientPartner::GetUpdatesList
2026-06-15 10:12:31 -  - exec CUpdateClientPartner::__CollectRequestData
2026-06-15 10:12:31 -  - utf=Y&lang=ru&stable=Y&CANGZIP=Y&SUPD_DBS=MYSQL&XE=N&CLIENT_SITE=localhost&LICENSE_KEY=X&SUPD_STS=2&SUPD_URS=0&TYPENC=D&CLIENT_PHPVER=8.5.7&NGINX=Y&dbv=8.0.45&instm=main%2C26.150.0%2CY%3Bmobileapp%2C25.0.100%2CN%3Bblog%2C26.400.0%2CN%3Bb24connector%2C25.0.0%2CN%3Bhighloadblock%2C25.100.0%2CN%3Biblock%2C25.300.0%2CN%3Bsocialservices%2C26.0.0%2CN%3Brest%2C26.0.0%2CN%3Bfileman%2C25.200.200%2CN%3Bforum%2C26.0.0%2CN%3Blanding%2C26.200.0%2CN%3Bclouds%2C25.100.0%2CN%3Bphotogallery%2C25.100.0%2CN%3Bform%2C26.0.0%2CN%3Bbitrixcloud%2C25.100.0%2CN%3Bsubscribe%2C25.0.0%2CN%3Bmessageservice%2C25.200.100%2CN%3Bui%2C26.150.0%2CN%3Blocation%2C25.400.0%2CN%3Bperfmon%2C25.300.0%2CN%3Bseo%2C25.100.400%2CN%3Bvote%2C26.0.0%2CN%3Btranslate%2C25.100.0%2CN%3Bsecurity%2C25.0.0%2CN%3Bbitrix.sitecorporate%2C26.0.0%2CN%3Bsearch%2C25.200.0%2CN&reqm=bitrix.sitecorporate&fullmoduleinfo=Y&SUPD_SRS=RU&SUPD_CMP=N
2026-06-15 10:12:31 -  - exec CUpdateClientPartner::GetHTTPPage
2026-06-15 10:12:31 -  - TIME GetUpdatesList(request) 0.152 sec
2026-06-15 10:12:31 -  - exec CUpdateClientPartner::ParseServerData
2026-06-15 10:12:43 -  - exec CUpdateClientPartner::GetUpdatesList
2026-06-15 10:12:43 -  - exec CUpdateClientPartner::__CollectRequestData
2026-06-15 10:12:43 -  - utf=Y&lang=ru&stable=Y&CANGZIP=Y&SUPD_DBS=MYSQL&XE=N&CLIENT_SITE=localhost&LICENSE_KEY=X&SUPD_STS=2&SUPD_URS=0&TYPENC=D&CLIENT_PHPVER=8.5.7&NGINX=Y&dbv=8.0.45&instm=main%2C26.150.0%2CY%3Bmobileapp%2C25.0.100%2CN%3Bblog%2C26.400.0%2CN%3Bb24connector%2C25.0.0%2CN%3Bhighloadblock%2C25.100.0%2CN%3Biblock%2C25.300.0%2CN%3Bsocialservices%2C26.0.0%2CN%3Brest%2C26.0.0%2CN%3Bfileman%2C25.200.200%2CN%3Bforum%2C26.0.0%2CN%3Blanding%2C26.200.0%2CN%3Bclouds%2C25.100.0%2CN%3Bphotogallery%2C25.100.0%2CN%3Bform%2C26.0.0%2CN%3Bbitrixcloud%2C25.100.0%2CN%3Bsubscribe%2C25.0.0%2CN%3Bmessageservice%2C25.200.100%2CN%3Bui%2C26.150.0%2CN%3Blocation%2C25.400.0%2CN%3Bperfmon%2C25.300.0%2CN%3Bseo%2C25.100.400%2CN%3Bvote%2C26.0.0%2CN%3Btranslate%2C25.100.0%2CN%3Bsecurity%2C25.0.0%2CN%3Bbitrix.sitecorporate%2C26.0.0%2CN%3Bsearch%2C25.200.0%2CN&reqm=bitrix.sitecorporate&fullmoduleinfo=Y&SUPD_SRS=RU&SUPD_CMP=N
2026-06-15 10:12:43 -  - exec CUpdateClientPartner::GetHTTPPage
2026-06-15 10:12:43 -  - TIME GetUpdatesList(request) 0.146 sec
2026-06-15 10:12:43 -  - exec CUpdateClientPartner::ParseServerData
2026-06-15 10:12:43 -  - exec CUpdateClientPartner::GetUpdatesList
2026-06-15 10:12:43 -  - exec CUpdateClientPartner::__CollectRequestData
2026-06-15 10:12:43 -  - utf=Y&lang=ru&stable=Y&CANGZIP=Y&SUPD_DBS=MYSQL&XE=N&CLIENT_SITE=localhost&LICENSE_KEY=X&SUPD_STS=2&SUPD_URS=0&TYPENC=D&CLIENT_PHPVER=8.5.7&NGINX=Y&dbv=8.0.45&instm=main%2C26.150.0%2CY%3Bmobileapp%2C25.0.100%2CN%3Bblog%2C26.400.0%2CN%3Bb24connector%2C25.0.0%2CN%3Bhighloadblock%2C25.100.0%2CN%3Biblock%2C25.300.0%2CN%3Bsocialservices%2C26.0.0%2CN%3Brest%2C26.0.0%2CN%3Bfileman%2C25.200.200%2CN%3Bforum%2C26.0.0%2CN%3Blanding%2C26.200.0%2CN%3Bclouds%2C25.100.0%2CN%3Bphotogallery%2C25.100.0%2CN%3Bform%2C26.0.0%2CN%3Bbitrixcloud%2C25.100.0%2CN%3Bsubscribe%2C25.0.0%2CN%3Bmessageservice%2C25.200.100%2CN%3Bui%2C26.150.0%2CN%3Blocation%2C25.400.0%2CN%3Bperfmon%2C25.300.0%2CN%3Bseo%2C25.100.400%2CN%3Bvote%2C26.0.0%2CN%3Btranslate%2C25.100.0%2CN%3Bsecurity%2C25.0.0%2CN%3Bbitrix.sitecorporate%2C26.0.0%2CN%3Bsearch%2C25.200.0%2CN&reqm=bitrix.sitecorporate&fullmoduleinfo=Y&SUPD_SRS=RU&SUPD_CMP=N
2026-06-15 10:12:43 -  - exec CUpdateClientPartner::GetHTTPPage
2026-06-15 10:12:44 -  - TIME GetUpdatesList(request) 0.171 sec
2026-06-15 10:12:44 -  - exec CUpdateClientPartner::ParseServerData
2026-06-15 10:26:39 -  - exec CUpdateClientPartner::GetUpdatesList
2026-06-15 10:26:39 -  - exec CUpdateClientPartner::__CollectRequestData
2026-06-15 10:26:39 -  - utf=Y&lang=ru&stable=Y&CANGZIP=Y&SUPD_DBS=MYSQL&XE=N&CLIENT_SITE=localhost&LICENSE_KEY=X&SUPD_STS=2&SUPD_URS=0&TYPENC=D&CLIENT_PHPVER=8.5.7&NGINX=Y&dbv=8.0.45&instm=main%2C26.150.0%2CY%3Bmobileapp%2C25.0.100%2CN%3Bblog%2C26.400.0%2CN%3Bb24connector%2C25.0.0%2CN%3Bhighloadblock%2C25.100.0%2CN%3Biblock%2C25.300.0%2CN%3Bsocialservices%2C26.0.0%2CN%3Brest%2C26.0.0%2CN%3Bfileman%2C25.200.200%2CN%3Bforum%2C26.0.0%2CN%3Blanding%2C26.200.0%2CN%3Bclouds%2C25.100.0%2CN%3Bphotogallery%2C25.100.0%2CN%3Bform%2C26.0.0%2CN%3Bbitrixcloud%2C25.100.0%2CN%3Bsubscribe%2C25.0.0%2CN%3Bmessageservice%2C25.200.100%2CN%3Bui%2C26.150.0%2CN%3Blocation%2C25.400.0%2CN%3Bperfmon%2C25.300.0%2CN%3Bseo%2C25.100.400%2CN%3Bvote%2C26.0.0%2CN%3Btranslate%2C25.100.0%2CN%3Bsecurity%2C25.0.0%2CN%3Bbitrix.sitecorporate%2C26.0.0%2CN%3Bsearch%2C25.200.0%2CN&reqm=bitrix.sitecorporate&fullmoduleinfo=Y&SUPD_SRS=RU&SUPD_CMP=N
2026-06-15 10:26:39 -  - exec CUpdateClientPartner::GetHTTPPage
2026-06-15 10:26:39 -  - TIME GetUpdatesList(request) 0.154 sec
2026-06-15 10:26:39 -  - exec CUpdateClientPartner::ParseServerData
2026-06-15 12:13:40 -  - exec CUpdateClientPartner::GetUpdatesList
2026-06-15 12:13:40 -  - exec CUpdateClientPartner::__CollectRequestData
2026-06-15 12:13:40 -  - utf=Y&lang=ru&stable=Y&CANGZIP=Y&SUPD_DBS=MYSQL&XE=N&CLIENT_SITE=localhost&LICENSE_KEY=X&SUPD_STS=2&SUPD_URS=0&TYPENC=D&CLIENT_PHPVER=8.5.7&NGINX=Y&dbv=8.0.45&instm=main%2C26.150.0%2CY%3Bmobileapp%2C25.0.100%2CN%3Bblog%2C26.400.0%2CN%3Bb24connector%2C25.0.0%2CN%3Bhighloadblock%2C25.100.0%2CN%3Biblock%2C25.300.0%2CN%3Bsocialservices%2C26.0.0%2CN%3Brest%2C26.0.0%2CN%3Bfileman%2C25.200.200%2CN%3Bforum%2C26.0.0%2CN%3Blanding%2C26.200.0%2CN%3Bclouds%2C25.100.0%2CN%3Bphotogallery%2C25.100.0%2CN%3Bform%2C26.0.0%2CN%3Bbitrixcloud%2C25.100.0%2CN%3Bsubscribe%2C25.0.0%2CN%3Bmessageservice%2C25.200.100%2CN%3Bui%2C26.150.0%2CN%3Blocation%2C25.400.0%2CN%3Bperfmon%2C25.300.0%2CN%3Bseo%2C25.100.400%2CN%3Bvote%2C26.0.0%2CN%3Btranslate%2C25.100.0%2CN%3Bsecurity%2C25.0.0%2CN%3Bbitrix.sitecorporate%2C26.0.0%2CN%3Bsearch%2C25.200.0%2CN&reqm=bitrix.sitecorporate&fullmoduleinfo=Y&SUPD_SRS=RU&SUPD_CMP=N
2026-06-15 12:13:40 -  - exec CUpdateClientPartner::GetHTTPPage
2026-06-15 12:13:40 -  - TIME GetUpdatesList(request) 0.488 sec
2026-06-15 12:13:40 -  - exec CUpdateClientPartner::ParseServerData
2026-06-15 12:13:47 -  - exec CUpdateClientPartner::GetUpdatesList
2026-06-15 12:13:47 -  - exec CUpdateClientPartner::__CollectRequestData
2026-06-15 12:13:47 -  - utf=Y&lang=ru&stable=Y&CANGZIP=Y&SUPD_DBS=MYSQL&XE=N&CLIENT_SITE=localhost&LICENSE_KEY=X&SUPD_STS=2&SUPD_URS=0&TYPENC=D&CLIENT_PHPVER=8.5.7&NGINX=Y&dbv=8.0.45&instm=main%2C26.150.0%2CY%3Bmobileapp%2C25.0.100%2CN%3Bblog%2C26.400.0%2CN%3Bb24connector%2C25.0.0%2CN%3Bhighloadblock%2C25.100.0%2CN%3Biblock%2C25.300.0%2CN%3Bsocialservices%2C26.0.0%2CN%3Brest%2C26.0.0%2CN%3Bfileman%2C25.200.200%2CN%3Bforum%2C26.0.0%2CN%3Blanding%2C26.200.0%2CN%3Bclouds%2C25.100.0%2CN%3Bphotogallery%2C25.100.0%2CN%3Bform%2C26.0.0%2CN%3Bbitrixcloud%2C25.100.0%2CN%3Bsubscribe%2C25.0.0%2CN%3Bmessageservice%2C25.200.100%2CN%3Bui%2C26.150.0%2CN%3Blocation%2C25.400.0%2CN%3Bperfmon%2C25.300.0%2CN%3Bseo%2C25.100.400%2CN%3Bvote%2C26.0.0%2CN%3Btranslate%2C25.100.0%2CN%3Bsecurity%2C25.0.0%2CN%3Bbitrix.sitecorporate%2C26.0.0%2CN%3Bsearch%2C25.200.0%2CN&reqm=bitrix.sitecorporate&fullmoduleinfo=Y&SUPD_SRS=RU&SUPD_CMP=N
2026-06-15 12:13:47 -  - exec CUpdateClientPartner::GetHTTPPage
2026-06-15 12:13:47 -  - TIME GetUpdatesList(request) 0.182 sec
2026-06-15 12:13:47 -  - exec CUpdateClientPartner::ParseServerData
2026-06-15 12:13:47 -  - exec CUpdateClientPartner::GetUpdatesList
2026-06-15 12:13:47 -  - exec CUpdateClientPartner::__CollectRequestData
2026-06-15 12:13:47 -  - utf=Y&lang=ru&stable=Y&CANGZIP=Y&SUPD_DBS=MYSQL&XE=N&CLIENT_SITE=localhost&LICENSE_KEY=X&SUPD_STS=2&SUPD_URS=0&TYPENC=D&CLIENT_PHPVER=8.5.7&NGINX=Y&dbv=8.0.45&instm=main%2C26.150.0%2CY%3Bmobileapp%2C25.0.100%2CN%3Bblog%2C26.400.0%2CN%3Bb24connector%2C25.0.0%2CN%3Bhighloadblock%2C25.100.0%2CN%3Biblock%2C25.300.0%2CN%3Bsocialservices%2C26.0.0%2CN%3Brest%2C26.0.0%2CN%3Bfileman%2C25.200.200%2CN%3Bforum%2C26.0.0%2CN%3Blanding%2C26.200.0%2CN%3Bclouds%2C25.100.0%2CN%3Bphotogallery%2C25.100.0%2CN%3Bform%2C26.0.0%2CN%3Bbitrixcloud%2C25.100.0%2CN%3Bsubscribe%2C25.0.0%2CN%3Bmessageservice%2C25.200.100%2CN%3Bui%2C26.150.0%2CN%3Blocation%2C25.400.0%2CN%3Bperfmon%2C25.300.0%2CN%3Bseo%2C25.100.400%2CN%3Bvote%2C26.0.0%2CN%3Btranslate%2C25.100.0%2CN%3Bsecurity%2C25.0.0%2CN%3Bbitrix.sitecorporate%2C26.0.0%2CN%3Bsearch%2C25.200.0%2CN&reqm=bitrix.sitecorporate&fullmoduleinfo=Y&SUPD_SRS=RU&SUPD_CMP=N
2026-06-15 12:13:47 -  - exec CUpdateClientPartner::GetHTTPPage
2026-06-15 12:13:47 -  - TIME GetUpdatesList(request) 0.136 sec
2026-06-15 12:13:47 -  - exec CUpdateClientPartner::ParseServerData
2026-06-15 12:14:42 -  - exec CUpdateClientPartner::GetUpdatesList
2026-06-15 12:14:42 -  - exec CUpdateClientPartner::__CollectRequestData
2026-06-15 12:14:42 -  - utf=Y&lang=ru&stable=Y&CANGZIP=Y&SUPD_DBS=MYSQL&XE=N&CLIENT_SITE=localhost&LICENSE_KEY=X&SUPD_STS=2&SUPD_URS=0&TYPENC=D&CLIENT_PHPVER=8.5.7&NGINX=Y&dbv=8.0.45&instm=main%2C26.150.0%2CY%3Bmobileapp%2C25.0.100%2CN%3Bblog%2C26.400.0%2CN%3Bb24connector%2C25.0.0%2CN%3Bhighloadblock%2C25.100.0%2CN%3Biblock%2C25.300.0%2CN%3Bsocialservices%2C26.0.0%2CN%3Brest%2C26.0.0%2CN%3Bfileman%2C25.200.200%2CN%3Bforum%2C26.0.0%2CN%3Blanding%2C26.200.0%2CN%3Bclouds%2C25.100.0%2CN%3Bphotogallery%2C25.100.0%2CN%3Bform%2C26.0.0%2CN%3Bbitrixcloud%2C25.100.0%2CN%3Bsubscribe%2C25.0.0%2CN%3Bmessageservice%2C25.200.100%2CN%3Bui%2C26.150.0%2CN%3Blocation%2C25.400.0%2CN%3Bperfmon%2C25.300.0%2CN%3Bseo%2C25.100.400%2CN%3Bvote%2C26.0.0%2CN%3Btranslate%2C25.100.0%2CN%3Bsecurity%2C25.0.0%2CN%3Bbitrix.sitecorporate%2C26.0.0%2CN%3Bsearch%2C25.200.0%2CN&reqm=bitrix.sitecorporate&fullmoduleinfo=Y&SUPD_SRS=RU&SUPD_CMP=N
2026-06-15 12:14:42 -  - exec CUpdateClientPartner::GetHTTPPage
2026-06-15 12:14:42 -  - TIME GetUpdatesList(request) 0.137 sec
2026-06-15 12:14:42 -  - exec CUpdateClientPartner::ParseServerData
2026-06-15 12:14:45 -  - exec CUpdateClientPartner::GetUpdatesList
2026-06-15 12:14:45 -  - exec CUpdateClientPartner::__CollectRequestData
2026-06-15 12:14:45 -  - utf=Y&lang=ru&stable=Y&CANGZIP=Y&SUPD_DBS=MYSQL&XE=N&CLIENT_SITE=localhost&LICENSE_KEY=X&SUPD_STS=2&SUPD_URS=0&TYPENC=D&CLIENT_PHPVER=8.5.7&NGINX=Y&dbv=8.0.45&instm=main%2C26.150.0%2CY%3Bmobileapp%2C25.0.100%2CN%3Bblog%2C26.400.0%2CN%3Bb24connector%2C25.0.0%2CN%3Bhighloadblock%2C25.100.0%2CN%3Biblock%2C25.300.0%2CN%3Bsocialservices%2C26.0.0%2CN%3Brest%2C26.0.0%2CN%3Bfileman%2C25.200.200%2CN%3Bforum%2C26.0.0%2CN%3Blanding%2C26.200.0%2CN%3Bclouds%2C25.100.0%2CN%3Bphotogallery%2C25.100.0%2CN%3Bform%2C26.0.0%2CN%3Bbitrixcloud%2C25.100.0%2CN%3Bsubscribe%2C25.0.0%2CN%3Bmessageservice%2C25.200.100%2CN%3Bui%2C26.150.0%2CN%3Blocation%2C25.400.0%2CN%3Bperfmon%2C25.300.0%2CN%3Bseo%2C25.100.400%2CN%3Bvote%2C26.0.0%2CN%3Btranslate%2C25.100.0%2CN%3Bsecurity%2C25.0.0%2CN%3Bbitrix.sitecorporate%2C26.0.0%2CN%3Bsearch%2C25.200.0%2CN&reqm=bitrix.sitecorporate&fullmoduleinfo=Y&SUPD_SRS=RU&SUPD_CMP=N
2026-06-15 12:14:45 -  - exec CUpdateClientPartner::GetHTTPPage
2026-06-15 12:14:45 -  - TIME GetUpdatesList(request) 0.138 sec
2026-06-15 12:14:45 -  - exec CUpdateClientPartner::ParseServerData
2026-06-15 12:14:46 -  - exec CUpdateClientPartner::GetUpdatesList
2026-06-15 12:14:46 -  - exec CUpdateClientPartner::__CollectRequestData
2026-06-15 12:14:46 -  - utf=Y&lang=ru&stable=Y&CANGZIP=Y&SUPD_DBS=MYSQL&XE=N&CLIENT_SITE=localhost&LICENSE_KEY=X&SUPD_STS=2&SUPD_URS=0&TYPENC=D&CLIENT_PHPVER=8.5.7&NGINX=Y&dbv=8.0.45&instm=main%2C26.150.0%2CY%3Bmobileapp%2C25.0.100%2CN%3Bblog%2C26.400.0%2CN%3Bb24connector%2C25.0.0%2CN%3Bhighloadblock%2C25.100.0%2CN%3Biblock%2C25.300.0%2CN%3Bsocialservices%2C26.0.0%2CN%3Brest%2C26.0.0%2CN%3Bfileman%2C25.200.200%2CN%3Bforum%2C26.0.0%2CN%3Blanding%2C26.200.0%2CN%3Bclouds%2C25.100.0%2CN%3Bphotogallery%2C25.100.0%2CN%3Bform%2C26.0.0%2CN%3Bbitrixcloud%2C25.100.0%2CN%3Bsubscribe%2C25.0.0%2CN%3Bmessageservice%2C25.200.100%2CN%3Bui%2C26.150.0%2CN%3Blocation%2C25.400.0%2CN%3Bperfmon%2C25.300.0%2CN%3Bseo%2C25.100.400%2CN%3Bvote%2C26.0.0%2CN%3Btranslate%2C25.100.0%2CN%3Bsecurity%2C25.0.0%2CN%3Bbitrix.sitecorporate%2C26.0.0%2CN%3Bsearch%2C25.200.0%2CN&reqm=bitrix.sitecorporate&fullmoduleinfo=Y&SUPD_SRS=RU&SUPD_CMP=N
2026-06-15 12:14:46 -  - exec CUpdateClientPartner::GetHTTPPage
2026-06-15 12:14:46 -  - TIME GetUpdatesList(request) 0.148 sec
2026-06-15 12:14:46 -  - exec CUpdateClientPartner::ParseServerData
2026-06-15 12:14:49 -  - exec CUpdateClientPartner::GetUpdatesList
2026-06-15 12:14:49 -  - exec CUpdateClientPartner::__CollectRequestData
2026-06-15 12:14:49 -  - utf=Y&lang=ru&stable=Y&CANGZIP=Y&SUPD_DBS=MYSQL&XE=N&CLIENT_SITE=localhost&LICENSE_KEY=X&SUPD_STS=2&SUPD_URS=0&TYPENC=D&CLIENT_PHPVER=8.5.7&NGINX=Y&dbv=8.0.45&instm=main%2C26.150.0%2CY%3Bmobileapp%2C25.0.100%2CN%3Bblog%2C26.400.0%2CN%3Bb24connector%2C25.0.0%2CN%3Bhighloadblock%2C25.100.0%2CN%3Biblock%2C25.300.0%2CN%3Bsocialservices%2C26.0.0%2CN%3Brest%2C26.0.0%2CN%3Bfileman%2C25.200.200%2CN%3Bforum%2C26.0.0%2CN%3Blanding%2C26.200.0%2CN%3Bclouds%2C25.100.0%2CN%3Bphotogallery%2C25.100.0%2CN%3Bform%2C26.0.0%2CN%3Bbitrixcloud%2C25.100.0%2CN%3Bsubscribe%2C25.0.0%2CN%3Bmessageservice%2C25.200.100%2CN%3Bui%2C26.150.0%2CN%3Blocation%2C25.400.0%2CN%3Bperfmon%2C25.300.0%2CN%3Bseo%2C25.100.400%2CN%3Bvote%2C26.0.0%2CN%3Btranslate%2C25.100.0%2CN%3Bsecurity%2C25.0.0%2CN%3Bbitrix.sitecorporate%2C26.0.0%2CN%3Bsearch%2C25.200.0%2CN&reqm=bitrix.sitecorporate&fullmoduleinfo=Y&SUPD_SRS=RU&SUPD_CMP=N
2026-06-15 12:14:49 -  - exec CUpdateClientPartner::GetHTTPPage
2026-06-15 12:14:49 -  - TIME GetUpdatesList(request) 0.142 sec
2026-06-15 12:14:49 -  - exec CUpdateClientPartner::ParseServerData
2026-06-15 12:14:49 -  - exec CUpdateClientPartner::GetUpdatesList
2026-06-15 12:14:49 -  - exec CUpdateClientPartner::__CollectRequestData
2026-06-15 12:14:49 -  - utf=Y&lang=ru&stable=Y&CANGZIP=Y&SUPD_DBS=MYSQL&XE=N&CLIENT_SITE=localhost&LICENSE_KEY=X&SUPD_STS=2&SUPD_URS=0&TYPENC=D&CLIENT_PHPVER=8.5.7&NGINX=Y&dbv=8.0.45&instm=main%2C26.150.0%2CY%3Bmobileapp%2C25.0.100%2CN%3Bblog%2C26.400.0%2CN%3Bb24connector%2C25.0.0%2CN%3Bhighloadblock%2C25.100.0%2CN%3Biblock%2C25.300.0%2CN%3Bsocialservices%2C26.0.0%2CN%3Brest%2C26.0.0%2CN%3Bfileman%2C25.200.200%2CN%3Bforum%2C26.0.0%2CN%3Blanding%2C26.200.0%2CN%3Bclouds%2C25.100.0%2CN%3Bphotogallery%2C25.100.0%2CN%3Bform%2C26.0.0%2CN%3Bbitrixcloud%2C25.100.0%2CN%3Bsubscribe%2C25.0.0%2CN%3Bmessageservice%2C25.200.100%2CN%3Bui%2C26.150.0%2CN%3Blocation%2C25.400.0%2CN%3Bperfmon%2C25.300.0%2CN%3Bseo%2C25.100.400%2CN%3Bvote%2C26.0.0%2CN%3Btranslate%2C25.100.0%2CN%3Bsecurity%2C25.0.0%2CN%3Bbitrix.sitecorporate%2C26.0.0%2CN%3Bsearch%2C25.200.0%2CN&reqm=bitrix.sitecorporate&fullmoduleinfo=Y&SUPD_SRS=RU&SUPD_CMP=N
2026-06-15 12:14:49 -  - exec CUpdateClientPartner::GetHTTPPage
2026-06-15 12:14:49 -  - TIME GetUpdatesList(request) 0.145 sec
2026-06-15 12:14:49 -  - exec CUpdateClientPartner::ParseServerData
2026-06-15 12:21:57 -  - exec CUpdateClientPartner::GetUpdatesList
2026-06-15 12:21:57 -  - exec CUpdateClientPartner::__CollectRequestData
2026-06-15 12:21:57 -  - utf=Y&lang=ru&stable=Y&CANGZIP=Y&SUPD_DBS=MYSQL&XE=N&CLIENT_SITE=localhost&LICENSE_KEY=X&SUPD_STS=2&SUPD_URS=0&TYPENC=D&CLIENT_PHPVER=8.5.7&NGINX=Y&dbv=8.0.45&instm=main%2C26.150.0%2CY%3Bmobileapp%2C25.0.100%2CN%3Bblog%2C26.400.0%2CN%3Bb24connector%2C25.0.0%2CN%3Bhighloadblock%2C25.100.0%2CN%3Biblock%2C25.300.0%2CN%3Bsocialservices%2C26.0.0%2CN%3Brest%2C26.0.0%2CN%3Bfileman%2C25.200.200%2CN%3Bforum%2C26.0.0%2CN%3Blanding%2C26.200.0%2CN%3Bclouds%2C25.100.0%2CN%3Bphotogallery%2C25.100.0%2CN%3Bform%2C26.0.0%2CN%3Bbitrixcloud%2C25.100.0%2CN%3Bsubscribe%2C25.0.0%2CN%3Bmessageservice%2C25.200.100%2CN%3Bui%2C26.150.0%2CN%3Blocation%2C25.400.0%2CN%3Bperfmon%2C25.300.0%2CN%3Bseo%2C25.100.400%2CN%3Bvote%2C26.0.0%2CN%3Btranslate%2C25.100.0%2CN%3Bsecurity%2C25.0.0%2CN%3Bbitrix.sitecorporate%2C26.0.0%2CN%3Bsearch%2C25.200.0%2CN&reqm=bitrix.sitecorporate&fullmoduleinfo=Y&SUPD_SRS=RU&SUPD_CMP=N
2026-06-15 12:21:57 -  - exec CUpdateClientPartner::GetHTTPPage
2026-06-15 12:21:57 -  - TIME GetUpdatesList(request) 0.174 sec
2026-06-15 12:21:57 -  - exec CUpdateClientPartner::ParseServerData
2026-06-15 12:22:03 -  - exec CUpdateClientPartner::GetUpdatesList
2026-06-15 12:22:03 -  - exec CUpdateClientPartner::__CollectRequestData
2026-06-15 12:22:03 -  - utf=Y&lang=ru&stable=Y&CANGZIP=Y&SUPD_DBS=MYSQL&XE=N&CLIENT_SITE=localhost&LICENSE_KEY=X&SUPD_STS=2&SUPD_URS=0&TYPENC=D&CLIENT_PHPVER=8.5.7&NGINX=Y&dbv=8.0.45&instm=main%2C26.150.0%2CY%3Bmobileapp%2C25.0.100%2CN%3Bblog%2C26.400.0%2CN%3Bb24connector%2C25.0.0%2CN%3Bhighloadblock%2C25.100.0%2CN%3Biblock%2C25.300.0%2CN%3Bsocialservices%2C26.0.0%2CN%3Brest%2C26.0.0%2CN%3Bfileman%2C25.200.200%2CN%3Bforum%2C26.0.0%2CN%3Blanding%2C26.200.0%2CN%3Bclouds%2C25.100.0%2CN%3Bphotogallery%2C25.100.0%2CN%3Bform%2C26.0.0%2CN%3Bbitrixcloud%2C25.100.0%2CN%3Bsubscribe%2C25.0.0%2CN%3Bmessageservice%2C25.200.100%2CN%3Bui%2C26.150.0%2CN%3Blocation%2C25.400.0%2CN%3Bperfmon%2C25.300.0%2CN%3Bseo%2C25.100.400%2CN%3Bvote%2C26.0.0%2CN%3Btranslate%2C25.100.0%2CN%3Bsecurity%2C25.0.0%2CN%3Bbitrix.sitecorporate%2C26.0.0%2CN%3Bsearch%2C25.200.0%2CN&reqm=bitrix.sitecorporate&fullmoduleinfo=Y&SUPD_SRS=RU&SUPD_CMP=N
2026-06-15 12:22:03 -  - exec CUpdateClientPartner::GetHTTPPage
2026-06-15 12:22:04 -  - TIME GetUpdatesList(request) 0.173 sec
2026-06-15 12:22:04 -  - exec CUpdateClientPartner::ParseServerData
2026-06-15 12:22:11 -  - exec CUpdateClientPartner::GetUpdatesList
2026-06-15 12:22:11 -  - exec CUpdateClientPartner::__CollectRequestData
2026-06-15 12:22:11 -  - utf=Y&lang=ru&stable=Y&CANGZIP=Y&SUPD_DBS=MYSQL&XE=N&CLIENT_SITE=localhost&LICENSE_KEY=X&SUPD_STS=2&SUPD_URS=0&TYPENC=D&CLIENT_PHPVER=8.5.7&NGINX=Y&dbv=8.0.45&instm=main%2C26.150.0%2CY%3Bmobileapp%2C25.0.100%2CN%3Bblog%2C26.400.0%2CN%3Bb24connector%2C25.0.0%2CN%3Bhighloadblock%2C25.100.0%2CN%3Biblock%2C25.300.0%2CN%3Bsocialservices%2C26.0.0%2CN%3Brest%2C26.0.0%2CN%3Bfileman%2C25.200.200%2CN%3Bforum%2C26.0.0%2CN%3Blanding%2C26.200.0%2CN%3Bclouds%2C25.100.0%2CN%3Bphotogallery%2C25.100.0%2CN%3Bform%2C26.0.0%2CN%3Bbitrixcloud%2C25.100.0%2CN%3Bsubscribe%2C25.0.0%2CN%3Bmessageservice%2C25.200.100%2CN%3Bui%2C26.150.0%2CN%3Blocation%2C25.400.0%2CN%3Bperfmon%2C25.300.0%2CN%3Bseo%2C25.100.400%2CN%3Bvote%2C26.0.0%2CN%3Btranslate%2C25.100.0%2CN%3Bsecurity%2C25.0.0%2CN%3Bbitrix.sitecorporate%2C26.0.0%2CN%3Bsearch%2C25.200.0%2CN&reqm=bitrix.sitecorporate&fullmoduleinfo=Y&SUPD_SRS=RU&SUPD_CMP=N
2026-06-15 12:22:11 -  - exec CUpdateClientPartner::GetHTTPPage
2026-06-15 12:22:11 -  - TIME GetUpdatesList(request) 0.146 sec
2026-06-15 12:22:11 -  - exec CUpdateClientPartner::ParseServerData
2026-06-15 12:22:12 -  - exec CUpdateClientPartner::GetUpdatesList
2026-06-15 12:22:12 -  - exec CUpdateClientPartner::__CollectRequestData
2026-06-15 12:22:12 -  - utf=Y&lang=ru&stable=Y&CANGZIP=Y&SUPD_DBS=MYSQL&XE=N&CLIENT_SITE=localhost&LICENSE_KEY=X&SUPD_STS=2&SUPD_URS=0&TYPENC=D&CLIENT_PHPVER=8.5.7&NGINX=Y&dbv=8.0.45&instm=main%2C26.150.0%2CY%3Bmobileapp%2C25.0.100%2CN%3Bblog%2C26.400.0%2CN%3Bb24connector%2C25.0.0%2CN%3Bhighloadblock%2C25.100.0%2CN%3Biblock%2C25.300.0%2CN%3Bsocialservices%2C26.0.0%2CN%3Brest%2C26.0.0%2CN%3Bfileman%2C25.200.200%2CN%3Bforum%2C26.0.0%2CN%3Blanding%2C26.200.0%2CN%3Bclouds%2C25.100.0%2CN%3Bphotogallery%2C25.100.0%2CN%3Bform%2C26.0.0%2CN%3Bbitrixcloud%2C25.100.0%2CN%3Bsubscribe%2C25.0.0%2CN%3Bmessageservice%2C25.200.100%2CN%3Bui%2C26.150.0%2CN%3Blocation%2C25.400.0%2CN%3Bperfmon%2C25.300.0%2CN%3Bseo%2C25.100.400%2CN%3Bvote%2C26.0.0%2CN%3Btranslate%2C25.100.0%2CN%3Bsecurity%2C25.0.0%2CN%3Bbitrix.sitecorporate%2C26.0.0%2CN%3Bsearch%2C25.200.0%2CN&reqm=bitrix.sitecorporate&fullmoduleinfo=Y&SUPD_SRS=RU&SUPD_CMP=N
2026-06-15 12:22:12 -  - exec CUpdateClientPartner::GetHTTPPage
2026-06-15 12:22:12 -  - TIME GetUpdatesList(request) 0.156 sec
2026-06-15 12:22:12 -  - exec CUpdateClientPartner::ParseServerData
2026-06-15 12:22:13 -  - exec CUpdateClientPartner::GetUpdatesList
2026-06-15 12:22:13 -  - exec CUpdateClientPartner::__CollectRequestData
2026-06-15 12:22:13 -  - utf=Y&lang=ru&stable=Y&CANGZIP=Y&SUPD_DBS=MYSQL&XE=N&CLIENT_SITE=localhost&LICENSE_KEY=X&SUPD_STS=2&SUPD_URS=0&TYPENC=D&CLIENT_PHPVER=8.5.7&NGINX=Y&dbv=8.0.45&instm=main%2C26.150.0%2CY%3Bmobileapp%2C25.0.100%2CN%3Bblog%2C26.400.0%2CN%3Bb24connector%2C25.0.0%2CN%3Bhighloadblock%2C25.100.0%2CN%3Biblock%2C25.300.0%2CN%3Bsocialservices%2C26.0.0%2CN%3Brest%2C26.0.0%2CN%3Bfileman%2C25.200.200%2CN%3Bforum%2C26.0.0%2CN%3Blanding%2C26.200.0%2CN%3Bclouds%2C25.100.0%2CN%3Bphotogallery%2C25.100.0%2CN%3Bform%2C26.0.0%2CN%3Bbitrixcloud%2C25.100.0%2CN%3Bsubscribe%2C25.0.0%2CN%3Bmessageservice%2C25.200.100%2CN%3Bui%2C26.150.0%2CN%3Blocation%2C25.400.0%2CN%3Bperfmon%2C25.300.0%2CN%3Bseo%2C25.100.400%2CN%3Bvote%2C26.0.0%2CN%3Btranslate%2C25.100.0%2CN%3Bsecurity%2C25.0.0%2CN%3Bbitrix.sitecorporate%2C26.0.0%2CN%3Bsearch%2C25.200.0%2CN&reqm=bitrix.sitecorporate&fullmoduleinfo=Y&SUPD_SRS=RU&SUPD_CMP=N
2026-06-15 12:22:13 -  - exec CUpdateClientPartner::GetHTTPPage
2026-06-15 12:22:13 -  - TIME GetUpdatesList(request) 0.162 sec
2026-06-15 12:22:13 -  - exec CUpdateClientPartner::ParseServerData
2026-06-15 12:22:15 -  - exec CUpdateClientPartner::GetUpdatesList
2026-06-15 12:22:15 -  - exec CUpdateClientPartner::__CollectRequestData
2026-06-15 12:22:15 -  - utf=Y&lang=ru&stable=Y&CANGZIP=Y&SUPD_DBS=MYSQL&XE=N&CLIENT_SITE=localhost&LICENSE_KEY=X&SUPD_STS=2&SUPD_URS=0&TYPENC=D&CLIENT_PHPVER=8.5.7&NGINX=Y&dbv=8.0.45&instm=main%2C26.150.0%2CY%3Bmobileapp%2C25.0.100%2CN%3Bblog%2C26.400.0%2CN%3Bb24connector%2C25.0.0%2CN%3Bhighloadblock%2C25.100.0%2CN%3Biblock%2C25.300.0%2CN%3Bsocialservices%2C26.0.0%2CN%3Brest%2C26.0.0%2CN%3Bfileman%2C25.200.200%2CN%3Bforum%2C26.0.0%2CN%3Blanding%2C26.200.0%2CN%3Bclouds%2C25.100.0%2CN%3Bphotogallery%2C25.100.0%2CN%3Bform%2C26.0.0%2CN%3Bbitrixcloud%2C25.100.0%2CN%3Bsubscribe%2C25.0.0%2CN%3Bmessageservice%2C25.200.100%2CN%3Bui%2C26.150.0%2CN%3Blocation%2C25.400.0%2CN%3Bperfmon%2C25.300.0%2CN%3Bseo%2C25.100.400%2CN%3Bvote%2C26.0.0%2CN%3Btranslate%2C25.100.0%2CN%3Bsecurity%2C25.0.0%2CN%3Bbitrix.sitecorporate%2C26.0.0%2CN%3Bsearch%2C25.200.0%2CN&reqm=bitrix.sitecorporate&fullmoduleinfo=Y&SUPD_SRS=RU&SUPD_CMP=N
2026-06-15 12:22:15 -  - exec CUpdateClientPartner::GetHTTPPage
2026-06-15 12:22:16 -  - TIME GetUpdatesList(request) 0.178 sec
2026-06-15 12:22:16 -  - exec CUpdateClientPartner::ParseServerData
2026-06-15 12:22:17 -  - exec CUpdateClientPartner::GetUpdatesList
2026-06-15 12:22:17 -  - exec CUpdateClientPartner::__CollectRequestData
2026-06-15 12:22:17 -  - utf=Y&lang=ru&stable=Y&CANGZIP=Y&SUPD_DBS=MYSQL&XE=N&CLIENT_SITE=localhost&LICENSE_KEY=X&SUPD_STS=2&SUPD_URS=0&TYPENC=D&CLIENT_PHPVER=8.5.7&NGINX=Y&dbv=8.0.45&instm=main%2C26.150.0%2CY%3Bmobileapp%2C25.0.100%2CN%3Bblog%2C26.400.0%2CN%3Bb24connector%2C25.0.0%2CN%3Bhighloadblock%2C25.100.0%2CN%3Biblock%2C25.300.0%2CN%3Bsocialservices%2C26.0.0%2CN%3Brest%2C26.0.0%2CN%3Bfileman%2C25.200.200%2CN%3Bforum%2C26.0.0%2CN%3Blanding%2C26.200.0%2CN%3Bclouds%2C25.100.0%2CN%3Bphotogallery%2C25.100.0%2CN%3Bform%2C26.0.0%2CN%3Bbitrixcloud%2C25.100.0%2CN%3Bsubscribe%2C25.0.0%2CN%3Bmessageservice%2C25.200.100%2CN%3Bui%2C26.150.0%2CN%3Blocation%2C25.400.0%2CN%3Bperfmon%2C25.300.0%2CN%3Bseo%2C25.100.400%2CN%3Bvote%2C26.0.0%2CN%3Btranslate%2C25.100.0%2CN%3Bsecurity%2C25.0.0%2CN%3Bbitrix.sitecorporate%2C26.0.0%2CN%3Bsearch%2C25.200.0%2CN&reqm=bitrix.sitecorporate&fullmoduleinfo=Y&SUPD_SRS=RU&SUPD_CMP=N
2026-06-15 12:22:17 -  - exec CUpdateClientPartner::GetHTTPPage
2026-06-15 12:22:18 -  - TIME GetUpdatesList(request) 0.132 sec
2026-06-15 12:22:18 -  - exec CUpdateClientPartner::ParseServerData
2026-06-15 12:22:18 -  - exec CUpdateClientPartner::GetUpdatesList
2026-06-15 12:22:18 -  - exec CUpdateClientPartner::__CollectRequestData
2026-06-15 12:22:18 -  - utf=Y&lang=ru&stable=Y&CANGZIP=Y&SUPD_DBS=MYSQL&XE=N&CLIENT_SITE=localhost&LICENSE_KEY=X&SUPD_STS=2&SUPD_URS=0&TYPENC=D&CLIENT_PHPVER=8.5.7&NGINX=Y&dbv=8.0.45&instm=main%2C26.150.0%2CY%3Bmobileapp%2C25.0.100%2CN%3Bblog%2C26.400.0%2CN%3Bb24connector%2C25.0.0%2CN%3Bhighloadblock%2C25.100.0%2CN%3Biblock%2C25.300.0%2CN%3Bsocialservices%2C26.0.0%2CN%3Brest%2C26.0.0%2CN%3Bfileman%2C25.200.200%2CN%3Bforum%2C26.0.0%2CN%3Blanding%2C26.200.0%2CN%3Bclouds%2C25.100.0%2CN%3Bphotogallery%2C25.100.0%2CN%3Bform%2C26.0.0%2CN%3Bbitrixcloud%2C25.100.0%2CN%3Bsubscribe%2C25.0.0%2CN%3Bmessageservice%2C25.200.100%2CN%3Bui%2C26.150.0%2CN%3Blocation%2C25.400.0%2CN%3Bperfmon%2C25.300.0%2CN%3Bseo%2C25.100.400%2CN%3Bvote%2C26.0.0%2CN%3Btranslate%2C25.100.0%2CN%3Bsecurity%2C25.0.0%2CN%3Bbitrix.sitecorporate%2C26.0.0%2CN%3Bsearch%2C25.200.0%2CN&reqm=bitrix.sitecorporate&fullmoduleinfo=Y&SUPD_SRS=RU&SUPD_CMP=N
2026-06-15 12:22:18 -  - exec CUpdateClientPartner::GetHTTPPage
2026-06-15 12:22:18 -  - TIME GetUpdatesList(request) 0.174 sec
2026-06-15 12:22:18 -  - exec CUpdateClientPartner::ParseServerData
2026-06-15 12:22:19 -  - exec CUpdateClientPartner::GetUpdatesList
2026-06-15 12:22:19 -  - exec CUpdateClientPartner::__CollectRequestData
2026-06-15 12:22:19 -  - utf=Y&lang=ru&stable=Y&CANGZIP=Y&SUPD_DBS=MYSQL&XE=N&CLIENT_SITE=localhost&LICENSE_KEY=X&SUPD_STS=2&SUPD_URS=0&TYPENC=D&CLIENT_PHPVER=8.5.7&NGINX=Y&dbv=8.0.45&instm=main%2C26.150.0%2CY%3Bmobileapp%2C25.0.100%2CN%3Bblog%2C26.400.0%2CN%3Bb24connector%2C25.0.0%2CN%3Bhighloadblock%2C25.100.0%2CN%3Biblock%2C25.300.0%2CN%3Bsocialservices%2C26.0.0%2CN%3Brest%2C26.0.0%2CN%3Bfileman%2C25.200.200%2CN%3Bforum%2C26.0.0%2CN%3Blanding%2C26.200.0%2CN%3Bclouds%2C25.100.0%2CN%3Bphotogallery%2C25.100.0%2CN%3Bform%2C26.0.0%2CN%3Bbitrixcloud%2C25.100.0%2CN%3Bsubscribe%2C25.0.0%2CN%3Bmessageservice%2C25.200.100%2CN%3Bui%2C26.150.0%2CN%3Blocation%2C25.400.0%2CN%3Bperfmon%2C25.300.0%2CN%3Bseo%2C25.100.400%2CN%3Bvote%2C26.0.0%2CN%3Btranslate%2C25.100.0%2CN%3Bsecurity%2C25.0.0%2CN%3Bbitrix.sitecorporate%2C26.0.0%2CN%3Bsearch%2C25.200.0%2CN&reqm=bitrix.sitecorporate&fullmoduleinfo=Y&SUPD_SRS=RU&SUPD_CMP=N
2026-06-15 12:22:19 -  - exec CUpdateClientPartner::GetHTTPPage
2026-06-15 12:22:19 -  - TIME GetUpdatesList(request) 0.144 sec
2026-06-15 12:22:19 -  - exec CUpdateClientPartner::ParseServerData
2026-06-15 12:22:28 -  - exec CUpdateClientPartner::GetUpdatesList
2026-06-15 12:22:28 -  - exec CUpdateClientPartner::__CollectRequestData
2026-06-15 12:22:28 -  - utf=Y&lang=ru&stable=Y&CANGZIP=Y&SUPD_DBS=MYSQL&XE=N&CLIENT_SITE=localhost&LICENSE_KEY=X&SUPD_STS=2&SUPD_URS=0&TYPENC=D&CLIENT_PHPVER=8.5.7&NGINX=Y&dbv=8.0.45&instm=main%2C26.150.0%2CY%3Bmobileapp%2C25.0.100%2CN%3Bblog%2C26.400.0%2CN%3Bb24connector%2C25.0.0%2CN%3Bhighloadblock%2C25.100.0%2CN%3Biblock%2C25.300.0%2CN%3Bsocialservices%2C26.0.0%2CN%3Brest%2C26.0.0%2CN%3Bfileman%2C25.200.200%2CN%3Bforum%2C26.0.0%2CN%3Blanding%2C26.200.0%2CN%3Bclouds%2C25.100.0%2CN%3Bphotogallery%2C25.100.0%2CN%3Bform%2C26.0.0%2CN%3Bbitrixcloud%2C25.100.0%2CN%3Bsubscribe%2C25.0.0%2CN%3Bmessageservice%2C25.200.100%2CN%3Bui%2C26.150.0%2CN%3Blocation%2C25.400.0%2CN%3Bperfmon%2C25.300.0%2CN%3Bseo%2C25.100.400%2CN%3Bvote%2C26.0.0%2CN%3Btranslate%2C25.100.0%2CN%3Bsecurity%2C25.0.0%2CN%3Bbitrix.sitecorporate%2C26.0.0%2CN%3Bsearch%2C25.200.0%2CN&reqm=bitrix.sitecorporate&fullmoduleinfo=Y&SUPD_SRS=RU&SUPD_CMP=N
2026-06-15 12:22:28 -  - exec CUpdateClientPartner::GetHTTPPage
2026-06-15 12:22:28 -  - TIME GetUpdatesList(request) 0.149 sec
2026-06-15 12:22:28 -  - exec CUpdateClientPartner::ParseServerData
2026-06-15 12:22:31 -  - exec CUpdateClientPartner::GetUpdatesList
2026-06-15 12:22:31 -  - exec CUpdateClientPartner::__CollectRequestData
2026-06-15 12:22:31 -  - utf=Y&lang=ru&stable=Y&CANGZIP=Y&SUPD_DBS=MYSQL&XE=N&CLIENT_SITE=localhost&LICENSE_KEY=X&SUPD_STS=2&SUPD_URS=0&TYPENC=D&CLIENT_PHPVER=8.5.7&NGINX=Y&dbv=8.0.45&instm=main%2C26.150.0%2CY%3Bmobileapp%2C25.0.100%2CN%3Bblog%2C26.400.0%2CN%3Bb24connector%2C25.0.0%2CN%3Bhighloadblock%2C25.100.0%2CN%3Biblock%2C25.300.0%2CN%3Bsocialservices%2C26.0.0%2CN%3Brest%2C26.0.0%2CN%3Bfileman%2C25.200.200%2CN%3Bforum%2C26.0.0%2CN%3Blanding%2C26.200.0%2CN%3Bclouds%2C25.100.0%2CN%3Bphotogallery%2C25.100.0%2CN%3Bform%2C26.0.0%2CN%3Bbitrixcloud%2C25.100.0%2CN%3Bsubscribe%2C25.0.0%2CN%3Bmessageservice%2C25.200.100%2CN%3Bui%2C26.150.0%2CN%3Blocation%2C25.400.0%2CN%3Bperfmon%2C25.300.0%2CN%3Bseo%2C25.100.400%2CN%3Bvote%2C26.0.0%2CN%3Btranslate%2C25.100.0%2CN%3Bsecurity%2C25.0.0%2CN%3Bbitrix.sitecorporate%2C26.0.0%2CN%3Bsearch%2C25.200.0%2CN&reqm=bitrix.sitecorporate&fullmoduleinfo=Y&SUPD_SRS=RU&SUPD_CMP=N
2026-06-15 12:22:31 -  - exec CUpdateClientPartner::GetHTTPPage
2026-06-15 12:22:31 -  - TIME GetUpdatesList(request) 0.167 sec
2026-06-15 12:22:31 -  - exec CUpdateClientPartner::ParseServerData
2026-06-15 12:22:32 -  - exec CUpdateClientPartner::GetUpdatesList
2026-06-15 12:22:32 -  - exec CUpdateClientPartner::__CollectRequestData
2026-06-15 12:22:32 -  - utf=Y&lang=ru&stable=Y&CANGZIP=Y&SUPD_DBS=MYSQL&XE=N&CLIENT_SITE=localhost&LICENSE_KEY=X&SUPD_STS=2&SUPD_URS=0&TYPENC=D&CLIENT_PHPVER=8.5.7&NGINX=Y&dbv=8.0.45&instm=main%2C26.150.0%2CY%3Bmobileapp%2C25.0.100%2CN%3Bblog%2C26.400.0%2CN%3Bb24connector%2C25.0.0%2CN%3Bhighloadblock%2C25.100.0%2CN%3Biblock%2C25.300.0%2CN%3Bsocialservices%2C26.0.0%2CN%3Brest%2C26.0.0%2CN%3Bfileman%2C25.200.200%2CN%3Bforum%2C26.0.0%2CN%3Blanding%2C26.200.0%2CN%3Bclouds%2C25.100.0%2CN%3Bphotogallery%2C25.100.0%2CN%3Bform%2C26.0.0%2CN%3Bbitrixcloud%2C25.100.0%2CN%3Bsubscribe%2C25.0.0%2CN%3Bmessageservice%2C25.200.100%2CN%3Bui%2C26.150.0%2CN%3Blocation%2C25.400.0%2CN%3Bperfmon%2C25.300.0%2CN%3Bseo%2C25.100.400%2CN%3Bvote%2C26.0.0%2CN%3Btranslate%2C25.100.0%2CN%3Bsecurity%2C25.0.0%2CN%3Bbitrix.sitecorporate%2C26.0.0%2CN%3Bsearch%2C25.200.0%2CN&reqm=bitrix.sitecorporate&fullmoduleinfo=Y&SUPD_SRS=RU&SUPD_CMP=N
2026-06-15 12:22:32 -  - exec CUpdateClientPartner::GetHTTPPage
2026-06-15 12:22:32 -  - TIME GetUpdatesList(request) 0.171 sec
2026-06-15 12:22:32 -  - exec CUpdateClientPartner::ParseServerData
2026-06-15 12:22:39 -  - exec CUpdateClientPartner::GetUpdatesList
2026-06-15 12:22:39 -  - exec CUpdateClientPartner::__CollectRequestData
2026-06-15 12:22:39 -  - utf=Y&lang=ru&stable=Y&CANGZIP=Y&SUPD_DBS=MYSQL&XE=N&CLIENT_SITE=localhost&LICENSE_KEY=X&SUPD_STS=2&SUPD_URS=0&TYPENC=D&CLIENT_PHPVER=8.5.7&NGINX=Y&dbv=8.0.45&instm=main%2C26.150.0%2CY%3Bmobileapp%2C25.0.100%2CN%3Bblog%2C26.400.0%2CN%3Bb24connector%2C25.0.0%2CN%3Bhighloadblock%2C25.100.0%2CN%3Biblock%2C25.300.0%2CN%3Bsocialservices%2C26.0.0%2CN%3Brest%2C26.0.0%2CN%3Bfileman%2C25.200.200%2CN%3Bforum%2C26.0.0%2CN%3Blanding%2C26.200.0%2CN%3Bclouds%2C25.100.0%2CN%3Bphotogallery%2C25.100.0%2CN%3Bform%2C26.0.0%2CN%3Bbitrixcloud%2C25.100.0%2CN%3Bsubscribe%2C25.0.0%2CN%3Bmessageservice%2C25.200.100%2CN%3Bui%2C26.150.0%2CN%3Blocation%2C25.400.0%2CN%3Bperfmon%2C25.300.0%2CN%3Bseo%2C25.100.400%2CN%3Bvote%2C26.0.0%2CN%3Btranslate%2C25.100.0%2CN%3Bsecurity%2C25.0.0%2CN%3Bbitrix.sitecorporate%2C26.0.0%2CN%3Bsearch%2C25.200.0%2CN&reqm=bitrix.sitecorporate&fullmoduleinfo=Y&SUPD_SRS=RU&SUPD_CMP=N
2026-06-15 12:22:39 -  - exec CUpdateClientPartner::GetHTTPPage
2026-06-15 12:22:40 -  - TIME GetUpdatesList(request) 0.161 sec
2026-06-15 12:22:40 -  - exec CUpdateClientPartner::ParseServerData
2026-06-15 12:22:40 -  - exec CUpdateClientPartner::GetUpdatesList
2026-06-15 12:22:40 -  - exec CUpdateClientPartner::__CollectRequestData
2026-06-15 12:22:40 -  - utf=Y&lang=ru&stable=Y&CANGZIP=Y&SUPD_DBS=MYSQL&XE=N&CLIENT_SITE=localhost&LICENSE_KEY=X&SUPD_STS=2&SUPD_URS=0&TYPENC=D&CLIENT_PHPVER=8.5.7&NGINX=Y&dbv=8.0.45&instm=main%2C26.150.0%2CY%3Bmobileapp%2C25.0.100%2CN%3Bblog%2C26.400.0%2CN%3Bb24connector%2C25.0.0%2CN%3Bhighloadblock%2C25.100.0%2CN%3Biblock%2C25.300.0%2CN%3Bsocialservices%2C26.0.0%2CN%3Brest%2C26.0.0%2CN%3Bfileman%2C25.200.200%2CN%3Bforum%2C26.0.0%2CN%3Blanding%2C26.200.0%2CN%3Bclouds%2C25.100.0%2CN%3Bphotogallery%2C25.100.0%2CN%3Bform%2C26.0.0%2CN%3Bbitrixcloud%2C25.100.0%2CN%3Bsubscribe%2C25.0.0%2CN%3Bmessageservice%2C25.200.100%2CN%3Bui%2C26.150.0%2CN%3Blocation%2C25.400.0%2CN%3Bperfmon%2C25.300.0%2CN%3Bseo%2C25.100.400%2CN%3Bvote%2C26.0.0%2CN%3Btranslate%2C25.100.0%2CN%3Bsecurity%2C25.0.0%2CN%3Bbitrix.sitecorporate%2C26.0.0%2CN%3Bsearch%2C25.200.0%2CN&reqm=bitrix.sitecorporate&fullmoduleinfo=Y&SUPD_SRS=RU&SUPD_CMP=N
2026-06-15 12:22:40 -  - exec CUpdateClientPartner::GetHTTPPage
2026-06-15 12:22:40 -  - TIME GetUpdatesList(request) 0.13 sec
2026-06-15 12:22:40 -  - exec CUpdateClientPartner::ParseServerData
2026-06-15 12:24:28 -  - exec CUpdateClientPartner::GetUpdatesList
2026-06-15 12:24:28 -  - exec CUpdateClientPartner::__CollectRequestData
2026-06-15 12:24:28 -  - utf=Y&lang=ru&stable=Y&CANGZIP=Y&SUPD_DBS=MYSQL&XE=N&CLIENT_SITE=localhost&LICENSE_KEY=X&SUPD_STS=2&SUPD_URS=0&TYPENC=D&CLIENT_PHPVER=8.5.7&NGINX=Y&dbv=8.0.45&instm=main%2C26.150.0%2CY%3Bmobileapp%2C25.0.100%2CN%3Bblog%2C26.400.0%2CN%3Bb24connector%2C25.0.0%2CN%3Bhighloadblock%2C25.100.0%2CN%3Biblock%2C25.300.0%2CN%3Bsocialservices%2C26.0.0%2CN%3Brest%2C26.0.0%2CN%3Bfileman%2C25.200.200%2CN%3Bforum%2C26.0.0%2CN%3Blanding%2C26.200.0%2CN%3Bclouds%2C25.100.0%2CN%3Bphotogallery%2C25.100.0%2CN%3Bform%2C26.0.0%2CN%3Bbitrixcloud%2C25.100.0%2CN%3Bsubscribe%2C25.0.0%2CN%3Bmessageservice%2C25.200.100%2CN%3Bui%2C26.150.0%2CN%3Blocation%2C25.400.0%2CN%3Bperfmon%2C25.300.0%2CN%3Bseo%2C25.100.400%2CN%3Bvote%2C26.0.0%2CN%3Btranslate%2C25.100.0%2CN%3Bsecurity%2C25.0.0%2CN%3Bbitrix.sitecorporate%2C26.0.0%2CN%3Bsearch%2C25.200.0%2CN&reqm=bitrix.sitecorporate&fullmoduleinfo=Y&SUPD_SRS=RU&SUPD_CMP=N
2026-06-15 12:24:28 -  - exec CUpdateClientPartner::GetHTTPPage
2026-06-15 12:24:28 -  - TIME GetUpdatesList(request) 0.165 sec
2026-06-15 12:24:28 -  - exec CUpdateClientPartner::ParseServerData
2026-06-15 12:24:28 -  - exec CUpdateClientPartner::GetUpdatesList
2026-06-15 12:24:28 -  - exec CUpdateClientPartner::__CollectRequestData
2026-06-15 12:24:28 -  - utf=Y&lang=ru&stable=Y&CANGZIP=Y&SUPD_DBS=MYSQL&XE=N&CLIENT_SITE=localhost&LICENSE_KEY=X&SUPD_STS=2&SUPD_URS=0&TYPENC=D&CLIENT_PHPVER=8.5.7&NGINX=Y&dbv=8.0.45&instm=main%2C26.150.0%2CY%3Bmobileapp%2C25.0.100%2CN%3Bblog%2C26.400.0%2CN%3Bb24connector%2C25.0.0%2CN%3Bhighloadblock%2C25.100.0%2CN%3Biblock%2C25.300.0%2CN%3Bsocialservices%2C26.0.0%2CN%3Brest%2C26.0.0%2CN%3Bfileman%2C25.200.200%2CN%3Bforum%2C26.0.0%2CN%3Blanding%2C26.200.0%2CN%3Bclouds%2C25.100.0%2CN%3Bphotogallery%2C25.100.0%2CN%3Bform%2C26.0.0%2CN%3Bbitrixcloud%2C25.100.0%2CN%3Bsubscribe%2C25.0.0%2CN%3Bmessageservice%2C25.200.100%2CN%3Bui%2C26.150.0%2CN%3Blocation%2C25.400.0%2CN%3Bperfmon%2C25.300.0%2CN%3Bseo%2C25.100.400%2CN%3Bvote%2C26.0.0%2CN%3Btranslate%2C25.100.0%2CN%3Bsecurity%2C25.0.0%2CN%3Bbitrix.sitecorporate%2C26.0.0%2CN%3Bsearch%2C25.200.0%2CN&reqm=bitrix.sitecorporate&fullmoduleinfo=Y&SUPD_SRS=RU&SUPD_CMP=N
2026-06-15 12:24:28 -  - exec CUpdateClientPartner::GetHTTPPage
2026-06-15 12:24:29 -  - TIME GetUpdatesList(request) 0.148 sec
2026-06-15 12:24:29 -  - exec CUpdateClientPartner::ParseServerData
2026-06-15 12:24:29 -  - exec CUpdateClientPartner::GetUpdatesList
2026-06-15 12:24:29 -  - exec CUpdateClientPartner::__CollectRequestData
2026-06-15 12:24:29 -  - utf=Y&lang=ru&stable=Y&CANGZIP=Y&SUPD_DBS=MYSQL&XE=N&CLIENT_SITE=localhost&LICENSE_KEY=X&SUPD_STS=2&SUPD_URS=0&TYPENC=D&CLIENT_PHPVER=8.5.7&NGINX=Y&dbv=8.0.45&instm=main%2C26.150.0%2CY%3Bmobileapp%2C25.0.100%2CN%3Bblog%2C26.400.0%2CN%3Bb24connector%2C25.0.0%2CN%3Bhighloadblock%2C25.100.0%2CN%3Biblock%2C25.300.0%2CN%3Bsocialservices%2C26.0.0%2CN%3Brest%2C26.0.0%2CN%3Bfileman%2C25.200.200%2CN%3Bforum%2C26.0.0%2CN%3Blanding%2C26.200.0%2CN%3Bclouds%2C25.100.0%2CN%3Bphotogallery%2C25.100.0%2CN%3Bform%2C26.0.0%2CN%3Bbitrixcloud%2C25.100.0%2CN%3Bsubscribe%2C25.0.0%2CN%3Bmessageservice%2C25.200.100%2CN%3Bui%2C26.150.0%2CN%3Blocation%2C25.400.0%2CN%3Bperfmon%2C25.300.0%2CN%3Bseo%2C25.100.400%2CN%3Bvote%2C26.0.0%2CN%3Btranslate%2C25.100.0%2CN%3Bsecurity%2C25.0.0%2CN%3Bbitrix.sitecorporate%2C26.0.0%2CN%3Bsearch%2C25.200.0%2CN&reqm=bitrix.sitecorporate&fullmoduleinfo=Y&SUPD_SRS=RU&SUPD_CMP=N
2026-06-15 12:24:29 -  - exec CUpdateClientPartner::GetHTTPPage
2026-06-15 12:24:29 -  - TIME GetUpdatesList(request) 0.141 sec
2026-06-15 12:24:29 -  - exec CUpdateClientPartner::ParseServerData
2026-06-15 12:24:31 -  - exec CUpdateClientPartner::GetUpdatesList
2026-06-15 12:24:31 -  - exec CUpdateClientPartner::__CollectRequestData
2026-06-15 12:24:31 -  - utf=Y&lang=ru&stable=Y&CANGZIP=Y&SUPD_DBS=MYSQL&XE=N&CLIENT_SITE=localhost&LICENSE_KEY=X&SUPD_STS=2&SUPD_URS=0&TYPENC=D&CLIENT_PHPVER=8.5.7&NGINX=Y&dbv=8.0.45&instm=main%2C26.150.0%2CY%3Bmobileapp%2C25.0.100%2CN%3Bblog%2C26.400.0%2CN%3Bb24connector%2C25.0.0%2CN%3Bhighloadblock%2C25.100.0%2CN%3Biblock%2C25.300.0%2CN%3Bsocialservices%2C26.0.0%2CN%3Brest%2C26.0.0%2CN%3Bfileman%2C25.200.200%2CN%3Bforum%2C26.0.0%2CN%3Blanding%2C26.200.0%2CN%3Bclouds%2C25.100.0%2CN%3Bphotogallery%2C25.100.0%2CN%3Bform%2C26.0.0%2CN%3Bbitrixcloud%2C25.100.0%2CN%3Bsubscribe%2C25.0.0%2CN%3Bmessageservice%2C25.200.100%2CN%3Bui%2C26.150.0%2CN%3Blocation%2C25.400.0%2CN%3Bperfmon%2C25.300.0%2CN%3Bseo%2C25.100.400%2CN%3Bvote%2C26.0.0%2CN%3Btranslate%2C25.100.0%2CN%3Bsecurity%2C25.0.0%2CN%3Bbitrix.sitecorporate%2C26.0.0%2CN%3Bsearch%2C25.200.0%2CN&reqm=bitrix.sitecorporate&fullmoduleinfo=Y&SUPD_SRS=RU&SUPD_CMP=N
2026-06-15 12:24:31 -  - exec CUpdateClientPartner::GetHTTPPage
2026-06-15 12:24:31 -  - TIME GetUpdatesList(request) 0.141 sec
2026-06-15 12:24:31 -  - exec CUpdateClientPartner::ParseServerData
2026-06-15 12:24:33 -  - exec CUpdateClientPartner::GetUpdatesList
2026-06-15 12:24:33 -  - exec CUpdateClientPartner::__CollectRequestData
2026-06-15 12:24:33 -  - utf=Y&lang=ru&stable=Y&CANGZIP=Y&SUPD_DBS=MYSQL&XE=N&CLIENT_SITE=localhost&LICENSE_KEY=X&SUPD_STS=2&SUPD_URS=0&TYPENC=D&CLIENT_PHPVER=8.5.7&NGINX=Y&dbv=8.0.45&instm=main%2C26.150.0%2CY%3Bmobileapp%2C25.0.100%2CN%3Bblog%2C26.400.0%2CN%3Bb24connector%2C25.0.0%2CN%3Bhighloadblock%2C25.100.0%2CN%3Biblock%2C25.300.0%2CN%3Bsocialservices%2C26.0.0%2CN%3Brest%2C26.0.0%2CN%3Bfileman%2C25.200.200%2CN%3Bforum%2C26.0.0%2CN%3Blanding%2C26.200.0%2CN%3Bclouds%2C25.100.0%2CN%3Bphotogallery%2C25.100.0%2CN%3Bform%2C26.0.0%2CN%3Bbitrixcloud%2C25.100.0%2CN%3Bsubscribe%2C25.0.0%2CN%3Bmessageservice%2C25.200.100%2CN%3Bui%2C26.150.0%2CN%3Blocation%2C25.400.0%2CN%3Bperfmon%2C25.300.0%2CN%3Bseo%2C25.100.400%2CN%3Bvote%2C26.0.0%2CN%3Btranslate%2C25.100.0%2CN%3Bsecurity%2C25.0.0%2CN%3Bbitrix.sitecorporate%2C26.0.0%2CN%3Bsearch%2C25.200.0%2CN&reqm=bitrix.sitecorporate&fullmoduleinfo=Y&SUPD_SRS=RU&SUPD_CMP=N
2026-06-15 12:24:33 -  - exec CUpdateClientPartner::GetHTTPPage
2026-06-15 12:24:33 -  - TIME GetUpdatesList(request) 0.148 sec
2026-06-15 12:24:33 -  - exec CUpdateClientPartner::ParseServerData
2026-06-15 12:24:34 -  - exec CUpdateClientPartner::GetUpdatesList
2026-06-15 12:24:34 -  - exec CUpdateClientPartner::__CollectRequestData
2026-06-15 12:24:34 -  - utf=Y&lang=ru&stable=Y&CANGZIP=Y&SUPD_DBS=MYSQL&XE=N&CLIENT_SITE=localhost&LICENSE_KEY=X&SUPD_STS=2&SUPD_URS=0&TYPENC=D&CLIENT_PHPVER=8.5.7&NGINX=Y&dbv=8.0.45&instm=main%2C26.150.0%2CY%3Bmobileapp%2C25.0.100%2CN%3Bblog%2C26.400.0%2CN%3Bb24connector%2C25.0.0%2CN%3Bhighloadblock%2C25.100.0%2CN%3Biblock%2C25.300.0%2CN%3Bsocialservices%2C26.0.0%2CN%3Brest%2C26.0.0%2CN%3Bfileman%2C25.200.200%2CN%3Bforum%2C26.0.0%2CN%3Blanding%2C26.200.0%2CN%3Bclouds%2C25.100.0%2CN%3Bphotogallery%2C25.100.0%2CN%3Bform%2C26.0.0%2CN%3Bbitrixcloud%2C25.100.0%2CN%3Bsubscribe%2C25.0.0%2CN%3Bmessageservice%2C25.200.100%2CN%3Bui%2C26.150.0%2CN%3Blocation%2C25.400.0%2CN%3Bperfmon%2C25.300.0%2CN%3Bseo%2C25.100.400%2CN%3Bvote%2C26.0.0%2CN%3Btranslate%2C25.100.0%2CN%3Bsecurity%2C25.0.0%2CN%3Bbitrix.sitecorporate%2C26.0.0%2CN%3Bsearch%2C25.200.0%2CN&reqm=bitrix.sitecorporate&fullmoduleinfo=Y&SUPD_SRS=RU&SUPD_CMP=N
2026-06-15 12:24:34 -  - exec CUpdateClientPartner::GetHTTPPage
2026-06-15 12:24:35 -  - TIME GetUpdatesList(request) 0.935 sec
2026-06-15 12:24:35 -  - exec CUpdateClientPartner::ParseServerData
2026-06-15 12:24:37 -  - exec CUpdateClientPartner::GetUpdatesList
2026-06-15 12:24:37 -  - exec CUpdateClientPartner::__CollectRequestData
2026-06-15 12:24:37 -  - utf=Y&lang=ru&stable=Y&CANGZIP=Y&SUPD_DBS=MYSQL&XE=N&CLIENT_SITE=localhost&LICENSE_KEY=X&SUPD_STS=2&SUPD_URS=0&TYPENC=D&CLIENT_PHPVER=8.5.7&NGINX=Y&dbv=8.0.45&instm=main%2C26.150.0%2CY%3Bmobileapp%2C25.0.100%2CN%3Bblog%2C26.400.0%2CN%3Bb24connector%2C25.0.0%2CN%3Bhighloadblock%2C25.100.0%2CN%3Biblock%2C25.300.0%2CN%3Bsocialservices%2C26.0.0%2CN%3Brest%2C26.0.0%2CN%3Bfileman%2C25.200.200%2CN%3Bforum%2C26.0.0%2CN%3Blanding%2C26.200.0%2CN%3Bclouds%2C25.100.0%2CN%3Bphotogallery%2C25.100.0%2CN%3Bform%2C26.0.0%2CN%3Bbitrixcloud%2C25.100.0%2CN%3Bsubscribe%2C25.0.0%2CN%3Bmessageservice%2C25.200.100%2CN%3Bui%2C26.150.0%2CN%3Blocation%2C25.400.0%2CN%3Bperfmon%2C25.300.0%2CN%3Bseo%2C25.100.400%2CN%3Bvote%2C26.0.0%2CN%3Btranslate%2C25.100.0%2CN%3Bsecurity%2C25.0.0%2CN%3Bbitrix.sitecorporate%2C26.0.0%2CN%3Bsearch%2C25.200.0%2CN&reqm=bitrix.sitecorporate&fullmoduleinfo=Y&SUPD_SRS=RU&SUPD_CMP=N
2026-06-15 12:24:37 -  - exec CUpdateClientPartner::GetHTTPPage
2026-06-15 12:24:37 -  - TIME GetUpdatesList(request) 0.136 sec
2026-06-15 12:24:37 -  - exec CUpdateClientPartner::ParseServerData
2026-06-15 12:25:48 -  - exec CUpdateClientPartner::GetUpdatesList
2026-06-15 12:25:48 -  - exec CUpdateClientPartner::__CollectRequestData
2026-06-15 12:25:48 -  - utf=Y&lang=ru&stable=Y&CANGZIP=Y&SUPD_DBS=MYSQL&XE=N&CLIENT_SITE=localhost&LICENSE_KEY=X&SUPD_STS=2&SUPD_URS=0&TYPENC=D&CLIENT_PHPVER=8.5.7&NGINX=Y&dbv=8.0.45&instm=main%2C26.150.0%2CY%3Bmobileapp%2C25.0.100%2CN%3Bblog%2C26.400.0%2CN%3Bb24connector%2C25.0.0%2CN%3Bhighloadblock%2C25.100.0%2CN%3Biblock%2C25.300.0%2CN%3Bsocialservices%2C26.0.0%2CN%3Brest%2C26.0.0%2CN%3Bfileman%2C25.200.200%2CN%3Bforum%2C26.0.0%2CN%3Blanding%2C26.200.0%2CN%3Bclouds%2C25.100.0%2CN%3Bphotogallery%2C25.100.0%2CN%3Bform%2C26.0.0%2CN%3Bbitrixcloud%2C25.100.0%2CN%3Bsubscribe%2C25.0.0%2CN%3Bmessageservice%2C25.200.100%2CN%3Bui%2C26.150.0%2CN%3Blocation%2C25.400.0%2CN%3Bperfmon%2C25.300.0%2CN%3Bseo%2C25.100.400%2CN%3Bvote%2C26.0.0%2CN%3Btranslate%2C25.100.0%2CN%3Bsecurity%2C25.0.0%2CN%3Bbitrix.sitecorporate%2C26.0.0%2CN%3Bsearch%2C25.200.0%2CN&reqm=bitrix.sitecorporate&fullmoduleinfo=Y&SUPD_SRS=RU&SUPD_CMP=N
2026-06-15 12:25:48 -  - exec CUpdateClientPartner::GetHTTPPage
2026-06-15 12:25:49 -  - TIME GetUpdatesList(request) 0.163 sec
2026-06-15 12:25:49 -  - exec CUpdateClientPartner::ParseServerData
2026-06-15 12:25:51 -  - exec CUpdateClientPartner::GetUpdatesList
2026-06-15 12:25:51 -  - exec CUpdateClientPartner::__CollectRequestData
2026-06-15 12:25:51 -  - utf=Y&lang=ru&stable=Y&CANGZIP=Y&SUPD_DBS=MYSQL&XE=N&CLIENT_SITE=localhost&LICENSE_KEY=X&SUPD_STS=2&SUPD_URS=0&TYPENC=D&CLIENT_PHPVER=8.5.7&NGINX=Y&dbv=8.0.45&instm=main%2C26.150.0%2CY%3Bmobileapp%2C25.0.100%2CN%3Bblog%2C26.400.0%2CN%3Bb24connector%2C25.0.0%2CN%3Bhighloadblock%2C25.100.0%2CN%3Biblock%2C25.300.0%2CN%3Bsocialservices%2C26.0.0%2CN%3Brest%2C26.0.0%2CN%3Bfileman%2C25.200.200%2CN%3Bforum%2C26.0.0%2CN%3Blanding%2C26.200.0%2CN%3Bclouds%2C25.100.0%2CN%3Bphotogallery%2C25.100.0%2CN%3Bform%2C26.0.0%2CN%3Bbitrixcloud%2C25.100.0%2CN%3Bsubscribe%2C25.0.0%2CN%3Bmessageservice%2C25.200.100%2CN%3Bui%2C26.150.0%2CN%3Blocation%2C25.400.0%2CN%3Bperfmon%2C25.300.0%2CN%3Bseo%2C25.100.400%2CN%3Bvote%2C26.0.0%2CN%3Btranslate%2C25.100.0%2CN%3Bsecurity%2C25.0.0%2CN%3Bbitrix.sitecorporate%2C26.0.0%2CN%3Bsearch%2C25.200.0%2CN&reqm=bitrix.sitecorporate&fullmoduleinfo=Y&SUPD_SRS=RU&SUPD_CMP=N
2026-06-15 12:25:51 -  - exec CUpdateClientPartner::GetHTTPPage
2026-06-15 12:25:51 -  - TIME GetUpdatesList(request) 0.135 sec
2026-06-15 12:25:51 -  - exec CUpdateClientPartner::ParseServerData
2026-06-15 12:25:53 -  - exec CUpdateClientPartner::GetUpdatesList
2026-06-15 12:25:53 -  - exec CUpdateClientPartner::__CollectRequestData
2026-06-15 12:25:53 -  - utf=Y&lang=ru&stable=Y&CANGZIP=Y&SUPD_DBS=MYSQL&XE=N&CLIENT_SITE=localhost&LICENSE_KEY=X&SUPD_STS=2&SUPD_URS=0&TYPENC=D&CLIENT_PHPVER=8.5.7&NGINX=Y&dbv=8.0.45&instm=main%2C26.150.0%2CY%3Bmobileapp%2C25.0.100%2CN%3Bblog%2C26.400.0%2CN%3Bb24connector%2C25.0.0%2CN%3Bhighloadblock%2C25.100.0%2CN%3Biblock%2C25.300.0%2CN%3Bsocialservices%2C26.0.0%2CN%3Brest%2C26.0.0%2CN%3Bfileman%2C25.200.200%2CN%3Bforum%2C26.0.0%2CN%3Blanding%2C26.200.0%2CN%3Bclouds%2C25.100.0%2CN%3Bphotogallery%2C25.100.0%2CN%3Bform%2C26.0.0%2CN%3Bbitrixcloud%2C25.100.0%2CN%3Bsubscribe%2C25.0.0%2CN%3Bmessageservice%2C25.200.100%2CN%3Bui%2C26.150.0%2CN%3Blocation%2C25.400.0%2CN%3Bperfmon%2C25.300.0%2CN%3Bseo%2C25.100.400%2CN%3Bvote%2C26.0.0%2CN%3Btranslate%2C25.100.0%2CN%3Bsecurity%2C25.0.0%2CN%3Bbitrix.sitecorporate%2C26.0.0%2CN%3Bsearch%2C25.200.0%2CN&reqm=bitrix.sitecorporate&fullmoduleinfo=Y&SUPD_SRS=RU&SUPD_CMP=N
2026-06-15 12:25:53 -  - exec CUpdateClientPartner::GetHTTPPage
2026-06-15 12:25:53 -  - TIME GetUpdatesList(request) 0.16 sec
2026-06-15 12:25:53 -  - exec CUpdateClientPartner::ParseServerData
2026-06-15 12:25:54 -  - exec CUpdateClientPartner::GetUpdatesList
2026-06-15 12:25:54 -  - exec CUpdateClientPartner::__CollectRequestData
2026-06-15 12:25:54 -  - utf=Y&lang=ru&stable=Y&CANGZIP=Y&SUPD_DBS=MYSQL&XE=N&CLIENT_SITE=localhost&LICENSE_KEY=X&SUPD_STS=2&SUPD_URS=0&TYPENC=D&CLIENT_PHPVER=8.5.7&NGINX=Y&dbv=8.0.45&instm=main%2C26.150.0%2CY%3Bmobileapp%2C25.0.100%2CN%3Bblog%2C26.400.0%2CN%3Bb24connector%2C25.0.0%2CN%3Bhighloadblock%2C25.100.0%2CN%3Biblock%2C25.300.0%2CN%3Bsocialservices%2C26.0.0%2CN%3Brest%2C26.0.0%2CN%3Bfileman%2C25.200.200%2CN%3Bforum%2C26.0.0%2CN%3Blanding%2C26.200.0%2CN%3Bclouds%2C25.100.0%2CN%3Bphotogallery%2C25.100.0%2CN%3Bform%2C26.0.0%2CN%3Bbitrixcloud%2C25.100.0%2CN%3Bsubscribe%2C25.0.0%2CN%3Bmessageservice%2C25.200.100%2CN%3Bui%2C26.150.0%2CN%3Blocation%2C25.400.0%2CN%3Bperfmon%2C25.300.0%2CN%3Bseo%2C25.100.400%2CN%3Bvote%2C26.0.0%2CN%3Btranslate%2C25.100.0%2CN%3Bsecurity%2C25.0.0%2CN%3Bbitrix.sitecorporate%2C26.0.0%2CN%3Bsearch%2C25.200.0%2CN&reqm=bitrix.sitecorporate&fullmoduleinfo=Y&SUPD_SRS=RU&SUPD_CMP=N
2026-06-15 12:25:54 -  - exec CUpdateClientPartner::GetHTTPPage
2026-06-15 12:25:54 -  - TIME GetUpdatesList(request) 0.145 sec
2026-06-15 12:25:54 -  - exec CUpdateClientPartner::ParseServerData
2026-06-15 12:26:10 -  - exec CUpdateClientPartner::GetUpdatesList
2026-06-15 12:26:10 -  - exec CUpdateClientPartner::__CollectRequestData
2026-06-15 12:26:10 -  - utf=Y&lang=ru&stable=Y&CANGZIP=Y&SUPD_DBS=MYSQL&XE=N&CLIENT_SITE=localhost&LICENSE_KEY=X&SUPD_STS=2&SUPD_URS=0&TYPENC=D&CLIENT_PHPVER=8.5.7&NGINX=Y&dbv=8.0.45&instm=main%2C26.150.0%2CY%3Bmobileapp%2C25.0.100%2CN%3Bblog%2C26.400.0%2CN%3Bb24connector%2C25.0.0%2CN%3Bhighloadblock%2C25.100.0%2CN%3Biblock%2C25.300.0%2CN%3Bsocialservices%2C26.0.0%2CN%3Brest%2C26.0.0%2CN%3Bfileman%2C25.200.200%2CN%3Bforum%2C26.0.0%2CN%3Blanding%2C26.200.0%2CN%3Bclouds%2C25.100.0%2CN%3Bphotogallery%2C25.100.0%2CN%3Bform%2C26.0.0%2CN%3Bbitrixcloud%2C25.100.0%2CN%3Bsubscribe%2C25.0.0%2CN%3Bmessageservice%2C25.200.100%2CN%3Bui%2C26.150.0%2CN%3Blocation%2C25.400.0%2CN%3Bperfmon%2C25.300.0%2CN%3Bseo%2C25.100.400%2CN%3Bvote%2C26.0.0%2CN%3Btranslate%2C25.100.0%2CN%3Bsecurity%2C25.0.0%2CN%3Bbitrix.sitecorporate%2C26.0.0%2CN%3Bsearch%2C25.200.0%2CN&reqm=bitrix.sitecorporate&fullmoduleinfo=Y&SUPD_SRS=RU&SUPD_CMP=N
2026-06-15 12:26:10 -  - exec CUpdateClientPartner::GetHTTPPage
2026-06-15 12:26:11 -  - TIME GetUpdatesList(request) 0.156 sec
2026-06-15 12:26:11 -  - exec CUpdateClientPartner::ParseServerData
2026-06-15 12:26:11 -  - exec CUpdateClientPartner::GetUpdatesList
2026-06-15 12:26:11 -  - exec CUpdateClientPartner::__CollectRequestData
2026-06-15 12:26:11 -  - utf=Y&lang=ru&stable=Y&CANGZIP=Y&SUPD_DBS=MYSQL&XE=N&CLIENT_SITE=localhost&LICENSE_KEY=X&SUPD_STS=2&SUPD_URS=0&TYPENC=D&CLIENT_PHPVER=8.5.7&NGINX=Y&dbv=8.0.45&instm=main%2C26.150.0%2CY%3Bmobileapp%2C25.0.100%2CN%3Bblog%2C26.400.0%2CN%3Bb24connector%2C25.0.0%2CN%3Bhighloadblock%2C25.100.0%2CN%3Biblock%2C25.300.0%2CN%3Bsocialservices%2C26.0.0%2CN%3Brest%2C26.0.0%2CN%3Bfileman%2C25.200.200%2CN%3Bforum%2C26.0.0%2CN%3Blanding%2C26.200.0%2CN%3Bclouds%2C25.100.0%2CN%3Bphotogallery%2C25.100.0%2CN%3Bform%2C26.0.0%2CN%3Bbitrixcloud%2C25.100.0%2CN%3Bsubscribe%2C25.0.0%2CN%3Bmessageservice%2C25.200.100%2CN%3Bui%2C26.150.0%2CN%3Blocation%2C25.400.0%2CN%3Bperfmon%2C25.300.0%2CN%3Bseo%2C25.100.400%2CN%3Bvote%2C26.0.0%2CN%3Btranslate%2C25.100.0%2CN%3Bsecurity%2C25.0.0%2CN%3Bbitrix.sitecorporate%2C26.0.0%2CN%3Bsearch%2C25.200.0%2CN&reqm=bitrix.sitecorporate&fullmoduleinfo=Y&SUPD_SRS=RU&SUPD_CMP=N
2026-06-15 12:26:11 -  - exec CUpdateClientPartner::GetHTTPPage
2026-06-15 12:26:11 -  - TIME GetUpdatesList(request) 0.177 sec
2026-06-15 12:26:11 -  - exec CUpdateClientPartner::ParseServerData
2026-06-15 12:26:23 -  - exec CUpdateClientPartner::GetUpdatesList
2026-06-15 12:26:23 -  - exec CUpdateClientPartner::__CollectRequestData
2026-06-15 12:26:23 -  - utf=Y&lang=ru&stable=Y&CANGZIP=Y&SUPD_DBS=MYSQL&XE=N&CLIENT_SITE=localhost&LICENSE_KEY=X&SUPD_STS=2&SUPD_URS=0&TYPENC=D&CLIENT_PHPVER=8.5.7&NGINX=Y&dbv=8.0.45&instm=main%2C26.150.0%2CY%3Bmobileapp%2C25.0.100%2CN%3Bblog%2C26.400.0%2CN%3Bb24connector%2C25.0.0%2CN%3Bhighloadblock%2C25.100.0%2CN%3Biblock%2C25.300.0%2CN%3Bsocialservices%2C26.0.0%2CN%3Brest%2C26.0.0%2CN%3Bfileman%2C25.200.200%2CN%3Bforum%2C26.0.0%2CN%3Blanding%2C26.200.0%2CN%3Bclouds%2C25.100.0%2CN%3Bphotogallery%2C25.100.0%2CN%3Bform%2C26.0.0%2CN%3Bbitrixcloud%2C25.100.0%2CN%3Bsubscribe%2C25.0.0%2CN%3Bmessageservice%2C25.200.100%2CN%3Bui%2C26.150.0%2CN%3Blocation%2C25.400.0%2CN%3Bperfmon%2C25.300.0%2CN%3Bseo%2C25.100.400%2CN%3Bvote%2C26.0.0%2CN%3Btranslate%2C25.100.0%2CN%3Bsecurity%2C25.0.0%2CN%3Bbitrix.sitecorporate%2C26.0.0%2CN%3Bsearch%2C25.200.0%2CN&reqm=bitrix.sitecorporate&fullmoduleinfo=Y&SUPD_SRS=RU&SUPD_CMP=N
2026-06-15 12:26:23 -  - exec CUpdateClientPartner::GetHTTPPage
2026-06-15 12:26:23 -  - TIME GetUpdatesList(request) 0.165 sec
2026-06-15 12:26:23 -  - exec CUpdateClientPartner::ParseServerData
2026-06-15 12:26:23 -  - exec CUpdateClientPartner::GetUpdatesList
2026-06-15 12:26:23 -  - exec CUpdateClientPartner::__CollectRequestData
2026-06-15 12:26:23 -  - utf=Y&lang=ru&stable=Y&CANGZIP=Y&SUPD_DBS=MYSQL&XE=N&CLIENT_SITE=localhost&LICENSE_KEY=X&SUPD_STS=2&SUPD_URS=0&TYPENC=D&CLIENT_PHPVER=8.5.7&NGINX=Y&dbv=8.0.45&instm=main%2C26.150.0%2CY%3Bmobileapp%2C25.0.100%2CN%3Bblog%2C26.400.0%2CN%3Bb24connector%2C25.0.0%2CN%3Bhighloadblock%2C25.100.0%2CN%3Biblock%2C25.300.0%2CN%3Bsocialservices%2C26.0.0%2CN%3Brest%2C26.0.0%2CN%3Bfileman%2C25.200.200%2CN%3Bforum%2C26.0.0%2CN%3Blanding%2C26.200.0%2CN%3Bclouds%2C25.100.0%2CN%3Bphotogallery%2C25.100.0%2CN%3Bform%2C26.0.0%2CN%3Bbitrixcloud%2C25.100.0%2CN%3Bsubscribe%2C25.0.0%2CN%3Bmessageservice%2C25.200.100%2CN%3Bui%2C26.150.0%2CN%3Blocation%2C25.400.0%2CN%3Bperfmon%2C25.300.0%2CN%3Bseo%2C25.100.400%2CN%3Bvote%2C26.0.0%2CN%3Btranslate%2C25.100.0%2CN%3Bsecurity%2C25.0.0%2CN%3Bbitrix.sitecorporate%2C26.0.0%2CN%3Bsearch%2C25.200.0%2CN&reqm=bitrix.sitecorporate&fullmoduleinfo=Y&SUPD_SRS=RU&SUPD_CMP=N
2026-06-15 12:26:23 -  - exec CUpdateClientPartner::GetHTTPPage
2026-06-15 12:26:24 -  - TIME GetUpdatesList(request) 0.168 sec
2026-06-15 12:26:24 -  - exec CUpdateClientPartner::ParseServerData
2026-06-15 12:26:24 -  - exec CUpdateClientPartner::GetUpdatesList
2026-06-15 12:26:24 -  - exec CUpdateClientPartner::__CollectRequestData
2026-06-15 12:26:24 -  - utf=Y&lang=ru&stable=Y&CANGZIP=Y&SUPD_DBS=MYSQL&XE=N&CLIENT_SITE=localhost&LICENSE_KEY=X&SUPD_STS=2&SUPD_URS=0&TYPENC=D&CLIENT_PHPVER=8.5.7&NGINX=Y&dbv=8.0.45&instm=main%2C26.150.0%2CY%3Bmobileapp%2C25.0.100%2CN%3Bblog%2C26.400.0%2CN%3Bb24connector%2C25.0.0%2CN%3Bhighloadblock%2C25.100.0%2CN%3Biblock%2C25.300.0%2CN%3Bsocialservices%2C26.0.0%2CN%3Brest%2C26.0.0%2CN%3Bfileman%2C25.200.200%2CN%3Bforum%2C26.0.0%2CN%3Blanding%2C26.200.0%2CN%3Bclouds%2C25.100.0%2CN%3Bphotogallery%2C25.100.0%2CN%3Bform%2C26.0.0%2CN%3Bbitrixcloud%2C25.100.0%2CN%3Bsubscribe%2C25.0.0%2CN%3Bmessageservice%2C25.200.100%2CN%3Bui%2C26.150.0%2CN%3Blocation%2C25.400.0%2CN%3Bperfmon%2C25.300.0%2CN%3Bseo%2C25.100.400%2CN%3Bvote%2C26.0.0%2CN%3Btranslate%2C25.100.0%2CN%3Bsecurity%2C25.0.0%2CN%3Bbitrix.sitecorporate%2C26.0.0%2CN%3Bsearch%2C25.200.0%2CN&reqm=bitrix.sitecorporate&fullmoduleinfo=Y&SUPD_SRS=RU&SUPD_CMP=N
2026-06-15 12:26:24 -  - exec CUpdateClientPartner::GetHTTPPage
2026-06-15 12:26:24 -  - TIME GetUpdatesList(request) 0.15 sec
2026-06-15 12:26:24 -  - exec CUpdateClientPartner::ParseServerData
2026-06-15 12:27:33 -  - exec CUpdateClientPartner::GetUpdatesList
2026-06-15 12:27:33 -  - exec CUpdateClientPartner::__CollectRequestData
2026-06-15 12:27:33 -  - utf=Y&lang=ru&stable=Y&CANGZIP=Y&SUPD_DBS=MYSQL&XE=N&CLIENT_SITE=localhost&LICENSE_KEY=X&SUPD_STS=2&SUPD_URS=0&TYPENC=D&CLIENT_PHPVER=8.5.7&NGINX=Y&dbv=8.0.45&instm=main%2C26.150.0%2CY%3Bmobileapp%2C25.0.100%2CN%3Bblog%2C26.400.0%2CN%3Bb24connector%2C25.0.0%2CN%3Bhighloadblock%2C25.100.0%2CN%3Biblock%2C25.300.0%2CN%3Bsocialservices%2C26.0.0%2CN%3Brest%2C26.0.0%2CN%3Bfileman%2C25.200.200%2CN%3Bforum%2C26.0.0%2CN%3Blanding%2C26.200.0%2CN%3Bclouds%2C25.100.0%2CN%3Bphotogallery%2C25.100.0%2CN%3Bform%2C26.0.0%2CN%3Bbitrixcloud%2C25.100.0%2CN%3Bsubscribe%2C25.0.0%2CN%3Bmessageservice%2C25.200.100%2CN%3Bui%2C26.150.0%2CN%3Blocation%2C25.400.0%2CN%3Bperfmon%2C25.300.0%2CN%3Bseo%2C25.100.400%2CN%3Bvote%2C26.0.0%2CN%3Btranslate%2C25.100.0%2CN%3Bsecurity%2C25.0.0%2CN%3Bbitrix.sitecorporate%2C26.0.0%2CN%3Bsearch%2C25.200.0%2CN&reqm=bitrix.sitecorporate&fullmoduleinfo=Y&SUPD_SRS=RU&SUPD_CMP=N
2026-06-15 12:27:33 -  - exec CUpdateClientPartner::GetHTTPPage
2026-06-15 12:27:33 -  - TIME GetUpdatesList(request) 0.157 sec
2026-06-15 12:27:33 -  - exec CUpdateClientPartner::ParseServerData
2026-06-15 12:27:33 -  - exec CUpdateClientPartner::GetUpdatesList
2026-06-15 12:27:33 -  - exec CUpdateClientPartner::__CollectRequestData
2026-06-15 12:27:33 -  - utf=Y&lang=ru&stable=Y&CANGZIP=Y&SUPD_DBS=MYSQL&XE=N&CLIENT_SITE=localhost&LICENSE_KEY=X&SUPD_STS=2&SUPD_URS=0&TYPENC=D&CLIENT_PHPVER=8.5.7&NGINX=Y&dbv=8.0.45&instm=main%2C26.150.0%2CY%3Bmobileapp%2C25.0.100%2CN%3Bblog%2C26.400.0%2CN%3Bb24connector%2C25.0.0%2CN%3Bhighloadblock%2C25.100.0%2CN%3Biblock%2C25.300.0%2CN%3Bsocialservices%2C26.0.0%2CN%3Brest%2C26.0.0%2CN%3Bfileman%2C25.200.200%2CN%3Bforum%2C26.0.0%2CN%3Blanding%2C26.200.0%2CN%3Bclouds%2C25.100.0%2CN%3Bphotogallery%2C25.100.0%2CN%3Bform%2C26.0.0%2CN%3Bbitrixcloud%2C25.100.0%2CN%3Bsubscribe%2C25.0.0%2CN%3Bmessageservice%2C25.200.100%2CN%3Bui%2C26.150.0%2CN%3Blocation%2C25.400.0%2CN%3Bperfmon%2C25.300.0%2CN%3Bseo%2C25.100.400%2CN%3Bvote%2C26.0.0%2CN%3Btranslate%2C25.100.0%2CN%3Bsecurity%2C25.0.0%2CN%3Bbitrix.sitecorporate%2C26.0.0%2CN%3Bsearch%2C25.200.0%2CN&reqm=bitrix.sitecorporate&fullmoduleinfo=Y&SUPD_SRS=RU&SUPD_CMP=N
2026-06-15 12:27:33 -  - exec CUpdateClientPartner::GetHTTPPage
2026-06-15 12:27:33 -  - TIME GetUpdatesList(request) 0.168 sec
2026-06-15 12:27:33 -  - exec CUpdateClientPartner::ParseServerData
2026-06-15 12:27:33 -  - exec CUpdateClientPartner::GetUpdatesList
2026-06-15 12:27:33 -  - exec CUpdateClientPartner::__CollectRequestData
2026-06-15 12:27:33 -  - utf=Y&lang=ru&stable=Y&CANGZIP=Y&SUPD_DBS=MYSQL&XE=N&CLIENT_SITE=localhost&LICENSE_KEY=X&SUPD_STS=2&SUPD_URS=0&TYPENC=D&CLIENT_PHPVER=8.5.7&NGINX=Y&dbv=8.0.45&instm=main%2C26.150.0%2CY%3Bmobileapp%2C25.0.100%2CN%3Bblog%2C26.400.0%2CN%3Bb24connector%2C25.0.0%2CN%3Bhighloadblock%2C25.100.0%2CN%3Biblock%2C25.300.0%2CN%3Bsocialservices%2C26.0.0%2CN%3Brest%2C26.0.0%2CN%3Bfileman%2C25.200.200%2CN%3Bforum%2C26.0.0%2CN%3Blanding%2C26.200.0%2CN%3Bclouds%2C25.100.0%2CN%3Bphotogallery%2C25.100.0%2CN%3Bform%2C26.0.0%2CN%3Bbitrixcloud%2C25.100.0%2CN%3Bsubscribe%2C25.0.0%2CN%3Bmessageservice%2C25.200.100%2CN%3Bui%2C26.150.0%2CN%3Blocation%2C25.400.0%2CN%3Bperfmon%2C25.300.0%2CN%3Bseo%2C25.100.400%2CN%3Bvote%2C26.0.0%2CN%3Btranslate%2C25.100.0%2CN%3Bsecurity%2C25.0.0%2CN%3Bbitrix.sitecorporate%2C26.0.0%2CN%3Bsearch%2C25.200.0%2CN&reqm=bitrix.sitecorporate&fullmoduleinfo=Y&SUPD_SRS=RU&SUPD_CMP=N
2026-06-15 12:27:33 -  - exec CUpdateClientPartner::GetHTTPPage
2026-06-15 12:27:34 -  - TIME GetUpdatesList(request) 0.178 sec
2026-06-15 12:27:34 -  - exec CUpdateClientPartner::ParseServerData
2026-06-15 12:27:34 -  - exec CUpdateClientPartner::GetUpdatesList
2026-06-15 12:27:34 -  - exec CUpdateClientPartner::__CollectRequestData
2026-06-15 12:27:34 -  - utf=Y&lang=ru&stable=Y&CANGZIP=Y&SUPD_DBS=MYSQL&XE=N&CLIENT_SITE=localhost&LICENSE_KEY=X&SUPD_STS=2&SUPD_URS=0&TYPENC=D&CLIENT_PHPVER=8.5.7&NGINX=Y&dbv=8.0.45&instm=main%2C26.150.0%2CY%3Bmobileapp%2C25.0.100%2CN%3Bblog%2C26.400.0%2CN%3Bb24connector%2C25.0.0%2CN%3Bhighloadblock%2C25.100.0%2CN%3Biblock%2C25.300.0%2CN%3Bsocialservices%2C26.0.0%2CN%3Brest%2C26.0.0%2CN%3Bfileman%2C25.200.200%2CN%3Bforum%2C26.0.0%2CN%3Blanding%2C26.200.0%2CN%3Bclouds%2C25.100.0%2CN%3Bphotogallery%2C25.100.0%2CN%3Bform%2C26.0.0%2CN%3Bbitrixcloud%2C25.100.0%2CN%3Bsubscribe%2C25.0.0%2CN%3Bmessageservice%2C25.200.100%2CN%3Bui%2C26.150.0%2CN%3Blocation%2C25.400.0%2CN%3Bperfmon%2C25.300.0%2CN%3Bseo%2C25.100.400%2CN%3Bvote%2C26.0.0%2CN%3Btranslate%2C25.100.0%2CN%3Bsecurity%2C25.0.0%2CN%3Bbitrix.sitecorporate%2C26.0.0%2CN%3Bsearch%2C25.200.0%2CN&reqm=bitrix.sitecorporate&fullmoduleinfo=Y&SUPD_SRS=RU&SUPD_CMP=N
2026-06-15 12:27:34 -  - exec CUpdateClientPartner::GetHTTPPage
2026-06-15 12:27:34 -  - TIME GetUpdatesList(request) 0.14 sec
2026-06-15 12:27:34 -  - exec CUpdateClientPartner::ParseServerData
2026-06-15 12:27:39 -  - exec CUpdateClientPartner::GetUpdatesList
2026-06-15 12:27:39 -  - exec CUpdateClientPartner::__CollectRequestData
2026-06-15 12:27:39 -  - utf=Y&lang=ru&stable=Y&CANGZIP=Y&SUPD_DBS=MYSQL&XE=N&CLIENT_SITE=localhost&LICENSE_KEY=X&SUPD_STS=2&SUPD_URS=0&TYPENC=D&CLIENT_PHPVER=8.5.7&NGINX=Y&dbv=8.0.45&instm=main%2C26.150.0%2CY%3Bmobileapp%2C25.0.100%2CN%3Bblog%2C26.400.0%2CN%3Bb24connector%2C25.0.0%2CN%3Bhighloadblock%2C25.100.0%2CN%3Biblock%2C25.300.0%2CN%3Bsocialservices%2C26.0.0%2CN%3Brest%2C26.0.0%2CN%3Bfileman%2C25.200.200%2CN%3Bforum%2C26.0.0%2CN%3Blanding%2C26.200.0%2CN%3Bclouds%2C25.100.0%2CN%3Bphotogallery%2C25.100.0%2CN%3Bform%2C26.0.0%2CN%3Bbitrixcloud%2C25.100.0%2CN%3Bsubscribe%2C25.0.0%2CN%3Bmessageservice%2C25.200.100%2CN%3Bui%2C26.150.0%2CN%3Blocation%2C25.400.0%2CN%3Bperfmon%2C25.300.0%2CN%3Bseo%2C25.100.400%2CN%3Bvote%2C26.0.0%2CN%3Btranslate%2C25.100.0%2CN%3Bsecurity%2C25.0.0%2CN%3Bbitrix.sitecorporate%2C26.0.0%2CN%3Bsearch%2C25.200.0%2CN&reqm=bitrix.sitecorporate&fullmoduleinfo=Y&SUPD_SRS=RU&SUPD_CMP=N
2026-06-15 12:27:39 -  - exec CUpdateClientPartner::GetHTTPPage
2026-06-15 12:27:39 -  - TIME GetUpdatesList(request) 0.144 sec
2026-06-15 12:27:39 -  - exec CUpdateClientPartner::ParseServerData
2026-06-15 12:27:40 -  - exec CUpdateClientPartner::GetUpdatesList
2026-06-15 12:27:40 -  - exec CUpdateClientPartner::__CollectRequestData
2026-06-15 12:27:40 -  - utf=Y&lang=ru&stable=Y&CANGZIP=Y&SUPD_DBS=MYSQL&XE=N&CLIENT_SITE=localhost&LICENSE_KEY=X&SUPD_STS=2&SUPD_URS=0&TYPENC=D&CLIENT_PHPVER=8.5.7&NGINX=Y&dbv=8.0.45&instm=main%2C26.150.0%2CY%3Bmobileapp%2C25.0.100%2CN%3Bblog%2C26.400.0%2CN%3Bb24connector%2C25.0.0%2CN%3Bhighloadblock%2C25.100.0%2CN%3Biblock%2C25.300.0%2CN%3Bsocialservices%2C26.0.0%2CN%3Brest%2C26.0.0%2CN%3Bfileman%2C25.200.200%2CN%3Bforum%2C26.0.0%2CN%3Blanding%2C26.200.0%2CN%3Bclouds%2C25.100.0%2CN%3Bphotogallery%2C25.100.0%2CN%3Bform%2C26.0.0%2CN%3Bbitrixcloud%2C25.100.0%2CN%3Bsubscribe%2C25.0.0%2CN%3Bmessageservice%2C25.200.100%2CN%3Bui%2C26.150.0%2CN%3Blocation%2C25.400.0%2CN%3Bperfmon%2C25.300.0%2CN%3Bseo%2C25.100.400%2CN%3Bvote%2C26.0.0%2CN%3Btranslate%2C25.100.0%2CN%3Bsecurity%2C25.0.0%2CN%3Bbitrix.sitecorporate%2C26.0.0%2CN%3Bsearch%2C25.200.0%2CN&reqm=bitrix.sitecorporate&fullmoduleinfo=Y&SUPD_SRS=RU&SUPD_CMP=N
2026-06-15 12:27:40 -  - exec CUpdateClientPartner::GetHTTPPage
2026-06-15 12:27:40 -  - TIME GetUpdatesList(request) 0.153 sec
2026-06-15 12:27:40 -  - exec CUpdateClientPartner::ParseServerData
2026-06-15 12:27:41 -  - exec CUpdateClientPartner::GetUpdatesList
2026-06-15 12:27:41 -  - exec CUpdateClientPartner::__CollectRequestData
2026-06-15 12:27:41 -  - utf=Y&lang=ru&stable=Y&CANGZIP=Y&SUPD_DBS=MYSQL&XE=N&CLIENT_SITE=localhost&LICENSE_KEY=X&SUPD_STS=2&SUPD_URS=0&TYPENC=D&CLIENT_PHPVER=8.5.7&NGINX=Y&dbv=8.0.45&instm=main%2C26.150.0%2CY%3Bmobileapp%2C25.0.100%2CN%3Bblog%2C26.400.0%2CN%3Bb24connector%2C25.0.0%2CN%3Bhighloadblock%2C25.100.0%2CN%3Biblock%2C25.300.0%2CN%3Bsocialservices%2C26.0.0%2CN%3Brest%2C26.0.0%2CN%3Bfileman%2C25.200.200%2CN%3Bforum%2C26.0.0%2CN%3Blanding%2C26.200.0%2CN%3Bclouds%2C25.100.0%2CN%3Bphotogallery%2C25.100.0%2CN%3Bform%2C26.0.0%2CN%3Bbitrixcloud%2C25.100.0%2CN%3Bsubscribe%2C25.0.0%2CN%3Bmessageservice%2C25.200.100%2CN%3Bui%2C26.150.0%2CN%3Blocation%2C25.400.0%2CN%3Bperfmon%2C25.300.0%2CN%3Bseo%2C25.100.400%2CN%3Bvote%2C26.0.0%2CN%3Btranslate%2C25.100.0%2CN%3Bsecurity%2C25.0.0%2CN%3Bbitrix.sitecorporate%2C26.0.0%2CN%3Bsearch%2C25.200.0%2CN&reqm=bitrix.sitecorporate&fullmoduleinfo=Y&SUPD_SRS=RU&SUPD_CMP=N
2026-06-15 12:27:41 -  - exec CUpdateClientPartner::GetHTTPPage
2026-06-15 12:27:41 -  - TIME GetUpdatesList(request) 0.159 sec
2026-06-15 12:27:41 -  - exec CUpdateClientPartner::ParseServerData
2026-06-15 12:27:41 -  - exec CUpdateClientPartner::GetUpdatesList
2026-06-15 12:27:41 -  - exec CUpdateClientPartner::__CollectRequestData
2026-06-15 12:27:41 -  - utf=Y&lang=ru&stable=Y&CANGZIP=Y&SUPD_DBS=MYSQL&XE=N&CLIENT_SITE=localhost&LICENSE_KEY=X&SUPD_STS=2&SUPD_URS=0&TYPENC=D&CLIENT_PHPVER=8.5.7&NGINX=Y&dbv=8.0.45&instm=main%2C26.150.0%2CY%3Bmobileapp%2C25.0.100%2CN%3Bblog%2C26.400.0%2CN%3Bb24connector%2C25.0.0%2CN%3Bhighloadblock%2C25.100.0%2CN%3Biblock%2C25.300.0%2CN%3Bsocialservices%2C26.0.0%2CN%3Brest%2C26.0.0%2CN%3Bfileman%2C25.200.200%2CN%3Bforum%2C26.0.0%2CN%3Blanding%2C26.200.0%2CN%3Bclouds%2C25.100.0%2CN%3Bphotogallery%2C25.100.0%2CN%3Bform%2C26.0.0%2CN%3Bbitrixcloud%2C25.100.0%2CN%3Bsubscribe%2C25.0.0%2CN%3Bmessageservice%2C25.200.100%2CN%3Bui%2C26.150.0%2CN%3Blocation%2C25.400.0%2CN%3Bperfmon%2C25.300.0%2CN%3Bseo%2C25.100.400%2CN%3Bvote%2C26.0.0%2CN%3Btranslate%2C25.100.0%2CN%3Bsecurity%2C25.0.0%2CN%3Bbitrix.sitecorporate%2C26.0.0%2CN%3Bsearch%2C25.200.0%2CN&reqm=bitrix.sitecorporate&fullmoduleinfo=Y&SUPD_SRS=RU&SUPD_CMP=N
2026-06-15 12:27:41 -  - exec CUpdateClientPartner::GetHTTPPage
2026-06-15 12:27:41 -  - TIME GetUpdatesList(request) 0.138 sec
2026-06-15 12:27:41 -  - exec CUpdateClientPartner::ParseServerData
2026-06-15 12:27:42 -  - exec CUpdateClientPartner::GetUpdatesList
2026-06-15 12:27:42 -  - exec CUpdateClientPartner::__CollectRequestData
2026-06-15 12:27:42 -  - utf=Y&lang=ru&stable=Y&CANGZIP=Y&SUPD_DBS=MYSQL&XE=N&CLIENT_SITE=localhost&LICENSE_KEY=X&SUPD_STS=2&SUPD_URS=0&TYPENC=D&CLIENT_PHPVER=8.5.7&NGINX=Y&dbv=8.0.45&instm=main%2C26.150.0%2CY%3Bmobileapp%2C25.0.100%2CN%3Bblog%2C26.400.0%2CN%3Bb24connector%2C25.0.0%2CN%3Bhighloadblock%2C25.100.0%2CN%3Biblock%2C25.300.0%2CN%3Bsocialservices%2C26.0.0%2CN%3Brest%2C26.0.0%2CN%3Bfileman%2C25.200.200%2CN%3Bforum%2C26.0.0%2CN%3Blanding%2C26.200.0%2CN%3Bclouds%2C25.100.0%2CN%3Bphotogallery%2C25.100.0%2CN%3Bform%2C26.0.0%2CN%3Bbitrixcloud%2C25.100.0%2CN%3Bsubscribe%2C25.0.0%2CN%3Bmessageservice%2C25.200.100%2CN%3Bui%2C26.150.0%2CN%3Blocation%2C25.400.0%2CN%3Bperfmon%2C25.300.0%2CN%3Bseo%2C25.100.400%2CN%3Bvote%2C26.0.0%2CN%3Btranslate%2C25.100.0%2CN%3Bsecurity%2C25.0.0%2CN%3Bbitrix.sitecorporate%2C26.0.0%2CN%3Bsearch%2C25.200.0%2CN&reqm=bitrix.sitecorporate&fullmoduleinfo=Y&SUPD_SRS=RU&SUPD_CMP=N
2026-06-15 12:27:42 -  - exec CUpdateClientPartner::GetHTTPPage
2026-06-15 12:27:42 -  - TIME GetUpdatesList(request) 0.138 sec
2026-06-15 12:27:42 -  - exec CUpdateClientPartner::ParseServerData
2026-06-15 12:28:05 -  - exec CUpdateClientPartner::GetUpdatesList
2026-06-15 12:28:05 -  - exec CUpdateClientPartner::__CollectRequestData
2026-06-15 12:28:05 -  - utf=Y&lang=ru&stable=Y&CANGZIP=Y&SUPD_DBS=MYSQL&XE=N&CLIENT_SITE=localhost&LICENSE_KEY=X&SUPD_STS=2&SUPD_URS=0&TYPENC=D&CLIENT_PHPVER=8.5.7&NGINX=Y&dbv=8.0.45&instm=main%2C26.150.0%2CY%3Bmobileapp%2C25.0.100%2CN%3Bblog%2C26.400.0%2CN%3Bb24connector%2C25.0.0%2CN%3Bhighloadblock%2C25.100.0%2CN%3Biblock%2C25.300.0%2CN%3Bsocialservices%2C26.0.0%2CN%3Brest%2C26.0.0%2CN%3Bfileman%2C25.200.200%2CN%3Bforum%2C26.0.0%2CN%3Blanding%2C26.200.0%2CN%3Bclouds%2C25.100.0%2CN%3Bphotogallery%2C25.100.0%2CN%3Bform%2C26.0.0%2CN%3Bbitrixcloud%2C25.100.0%2CN%3Bsubscribe%2C25.0.0%2CN%3Bmessageservice%2C25.200.100%2CN%3Bui%2C26.150.0%2CN%3Blocation%2C25.400.0%2CN%3Bperfmon%2C25.300.0%2CN%3Bseo%2C25.100.400%2CN%3Bvote%2C26.0.0%2CN%3Btranslate%2C25.100.0%2CN%3Bsecurity%2C25.0.0%2CN%3Bbitrix.sitecorporate%2C26.0.0%2CN%3Bsearch%2C25.200.0%2CN&reqm=bitrix.sitecorporate&fullmoduleinfo=Y&SUPD_SRS=RU&SUPD_CMP=N
2026-06-15 12:28:05 -  - exec CUpdateClientPartner::GetHTTPPage
2026-06-15 12:28:05 -  - TIME GetUpdatesList(request) 0.156 sec
2026-06-15 12:28:05 -  - exec CUpdateClientPartner::ParseServerData
2026-06-15 12:28:07 -  - exec CUpdateClientPartner::GetUpdatesList
2026-06-15 12:28:07 -  - exec CUpdateClientPartner::__CollectRequestData
2026-06-15 12:28:07 -  - utf=Y&lang=ru&stable=Y&CANGZIP=Y&SUPD_DBS=MYSQL&XE=N&CLIENT_SITE=localhost&LICENSE_KEY=X&SUPD_STS=2&SUPD_URS=0&TYPENC=D&CLIENT_PHPVER=8.5.7&NGINX=Y&dbv=8.0.45&instm=main%2C26.150.0%2CY%3Bmobileapp%2C25.0.100%2CN%3Bblog%2C26.400.0%2CN%3Bb24connector%2C25.0.0%2CN%3Bhighloadblock%2C25.100.0%2CN%3Biblock%2C25.300.0%2CN%3Bsocialservices%2C26.0.0%2CN%3Brest%2C26.0.0%2CN%3Bfileman%2C25.200.200%2CN%3Bforum%2C26.0.0%2CN%3Blanding%2C26.200.0%2CN%3Bclouds%2C25.100.0%2CN%3Bphotogallery%2C25.100.0%2CN%3Bform%2C26.0.0%2CN%3Bbitrixcloud%2C25.100.0%2CN%3Bsubscribe%2C25.0.0%2CN%3Bmessageservice%2C25.200.100%2CN%3Bui%2C26.150.0%2CN%3Blocation%2C25.400.0%2CN%3Bperfmon%2C25.300.0%2CN%3Bseo%2C25.100.400%2CN%3Bvote%2C26.0.0%2CN%3Btranslate%2C25.100.0%2CN%3Bsecurity%2C25.0.0%2CN%3Bbitrix.sitecorporate%2C26.0.0%2CN%3Bsearch%2C25.200.0%2CN&reqm=bitrix.sitecorporate&fullmoduleinfo=Y&SUPD_SRS=RU&SUPD_CMP=N
2026-06-15 12:28:07 -  - exec CUpdateClientPartner::GetHTTPPage
2026-06-15 12:28:07 -  - TIME GetUpdatesList(request) 0.145 sec
2026-06-15 12:28:07 -  - exec CUpdateClientPartner::ParseServerData
2026-06-15 12:28:19 -  - exec CUpdateClientPartner::GetUpdatesList
2026-06-15 12:28:19 -  - exec CUpdateClientPartner::__CollectRequestData
2026-06-15 12:28:19 -  - utf=Y&lang=ru&stable=Y&CANGZIP=Y&SUPD_DBS=MYSQL&XE=N&CLIENT_SITE=localhost&LICENSE_KEY=X&SUPD_STS=2&SUPD_URS=0&TYPENC=D&CLIENT_PHPVER=8.5.7&NGINX=Y&dbv=8.0.45&instm=main%2C26.150.0%2CY%3Bmobileapp%2C25.0.100%2CN%3Bblog%2C26.400.0%2CN%3Bb24connector%2C25.0.0%2CN%3Bhighloadblock%2C25.100.0%2CN%3Biblock%2C25.300.0%2CN%3Bsocialservices%2C26.0.0%2CN%3Brest%2C26.0.0%2CN%3Bfileman%2C25.200.200%2CN%3Bforum%2C26.0.0%2CN%3Blanding%2C26.200.0%2CN%3Bclouds%2C25.100.0%2CN%3Bphotogallery%2C25.100.0%2CN%3Bform%2C26.0.0%2CN%3Bbitrixcloud%2C25.100.0%2CN%3Bsubscribe%2C25.0.0%2CN%3Bmessageservice%2C25.200.100%2CN%3Bui%2C26.150.0%2CN%3Blocation%2C25.400.0%2CN%3Bperfmon%2C25.300.0%2CN%3Bseo%2C25.100.400%2CN%3Bvote%2C26.0.0%2CN%3Btranslate%2C25.100.0%2CN%3Bsecurity%2C25.0.0%2CN%3Bbitrix.sitecorporate%2C26.0.0%2CN%3Bsearch%2C25.200.0%2CN&reqm=bitrix.sitecorporate&fullmoduleinfo=Y&SUPD_SRS=RU&SUPD_CMP=N
2026-06-15 12:28:19 -  - exec CUpdateClientPartner::GetHTTPPage
2026-06-15 12:28:19 -  - TIME GetUpdatesList(request) 0.158 sec
2026-06-15 12:28:19 -  - exec CUpdateClientPartner::ParseServerData
2026-06-15 12:28:20 -  - exec CUpdateClientPartner::GetUpdatesList
2026-06-15 12:28:20 -  - exec CUpdateClientPartner::__CollectRequestData
2026-06-15 12:28:20 -  - utf=Y&lang=ru&stable=Y&CANGZIP=Y&SUPD_DBS=MYSQL&XE=N&CLIENT_SITE=localhost&LICENSE_KEY=X&SUPD_STS=2&SUPD_URS=0&TYPENC=D&CLIENT_PHPVER=8.5.7&NGINX=Y&dbv=8.0.45&instm=main%2C26.150.0%2CY%3Bmobileapp%2C25.0.100%2CN%3Bblog%2C26.400.0%2CN%3Bb24connector%2C25.0.0%2CN%3Bhighloadblock%2C25.100.0%2CN%3Biblock%2C25.300.0%2CN%3Bsocialservices%2C26.0.0%2CN%3Brest%2C26.0.0%2CN%3Bfileman%2C25.200.200%2CN%3Bforum%2C26.0.0%2CN%3Blanding%2C26.200.0%2CN%3Bclouds%2C25.100.0%2CN%3Bphotogallery%2C25.100.0%2CN%3Bform%2C26.0.0%2CN%3Bbitrixcloud%2C25.100.0%2CN%3Bsubscribe%2C25.0.0%2CN%3Bmessageservice%2C25.200.100%2CN%3Bui%2C26.150.0%2CN%3Blocation%2C25.400.0%2CN%3Bperfmon%2C25.300.0%2CN%3Bseo%2C25.100.400%2CN%3Bvote%2C26.0.0%2CN%3Btranslate%2C25.100.0%2CN%3Bsecurity%2C25.0.0%2CN%3Bbitrix.sitecorporate%2C26.0.0%2CN%3Bsearch%2C25.200.0%2CN&reqm=bitrix.sitecorporate&fullmoduleinfo=Y&SUPD_SRS=RU&SUPD_CMP=N
2026-06-15 12:28:20 -  - exec CUpdateClientPartner::GetHTTPPage
2026-06-15 12:28:20 -  - TIME GetUpdatesList(request) 0.136 sec
2026-06-15 12:28:20 -  - exec CUpdateClientPartner::ParseServerData
2026-06-15 12:28:27 -  - exec CUpdateClientPartner::GetUpdatesList
2026-06-15 12:28:27 -  - exec CUpdateClientPartner::__CollectRequestData
2026-06-15 12:28:27 -  - utf=Y&lang=ru&stable=Y&CANGZIP=Y&SUPD_DBS=MYSQL&XE=N&CLIENT_SITE=localhost&LICENSE_KEY=X&SUPD_STS=2&SUPD_URS=0&TYPENC=D&CLIENT_PHPVER=8.5.7&NGINX=Y&dbv=8.0.45&instm=main%2C26.150.0%2CY%3Bmobileapp%2C25.0.100%2CN%3Bblog%2C26.400.0%2CN%3Bb24connector%2C25.0.0%2CN%3Bhighloadblock%2C25.100.0%2CN%3Biblock%2C25.300.0%2CN%3Bsocialservices%2C26.0.0%2CN%3Brest%2C26.0.0%2CN%3Bfileman%2C25.200.200%2CN%3Bforum%2C26.0.0%2CN%3Blanding%2C26.200.0%2CN%3Bclouds%2C25.100.0%2CN%3Bphotogallery%2C25.100.0%2CN%3Bform%2C26.0.0%2CN%3Bbitrixcloud%2C25.100.0%2CN%3Bsubscribe%2C25.0.0%2CN%3Bmessageservice%2C25.200.100%2CN%3Bui%2C26.150.0%2CN%3Blocation%2C25.400.0%2CN%3Bperfmon%2C25.300.0%2CN%3Bseo%2C25.100.400%2CN%3Bvote%2C26.0.0%2CN%3Btranslate%2C25.100.0%2CN%3Bsecurity%2C25.0.0%2CN%3Bbitrix.sitecorporate%2C26.0.0%2CN%3Bsearch%2C25.200.0%2CN&reqm=bitrix.sitecorporate&fullmoduleinfo=Y&SUPD_SRS=RU&SUPD_CMP=N
2026-06-15 12:28:27 -  - exec CUpdateClientPartner::GetHTTPPage
2026-06-15 12:28:27 -  - TIME GetUpdatesList(request) 0.155 sec
2026-06-15 12:28:27 -  - exec CUpdateClientPartner::ParseServerData
2026-06-15 12:28:27 -  - exec CUpdateClientPartner::GetUpdatesList
2026-06-15 12:28:27 -  - exec CUpdateClientPartner::__CollectRequestData
2026-06-15 12:28:27 -  - utf=Y&lang=ru&stable=Y&CANGZIP=Y&SUPD_DBS=MYSQL&XE=N&CLIENT_SITE=localhost&LICENSE_KEY=X&SUPD_STS=2&SUPD_URS=0&TYPENC=D&CLIENT_PHPVER=8.5.7&NGINX=Y&dbv=8.0.45&instm=main%2C26.150.0%2CY%3Bmobileapp%2C25.0.100%2CN%3Bblog%2C26.400.0%2CN%3Bb24connector%2C25.0.0%2CN%3Bhighloadblock%2C25.100.0%2CN%3Biblock%2C25.300.0%2CN%3Bsocialservices%2C26.0.0%2CN%3Brest%2C26.0.0%2CN%3Bfileman%2C25.200.200%2CN%3Bforum%2C26.0.0%2CN%3Blanding%2C26.200.0%2CN%3Bclouds%2C25.100.0%2CN%3Bphotogallery%2C25.100.0%2CN%3Bform%2C26.0.0%2CN%3Bbitrixcloud%2C25.100.0%2CN%3Bsubscribe%2C25.0.0%2CN%3Bmessageservice%2C25.200.100%2CN%3Bui%2C26.150.0%2CN%3Blocation%2C25.400.0%2CN%3Bperfmon%2C25.300.0%2CN%3Bseo%2C25.100.400%2CN%3Bvote%2C26.0.0%2CN%3Btranslate%2C25.100.0%2CN%3Bsecurity%2C25.0.0%2CN%3Bbitrix.sitecorporate%2C26.0.0%2CN%3Bsearch%2C25.200.0%2CN&reqm=bitrix.sitecorporate&fullmoduleinfo=Y&SUPD_SRS=RU&SUPD_CMP=N
2026-06-15 12:28:27 -  - exec CUpdateClientPartner::GetHTTPPage
2026-06-15 12:28:27 -  - TIME GetUpdatesList(request) 0.137 sec
2026-06-15 12:28:27 -  - exec CUpdateClientPartner::ParseServerData
2026-06-15 12:28:30 -  - exec CUpdateClientPartner::GetUpdatesList
2026-06-15 12:28:30 -  - exec CUpdateClientPartner::__CollectRequestData
2026-06-15 12:28:30 -  - utf=Y&lang=ru&stable=Y&CANGZIP=Y&SUPD_DBS=MYSQL&XE=N&CLIENT_SITE=localhost&LICENSE_KEY=X&SUPD_STS=2&SUPD_URS=0&TYPENC=D&CLIENT_PHPVER=8.5.7&NGINX=Y&dbv=8.0.45&instm=main%2C26.150.0%2CY%3Bmobileapp%2C25.0.100%2CN%3Bblog%2C26.400.0%2CN%3Bb24connector%2C25.0.0%2CN%3Bhighloadblock%2C25.100.0%2CN%3Biblock%2C25.300.0%2CN%3Bsocialservices%2C26.0.0%2CN%3Brest%2C26.0.0%2CN%3Bfileman%2C25.200.200%2CN%3Bforum%2C26.0.0%2CN%3Blanding%2C26.200.0%2CN%3Bclouds%2C25.100.0%2CN%3Bphotogallery%2C25.100.0%2CN%3Bform%2C26.0.0%2CN%3Bbitrixcloud%2C25.100.0%2CN%3Bsubscribe%2C25.0.0%2CN%3Bmessageservice%2C25.200.100%2CN%3Bui%2C26.150.0%2CN%3Blocation%2C25.400.0%2CN%3Bperfmon%2C25.300.0%2CN%3Bseo%2C25.100.400%2CN%3Bvote%2C26.0.0%2CN%3Btranslate%2C25.100.0%2CN%3Bsecurity%2C25.0.0%2CN%3Bbitrix.sitecorporate%2C26.0.0%2CN%3Bsearch%2C25.200.0%2CN&reqm=bitrix.sitecorporate&fullmoduleinfo=Y&SUPD_SRS=RU&SUPD_CMP=N
2026-06-15 12:28:30 -  - exec CUpdateClientPartner::GetHTTPPage
2026-06-15 12:28:30 -  - TIME GetUpdatesList(request) 0.154 sec
2026-06-15 12:28:30 -  - exec CUpdateClientPartner::ParseServerData
2026-06-15 12:28:31 -  - exec CUpdateClientPartner::GetUpdatesList
2026-06-15 12:28:31 -  - exec CUpdateClientPartner::__CollectRequestData
2026-06-15 12:28:31 -  - utf=Y&lang=ru&stable=Y&CANGZIP=Y&SUPD_DBS=MYSQL&XE=N&CLIENT_SITE=localhost&LICENSE_KEY=X&SUPD_STS=2&SUPD_URS=0&TYPENC=D&CLIENT_PHPVER=8.5.7&NGINX=Y&dbv=8.0.45&instm=main%2C26.150.0%2CY%3Bmobileapp%2C25.0.100%2CN%3Bblog%2C26.400.0%2CN%3Bb24connector%2C25.0.0%2CN%3Bhighloadblock%2C25.100.0%2CN%3Biblock%2C25.300.0%2CN%3Bsocialservices%2C26.0.0%2CN%3Brest%2C26.0.0%2CN%3Bfileman%2C25.200.200%2CN%3Bforum%2C26.0.0%2CN%3Blanding%2C26.200.0%2CN%3Bclouds%2C25.100.0%2CN%3Bphotogallery%2C25.100.0%2CN%3Bform%2C26.0.0%2CN%3Bbitrixcloud%2C25.100.0%2CN%3Bsubscribe%2C25.0.0%2CN%3Bmessageservice%2C25.200.100%2CN%3Bui%2C26.150.0%2CN%3Blocation%2C25.400.0%2CN%3Bperfmon%2C25.300.0%2CN%3Bseo%2C25.100.400%2CN%3Bvote%2C26.0.0%2CN%3Btranslate%2C25.100.0%2CN%3Bsecurity%2C25.0.0%2CN%3Bbitrix.sitecorporate%2C26.0.0%2CN%3Bsearch%2C25.200.0%2CN&reqm=bitrix.sitecorporate&fullmoduleinfo=Y&SUPD_SRS=RU&SUPD_CMP=N
2026-06-15 12:28:31 -  - exec CUpdateClientPartner::GetHTTPPage
2026-06-15 12:28:31 -  - TIME GetUpdatesList(request) 0.15 sec
2026-06-15 12:28:31 -  - exec CUpdateClientPartner::ParseServerData
2026-06-15 12:28:33 -  - exec CUpdateClientPartner::GetUpdatesList
2026-06-15 12:28:33 -  - exec CUpdateClientPartner::__CollectRequestData
2026-06-15 12:28:33 -  - utf=Y&lang=ru&stable=Y&CANGZIP=Y&SUPD_DBS=MYSQL&XE=N&CLIENT_SITE=localhost&LICENSE_KEY=X&SUPD_STS=2&SUPD_URS=0&TYPENC=D&CLIENT_PHPVER=8.5.7&NGINX=Y&dbv=8.0.45&instm=main%2C26.150.0%2CY%3Bmobileapp%2C25.0.100%2CN%3Bblog%2C26.400.0%2CN%3Bb24connector%2C25.0.0%2CN%3Bhighloadblock%2C25.100.0%2CN%3Biblock%2C25.300.0%2CN%3Bsocialservices%2C26.0.0%2CN%3Brest%2C26.0.0%2CN%3Bfileman%2C25.200.200%2CN%3Bforum%2C26.0.0%2CN%3Blanding%2C26.200.0%2CN%3Bclouds%2C25.100.0%2CN%3Bphotogallery%2C25.100.0%2CN%3Bform%2C26.0.0%2CN%3Bbitrixcloud%2C25.100.0%2CN%3Bsubscribe%2C25.0.0%2CN%3Bmessageservice%2C25.200.100%2CN%3Bui%2C26.150.0%2CN%3Blocation%2C25.400.0%2CN%3Bperfmon%2C25.300.0%2CN%3Bseo%2C25.100.400%2CN%3Bvote%2C26.0.0%2CN%3Btranslate%2C25.100.0%2CN%3Bsecurity%2C25.0.0%2CN%3Bbitrix.sitecorporate%2C26.0.0%2CN%3Bsearch%2C25.200.0%2CN&reqm=bitrix.sitecorporate&fullmoduleinfo=Y&SUPD_SRS=RU&SUPD_CMP=N
2026-06-15 12:28:33 -  - exec CUpdateClientPartner::GetHTTPPage
2026-06-15 12:28:33 -  - TIME GetUpdatesList(request) 0.144 sec
2026-06-15 12:28:33 -  - exec CUpdateClientPartner::ParseServerData
2026-06-15 12:28:34 -  - exec CUpdateClientPartner::GetUpdatesList
2026-06-15 12:28:34 -  - exec CUpdateClientPartner::__CollectRequestData
2026-06-15 12:28:34 -  - utf=Y&lang=ru&stable=Y&CANGZIP=Y&SUPD_DBS=MYSQL&XE=N&CLIENT_SITE=localhost&LICENSE_KEY=X&SUPD_STS=2&SUPD_URS=0&TYPENC=D&CLIENT_PHPVER=8.5.7&NGINX=Y&dbv=8.0.45&instm=main%2C26.150.0%2CY%3Bmobileapp%2C25.0.100%2CN%3Bblog%2C26.400.0%2CN%3Bb24connector%2C25.0.0%2CN%3Bhighloadblock%2C25.100.0%2CN%3Biblock%2C25.300.0%2CN%3Bsocialservices%2C26.0.0%2CN%3Brest%2C26.0.0%2CN%3Bfileman%2C25.200.200%2CN%3Bforum%2C26.0.0%2CN%3Blanding%2C26.200.0%2CN%3Bclouds%2C25.100.0%2CN%3Bphotogallery%2C25.100.0%2CN%3Bform%2C26.0.0%2CN%3Bbitrixcloud%2C25.100.0%2CN%3Bsubscribe%2C25.0.0%2CN%3Bmessageservice%2C25.200.100%2CN%3Bui%2C26.150.0%2CN%3Blocation%2C25.400.0%2CN%3Bperfmon%2C25.300.0%2CN%3Bseo%2C25.100.400%2CN%3Bvote%2C26.0.0%2CN%3Btranslate%2C25.100.0%2CN%3Bsecurity%2C25.0.0%2CN%3Bbitrix.sitecorporate%2C26.0.0%2CN%3Bsearch%2C25.200.0%2CN&reqm=bitrix.sitecorporate&fullmoduleinfo=Y&SUPD_SRS=RU&SUPD_CMP=N
2026-06-15 12:28:34 -  - exec CUpdateClientPartner::GetHTTPPage
2026-06-15 12:28:34 -  - TIME GetUpdatesList(request) 0.142 sec
2026-06-15 12:28:34 -  - exec CUpdateClientPartner::ParseServerData
2026-06-15 12:28:35 -  - exec CUpdateClientPartner::GetUpdatesList
2026-06-15 12:28:35 -  - exec CUpdateClientPartner::__CollectRequestData
2026-06-15 12:28:35 -  - utf=Y&lang=ru&stable=Y&CANGZIP=Y&SUPD_DBS=MYSQL&XE=N&CLIENT_SITE=localhost&LICENSE_KEY=X&SUPD_STS=2&SUPD_URS=0&TYPENC=D&CLIENT_PHPVER=8.5.7&NGINX=Y&dbv=8.0.45&instm=main%2C26.150.0%2CY%3Bmobileapp%2C25.0.100%2CN%3Bblog%2C26.400.0%2CN%3Bb24connector%2C25.0.0%2CN%3Bhighloadblock%2C25.100.0%2CN%3Biblock%2C25.300.0%2CN%3Bsocialservices%2C26.0.0%2CN%3Brest%2C26.0.0%2CN%3Bfileman%2C25.200.200%2CN%3Bforum%2C26.0.0%2CN%3Blanding%2C26.200.0%2CN%3Bclouds%2C25.100.0%2CN%3Bphotogallery%2C25.100.0%2CN%3Bform%2C26.0.0%2CN%3Bbitrixcloud%2C25.100.0%2CN%3Bsubscribe%2C25.0.0%2CN%3Bmessageservice%2C25.200.100%2CN%3Bui%2C26.150.0%2CN%3Blocation%2C25.400.0%2CN%3Bperfmon%2C25.300.0%2CN%3Bseo%2C25.100.400%2CN%3Bvote%2C26.0.0%2CN%3Btranslate%2C25.100.0%2CN%3Bsecurity%2C25.0.0%2CN%3Bbitrix.sitecorporate%2C26.0.0%2CN%3Bsearch%2C25.200.0%2CN&reqm=bitrix.sitecorporate&fullmoduleinfo=Y&SUPD_SRS=RU&SUPD_CMP=N
2026-06-15 12:28:35 -  - exec CUpdateClientPartner::GetHTTPPage
2026-06-15 12:28:35 -  - TIME GetUpdatesList(request) 0.193 sec
2026-06-15 12:28:35 -  - exec CUpdateClientPartner::ParseServerData
2026-06-15 12:28:43 -  - exec CUpdateClientPartner::GetUpdatesList
2026-06-15 12:28:43 -  - exec CUpdateClientPartner::__CollectRequestData
2026-06-15 12:28:43 -  - utf=Y&lang=ru&stable=Y&CANGZIP=Y&SUPD_DBS=MYSQL&XE=N&CLIENT_SITE=localhost&LICENSE_KEY=X&SUPD_STS=2&SUPD_URS=0&TYPENC=D&CLIENT_PHPVER=8.5.7&NGINX=Y&dbv=8.0.45&instm=main%2C26.150.0%2CY%3Bmobileapp%2C25.0.100%2CN%3Bblog%2C26.400.0%2CN%3Bb24connector%2C25.0.0%2CN%3Bhighloadblock%2C25.100.0%2CN%3Biblock%2C25.300.0%2CN%3Bsocialservices%2C26.0.0%2CN%3Brest%2C26.0.0%2CN%3Bfileman%2C25.200.200%2CN%3Bforum%2C26.0.0%2CN%3Blanding%2C26.200.0%2CN%3Bclouds%2C25.100.0%2CN%3Bphotogallery%2C25.100.0%2CN%3Bform%2C26.0.0%2CN%3Bbitrixcloud%2C25.100.0%2CN%3Bsubscribe%2C25.0.0%2CN%3Bmessageservice%2C25.200.100%2CN%3Bui%2C26.150.0%2CN%3Blocation%2C25.400.0%2CN%3Bperfmon%2C25.300.0%2CN%3Bseo%2C25.100.400%2CN%3Bvote%2C26.0.0%2CN%3Btranslate%2C25.100.0%2CN%3Bsecurity%2C25.0.0%2CN%3Bbitrix.sitecorporate%2C26.0.0%2CN%3Bsearch%2C25.200.0%2CN&reqm=bitrix.sitecorporate&fullmoduleinfo=Y&SUPD_SRS=RU&SUPD_CMP=N
2026-06-15 12:28:43 -  - exec CUpdateClientPartner::GetHTTPPage
2026-06-15 12:28:43 -  - TIME GetUpdatesList(request) 0.171 sec
2026-06-15 12:28:43 -  - exec CUpdateClientPartner::ParseServerData
2026-06-15 12:28:46 -  - exec CUpdateClientPartner::GetUpdatesList
2026-06-15 12:28:46 -  - exec CUpdateClientPartner::__CollectRequestData
2026-06-15 12:28:46 -  - utf=Y&lang=ru&stable=Y&CANGZIP=Y&SUPD_DBS=MYSQL&XE=N&CLIENT_SITE=localhost&LICENSE_KEY=X&SUPD_STS=2&SUPD_URS=0&TYPENC=D&CLIENT_PHPVER=8.5.7&NGINX=Y&dbv=8.0.45&instm=main%2C26.150.0%2CY%3Bmobileapp%2C25.0.100%2CN%3Bblog%2C26.400.0%2CN%3Bb24connector%2C25.0.0%2CN%3Bhighloadblock%2C25.100.0%2CN%3Biblock%2C25.300.0%2CN%3Bsocialservices%2C26.0.0%2CN%3Brest%2C26.0.0%2CN%3Bfileman%2C25.200.200%2CN%3Bforum%2C26.0.0%2CN%3Blanding%2C26.200.0%2CN%3Bclouds%2C25.100.0%2CN%3Bphotogallery%2C25.100.0%2CN%3Bform%2C26.0.0%2CN%3Bbitrixcloud%2C25.100.0%2CN%3Bsubscribe%2C25.0.0%2CN%3Bmessageservice%2C25.200.100%2CN%3Bui%2C26.150.0%2CN%3Blocation%2C25.400.0%2CN%3Bperfmon%2C25.300.0%2CN%3Bseo%2C25.100.400%2CN%3Bvote%2C26.0.0%2CN%3Btranslate%2C25.100.0%2CN%3Bsecurity%2C25.0.0%2CN%3Bbitrix.sitecorporate%2C26.0.0%2CN%3Bsearch%2C25.200.0%2CN&reqm=bitrix.sitecorporate&fullmoduleinfo=Y&SUPD_SRS=RU&SUPD_CMP=N
2026-06-15 12:28:46 -  - exec CUpdateClientPartner::GetHTTPPage
2026-06-15 12:28:46 -  - TIME GetUpdatesList(request) 0.169 sec
2026-06-15 12:28:46 -  - exec CUpdateClientPartner::ParseServerData
2026-06-15 12:29:08 -  - exec CUpdateClientPartner::GetUpdatesList
2026-06-15 12:29:08 -  - exec CUpdateClientPartner::__CollectRequestData
2026-06-15 12:29:08 -  - utf=Y&lang=ru&stable=Y&CANGZIP=Y&SUPD_DBS=MYSQL&XE=N&CLIENT_SITE=localhost&LICENSE_KEY=X&SUPD_STS=2&SUPD_URS=0&TYPENC=D&CLIENT_PHPVER=8.5.7&NGINX=Y&dbv=8.0.45&instm=main%2C26.150.0%2CY%3Bmobileapp%2C25.0.100%2CN%3Bblog%2C26.400.0%2CN%3Bb24connector%2C25.0.0%2CN%3Bhighloadblock%2C25.100.0%2CN%3Biblock%2C25.300.0%2CN%3Bsocialservices%2C26.0.0%2CN%3Brest%2C26.0.0%2CN%3Bfileman%2C25.200.200%2CN%3Bforum%2C26.0.0%2CN%3Blanding%2C26.200.0%2CN%3Bclouds%2C25.100.0%2CN%3Bphotogallery%2C25.100.0%2CN%3Bform%2C26.0.0%2CN%3Bbitrixcloud%2C25.100.0%2CN%3Bsubscribe%2C25.0.0%2CN%3Bmessageservice%2C25.200.100%2CN%3Bui%2C26.150.0%2CN%3Blocation%2C25.400.0%2CN%3Bperfmon%2C25.300.0%2CN%3Bseo%2C25.100.400%2CN%3Bvote%2C26.0.0%2CN%3Btranslate%2C25.100.0%2CN%3Bsecurity%2C25.0.0%2CN%3Bbitrix.sitecorporate%2C26.0.0%2CN%3Bsearch%2C25.200.0%2CN&reqm=bitrix.sitecorporate&fullmoduleinfo=Y&SUPD_SRS=RU&SUPD_CMP=N
2026-06-15 12:29:08 -  - exec CUpdateClientPartner::GetHTTPPage
2026-06-15 12:29:08 -  - TIME GetUpdatesList(request) 0.155 sec
2026-06-15 12:29:08 -  - exec CUpdateClientPartner::ParseServerData
2026-06-15 12:29:10 -  - exec CUpdateClientPartner::GetUpdatesList
2026-06-15 12:29:10 -  - exec CUpdateClientPartner::__CollectRequestData
2026-06-15 12:29:10 -  - utf=Y&lang=ru&stable=Y&CANGZIP=Y&SUPD_DBS=MYSQL&XE=N&CLIENT_SITE=localhost&LICENSE_KEY=X&SUPD_STS=2&SUPD_URS=0&TYPENC=D&CLIENT_PHPVER=8.5.7&NGINX=Y&dbv=8.0.45&instm=main%2C26.150.0%2CY%3Bmobileapp%2C25.0.100%2CN%3Bblog%2C26.400.0%2CN%3Bb24connector%2C25.0.0%2CN%3Bhighloadblock%2C25.100.0%2CN%3Biblock%2C25.300.0%2CN%3Bsocialservices%2C26.0.0%2CN%3Brest%2C26.0.0%2CN%3Bfileman%2C25.200.200%2CN%3Bforum%2C26.0.0%2CN%3Blanding%2C26.200.0%2CN%3Bclouds%2C25.100.0%2CN%3Bphotogallery%2C25.100.0%2CN%3Bform%2C26.0.0%2CN%3Bbitrixcloud%2C25.100.0%2CN%3Bsubscribe%2C25.0.0%2CN%3Bmessageservice%2C25.200.100%2CN%3Bui%2C26.150.0%2CN%3Blocation%2C25.400.0%2CN%3Bperfmon%2C25.300.0%2CN%3Bseo%2C25.100.400%2CN%3Bvote%2C26.0.0%2CN%3Btranslate%2C25.100.0%2CN%3Bsecurity%2C25.0.0%2CN%3Bbitrix.sitecorporate%2C26.0.0%2CN%3Bsearch%2C25.200.0%2CN&reqm=bitrix.sitecorporate&fullmoduleinfo=Y&SUPD_SRS=RU&SUPD_CMP=N
2026-06-15 12:29:10 -  - exec CUpdateClientPartner::GetHTTPPage
2026-06-15 12:29:10 -  - TIME GetUpdatesList(request) 0.143 sec
2026-06-15 12:29:10 -  - exec CUpdateClientPartner::ParseServerData
2026-06-15 12:29:11 -  - exec CUpdateClientPartner::GetUpdatesList
2026-06-15 12:29:11 -  - exec CUpdateClientPartner::__CollectRequestData
2026-06-15 12:29:11 -  - utf=Y&lang=ru&stable=Y&CANGZIP=Y&SUPD_DBS=MYSQL&XE=N&CLIENT_SITE=localhost&LICENSE_KEY=X&SUPD_STS=2&SUPD_URS=0&TYPENC=D&CLIENT_PHPVER=8.5.7&NGINX=Y&dbv=8.0.45&instm=main%2C26.150.0%2CY%3Bmobileapp%2C25.0.100%2CN%3Bblog%2C26.400.0%2CN%3Bb24connector%2C25.0.0%2CN%3Bhighloadblock%2C25.100.0%2CN%3Biblock%2C25.300.0%2CN%3Bsocialservices%2C26.0.0%2CN%3Brest%2C26.0.0%2CN%3Bfileman%2C25.200.200%2CN%3Bforum%2C26.0.0%2CN%3Blanding%2C26.200.0%2CN%3Bclouds%2C25.100.0%2CN%3Bphotogallery%2C25.100.0%2CN%3Bform%2C26.0.0%2CN%3Bbitrixcloud%2C25.100.0%2CN%3Bsubscribe%2C25.0.0%2CN%3Bmessageservice%2C25.200.100%2CN%3Bui%2C26.150.0%2CN%3Blocation%2C25.400.0%2CN%3Bperfmon%2C25.300.0%2CN%3Bseo%2C25.100.400%2CN%3Bvote%2C26.0.0%2CN%3Btranslate%2C25.100.0%2CN%3Bsecurity%2C25.0.0%2CN%3Bbitrix.sitecorporate%2C26.0.0%2CN%3Bsearch%2C25.200.0%2CN&reqm=bitrix.sitecorporate&fullmoduleinfo=Y&SUPD_SRS=RU&SUPD_CMP=N
2026-06-15 12:29:11 -  - exec CUpdateClientPartner::GetHTTPPage
2026-06-15 12:29:11 -  - TIME GetUpdatesList(request) 0.15 sec
2026-06-15 12:29:11 -  - exec CUpdateClientPartner::ParseServerData
2026-06-15 12:29:41 -  - exec CUpdateClientPartner::GetUpdatesList
2026-06-15 12:29:41 -  - exec CUpdateClientPartner::__CollectRequestData
2026-06-15 12:29:41 -  - utf=Y&lang=ru&stable=Y&CANGZIP=Y&SUPD_DBS=MYSQL&XE=N&CLIENT_SITE=localhost&LICENSE_KEY=X&SUPD_STS=2&SUPD_URS=0&TYPENC=D&CLIENT_PHPVER=8.5.7&NGINX=Y&dbv=8.0.45&instm=main%2C26.150.0%2CY%3Bmobileapp%2C25.0.100%2CN%3Bblog%2C26.400.0%2CN%3Bb24connector%2C25.0.0%2CN%3Bhighloadblock%2C25.100.0%2CN%3Biblock%2C25.300.0%2CN%3Bsocialservices%2C26.0.0%2CN%3Brest%2C26.0.0%2CN%3Bfileman%2C25.200.200%2CN%3Bforum%2C26.0.0%2CN%3Blanding%2C26.200.0%2CN%3Bclouds%2C25.100.0%2CN%3Bphotogallery%2C25.100.0%2CN%3Bform%2C26.0.0%2CN%3Bbitrixcloud%2C25.100.0%2CN%3Bsubscribe%2C25.0.0%2CN%3Bmessageservice%2C25.200.100%2CN%3Bui%2C26.150.0%2CN%3Blocation%2C25.400.0%2CN%3Bperfmon%2C25.300.0%2CN%3Bseo%2C25.100.400%2CN%3Bvote%2C26.0.0%2CN%3Btranslate%2C25.100.0%2CN%3Bsecurity%2C25.0.0%2CN%3Bbitrix.sitecorporate%2C26.0.0%2CN%3Bsearch%2C25.200.0%2CN&reqm=bitrix.sitecorporate&fullmoduleinfo=Y&SUPD_SRS=RU&SUPD_CMP=N
2026-06-15 12:29:41 -  - exec CUpdateClientPartner::GetHTTPPage
2026-06-15 12:29:42 -  - TIME GetUpdatesList(request) 0.169 sec
2026-06-15 12:29:42 -  - exec CUpdateClientPartner::ParseServerData
2026-06-15 12:29:42 -  - exec CUpdateClientPartner::GetUpdatesList
2026-06-15 12:29:42 -  - exec CUpdateClientPartner::__CollectRequestData
2026-06-15 12:29:42 -  - utf=Y&lang=ru&stable=Y&CANGZIP=Y&SUPD_DBS=MYSQL&XE=N&CLIENT_SITE=localhost&LICENSE_KEY=X&SUPD_STS=2&SUPD_URS=0&TYPENC=D&CLIENT_PHPVER=8.5.7&NGINX=Y&dbv=8.0.45&instm=main%2C26.150.0%2CY%3Bmobileapp%2C25.0.100%2CN%3Bblog%2C26.400.0%2CN%3Bb24connector%2C25.0.0%2CN%3Bhighloadblock%2C25.100.0%2CN%3Biblock%2C25.300.0%2CN%3Bsocialservices%2C26.0.0%2CN%3Brest%2C26.0.0%2CN%3Bfileman%2C25.200.200%2CN%3Bforum%2C26.0.0%2CN%3Blanding%2C26.200.0%2CN%3Bclouds%2C25.100.0%2CN%3Bphotogallery%2C25.100.0%2CN%3Bform%2C26.0.0%2CN%3Bbitrixcloud%2C25.100.0%2CN%3Bsubscribe%2C25.0.0%2CN%3Bmessageservice%2C25.200.100%2CN%3Bui%2C26.150.0%2CN%3Blocation%2C25.400.0%2CN%3Bperfmon%2C25.300.0%2CN%3Bseo%2C25.100.400%2CN%3Bvote%2C26.0.0%2CN%3Btranslate%2C25.100.0%2CN%3Bsecurity%2C25.0.0%2CN%3Bbitrix.sitecorporate%2C26.0.0%2CN%3Bsearch%2C25.200.0%2CN&reqm=bitrix.sitecorporate&fullmoduleinfo=Y&SUPD_SRS=RU&SUPD_CMP=N
2026-06-15 12:29:42 -  - exec CUpdateClientPartner::GetHTTPPage
2026-06-15 12:29:42 -  - TIME GetUpdatesList(request) 0.161 sec
2026-06-15 12:29:42 -  - exec CUpdateClientPartner::ParseServerData
2026-06-15 12:30:37 -  - exec CUpdateClientPartner::GetUpdatesList
2026-06-15 12:30:37 -  - exec CUpdateClientPartner::__CollectRequestData
2026-06-15 12:30:37 -  - utf=Y&lang=ru&stable=Y&CANGZIP=Y&SUPD_DBS=MYSQL&XE=N&CLIENT_SITE=localhost&LICENSE_KEY=X&SUPD_STS=2&SUPD_URS=0&TYPENC=D&CLIENT_PHPVER=8.5.7&NGINX=Y&dbv=8.0.45&instm=main%2C26.150.0%2CY%3Bmobileapp%2C25.0.100%2CN%3Bblog%2C26.400.0%2CN%3Bb24connector%2C25.0.0%2CN%3Bhighloadblock%2C25.100.0%2CN%3Biblock%2C25.300.0%2CN%3Bsocialservices%2C26.0.0%2CN%3Brest%2C26.0.0%2CN%3Bfileman%2C25.200.200%2CN%3Bforum%2C26.0.0%2CN%3Blanding%2C26.200.0%2CN%3Bclouds%2C25.100.0%2CN%3Bphotogallery%2C25.100.0%2CN%3Bform%2C26.0.0%2CN%3Bbitrixcloud%2C25.100.0%2CN%3Bsubscribe%2C25.0.0%2CN%3Bmessageservice%2C25.200.100%2CN%3Bui%2C26.150.0%2CN%3Blocation%2C25.400.0%2CN%3Bperfmon%2C25.300.0%2CN%3Bseo%2C25.100.400%2CN%3Bvote%2C26.0.0%2CN%3Btranslate%2C25.100.0%2CN%3Bsecurity%2C25.0.0%2CN%3Bbitrix.sitecorporate%2C26.0.0%2CN%3Bsearch%2C25.200.0%2CN&reqm=bitrix.sitecorporate&fullmoduleinfo=Y&SUPD_SRS=RU&SUPD_CMP=N
2026-06-15 12:30:37 -  - exec CUpdateClientPartner::GetHTTPPage
2026-06-15 12:30:38 -  - TIME GetUpdatesList(request) 0.15 sec
2026-06-15 12:30:38 -  - exec CUpdateClientPartner::ParseServerData
2026-06-15 12:30:39 -  - exec CUpdateClientPartner::GetUpdatesList
2026-06-15 12:30:39 -  - exec CUpdateClientPartner::__CollectRequestData
2026-06-15 12:30:39 -  - utf=Y&lang=ru&stable=Y&CANGZIP=Y&SUPD_DBS=MYSQL&XE=N&CLIENT_SITE=localhost&LICENSE_KEY=X&SUPD_STS=2&SUPD_URS=0&TYPENC=D&CLIENT_PHPVER=8.5.7&NGINX=Y&dbv=8.0.45&instm=main%2C26.150.0%2CY%3Bmobileapp%2C25.0.100%2CN%3Bblog%2C26.400.0%2CN%3Bb24connector%2C25.0.0%2CN%3Bhighloadblock%2C25.100.0%2CN%3Biblock%2C25.300.0%2CN%3Bsocialservices%2C26.0.0%2CN%3Brest%2C26.0.0%2CN%3Bfileman%2C25.200.200%2CN%3Bforum%2C26.0.0%2CN%3Blanding%2C26.200.0%2CN%3Bclouds%2C25.100.0%2CN%3Bphotogallery%2C25.100.0%2CN%3Bform%2C26.0.0%2CN%3Bbitrixcloud%2C25.100.0%2CN%3Bsubscribe%2C25.0.0%2CN%3Bmessageservice%2C25.200.100%2CN%3Bui%2C26.150.0%2CN%3Blocation%2C25.400.0%2CN%3Bperfmon%2C25.300.0%2CN%3Bseo%2C25.100.400%2CN%3Bvote%2C26.0.0%2CN%3Btranslate%2C25.100.0%2CN%3Bsecurity%2C25.0.0%2CN%3Bbitrix.sitecorporate%2C26.0.0%2CN%3Bsearch%2C25.200.0%2CN&reqm=bitrix.sitecorporate&fullmoduleinfo=Y&SUPD_SRS=RU&SUPD_CMP=N
2026-06-15 12:30:39 -  - exec CUpdateClientPartner::GetHTTPPage
2026-06-15 12:30:40 -  - TIME GetUpdatesList(request) 0.15 sec
2026-06-15 12:30:40 -  - exec CUpdateClientPartner::ParseServerData
2026-06-15 12:30:40 -  - exec CUpdateClientPartner::GetUpdatesList
2026-06-15 12:30:40 -  - exec CUpdateClientPartner::__CollectRequestData
2026-06-15 12:30:40 -  - utf=Y&lang=ru&stable=Y&CANGZIP=Y&SUPD_DBS=MYSQL&XE=N&CLIENT_SITE=localhost&LICENSE_KEY=X&SUPD_STS=2&SUPD_URS=0&TYPENC=D&CLIENT_PHPVER=8.5.7&NGINX=Y&dbv=8.0.45&instm=main%2C26.150.0%2CY%3Bmobileapp%2C25.0.100%2CN%3Bblog%2C26.400.0%2CN%3Bb24connector%2C25.0.0%2CN%3Bhighloadblock%2C25.100.0%2CN%3Biblock%2C25.300.0%2CN%3Bsocialservices%2C26.0.0%2CN%3Brest%2C26.0.0%2CN%3Bfileman%2C25.200.200%2CN%3Bforum%2C26.0.0%2CN%3Blanding%2C26.200.0%2CN%3Bclouds%2C25.100.0%2CN%3Bphotogallery%2C25.100.0%2CN%3Bform%2C26.0.0%2CN%3Bbitrixcloud%2C25.100.0%2CN%3Bsubscribe%2C25.0.0%2CN%3Bmessageservice%2C25.200.100%2CN%3Bui%2C26.150.0%2CN%3Blocation%2C25.400.0%2CN%3Bperfmon%2C25.300.0%2CN%3Bseo%2C25.100.400%2CN%3Bvote%2C26.0.0%2CN%3Btranslate%2C25.100.0%2CN%3Bsecurity%2C25.0.0%2CN%3Bbitrix.sitecorporate%2C26.0.0%2CN%3Bsearch%2C25.200.0%2CN&reqm=bitrix.sitecorporate&fullmoduleinfo=Y&SUPD_SRS=RU&SUPD_CMP=N
2026-06-15 12:30:40 -  - exec CUpdateClientPartner::GetHTTPPage
2026-06-15 12:30:41 -  - TIME GetUpdatesList(request) 0.158 sec
2026-06-15 12:30:41 -  - exec CUpdateClientPartner::ParseServerData
2026-06-15 12:30:57 -  - exec CUpdateClientPartner::GetUpdatesList
2026-06-15 12:30:57 -  - exec CUpdateClientPartner::__CollectRequestData
2026-06-15 12:30:57 -  - utf=Y&lang=ru&stable=Y&CANGZIP=Y&SUPD_DBS=MYSQL&XE=N&CLIENT_SITE=localhost&LICENSE_KEY=X&SUPD_STS=2&SUPD_URS=0&TYPENC=D&CLIENT_PHPVER=8.5.7&NGINX=Y&dbv=8.0.45&instm=main%2C26.150.0%2CY%3Bmobileapp%2C25.0.100%2CN%3Bblog%2C26.400.0%2CN%3Bb24connector%2C25.0.0%2CN%3Bhighloadblock%2C25.100.0%2CN%3Biblock%2C25.300.0%2CN%3Bsocialservices%2C26.0.0%2CN%3Brest%2C26.0.0%2CN%3Bfileman%2C25.200.200%2CN%3Bforum%2C26.0.0%2CN%3Blanding%2C26.200.0%2CN%3Bclouds%2C25.100.0%2CN%3Bphotogallery%2C25.100.0%2CN%3Bform%2C26.0.0%2CN%3Bbitrixcloud%2C25.100.0%2CN%3Bsubscribe%2C25.0.0%2CN%3Bmessageservice%2C25.200.100%2CN%3Bui%2C26.150.0%2CN%3Blocation%2C25.400.0%2CN%3Bperfmon%2C25.300.0%2CN%3Bseo%2C25.100.400%2CN%3Bvote%2C26.0.0%2CN%3Btranslate%2C25.100.0%2CN%3Bsecurity%2C25.0.0%2CN%3Bbitrix.sitecorporate%2C26.0.0%2CN%3Bsearch%2C25.200.0%2CN&reqm=bitrix.sitecorporate&fullmoduleinfo=Y&SUPD_SRS=RU&SUPD_CMP=N
2026-06-15 12:30:57 -  - exec CUpdateClientPartner::GetHTTPPage
2026-06-15 12:30:57 -  - TIME GetUpdatesList(request) 0.173 sec
2026-06-15 12:30:57 -  - exec CUpdateClientPartner::ParseServerData
2026-06-15 12:30:58 -  - exec CUpdateClientPartner::GetUpdatesList
2026-06-15 12:30:58 -  - exec CUpdateClientPartner::__CollectRequestData
2026-06-15 12:30:58 -  - utf=Y&lang=ru&stable=Y&CANGZIP=Y&SUPD_DBS=MYSQL&XE=N&CLIENT_SITE=localhost&LICENSE_KEY=X&SUPD_STS=2&SUPD_URS=0&TYPENC=D&CLIENT_PHPVER=8.5.7&NGINX=Y&dbv=8.0.45&instm=main%2C26.150.0%2CY%3Bmobileapp%2C25.0.100%2CN%3Bblog%2C26.400.0%2CN%3Bb24connector%2C25.0.0%2CN%3Bhighloadblock%2C25.100.0%2CN%3Biblock%2C25.300.0%2CN%3Bsocialservices%2C26.0.0%2CN%3Brest%2C26.0.0%2CN%3Bfileman%2C25.200.200%2CN%3Bforum%2C26.0.0%2CN%3Blanding%2C26.200.0%2CN%3Bclouds%2C25.100.0%2CN%3Bphotogallery%2C25.100.0%2CN%3Bform%2C26.0.0%2CN%3Bbitrixcloud%2C25.100.0%2CN%3Bsubscribe%2C25.0.0%2CN%3Bmessageservice%2C25.200.100%2CN%3Bui%2C26.150.0%2CN%3Blocation%2C25.400.0%2CN%3Bperfmon%2C25.300.0%2CN%3Bseo%2C25.100.400%2CN%3Bvote%2C26.0.0%2CN%3Btranslate%2C25.100.0%2CN%3Bsecurity%2C25.0.0%2CN%3Bbitrix.sitecorporate%2C26.0.0%2CN%3Bsearch%2C25.200.0%2CN&reqm=bitrix.sitecorporate&fullmoduleinfo=Y&SUPD_SRS=RU&SUPD_CMP=N
2026-06-15 12:30:58 -  - exec CUpdateClientPartner::GetHTTPPage
2026-06-15 12:30:58 -  - TIME GetUpdatesList(request) 0.157 sec
2026-06-15 12:30:58 -  - exec CUpdateClientPartner::ParseServerData
2026-06-15 12:30:59 -  - exec CUpdateClientPartner::GetUpdatesList
2026-06-15 12:30:59 -  - exec CUpdateClientPartner::__CollectRequestData
2026-06-15 12:30:59 -  - utf=Y&lang=ru&stable=Y&CANGZIP=Y&SUPD_DBS=MYSQL&XE=N&CLIENT_SITE=localhost&LICENSE_KEY=X&SUPD_STS=2&SUPD_URS=0&TYPENC=D&CLIENT_PHPVER=8.5.7&NGINX=Y&dbv=8.0.45&instm=main%2C26.150.0%2CY%3Bmobileapp%2C25.0.100%2CN%3Bblog%2C26.400.0%2CN%3Bb24connector%2C25.0.0%2CN%3Bhighloadblock%2C25.100.0%2CN%3Biblock%2C25.300.0%2CN%3Bsocialservices%2C26.0.0%2CN%3Brest%2C26.0.0%2CN%3Bfileman%2C25.200.200%2CN%3Bforum%2C26.0.0%2CN%3Blanding%2C26.200.0%2CN%3Bclouds%2C25.100.0%2CN%3Bphotogallery%2C25.100.0%2CN%3Bform%2C26.0.0%2CN%3Bbitrixcloud%2C25.100.0%2CN%3Bsubscribe%2C25.0.0%2CN%3Bmessageservice%2C25.200.100%2CN%3Bui%2C26.150.0%2CN%3Blocation%2C25.400.0%2CN%3Bperfmon%2C25.300.0%2CN%3Bseo%2C25.100.400%2CN%3Bvote%2C26.0.0%2CN%3Btranslate%2C25.100.0%2CN%3Bsecurity%2C25.0.0%2CN%3Bbitrix.sitecorporate%2C26.0.0%2CN%3Bsearch%2C25.200.0%2CN&reqm=bitrix.sitecorporate&fullmoduleinfo=Y&SUPD_SRS=RU&SUPD_CMP=N
2026-06-15 12:30:59 -  - exec CUpdateClientPartner::GetHTTPPage
2026-06-15 12:30:59 -  - TIME GetUpdatesList(request) 0.149 sec
2026-06-15 12:30:59 -  - exec CUpdateClientPartner::ParseServerData
2026-06-15 12:31:22 -  - exec CUpdateClientPartner::GetUpdatesList
2026-06-15 12:31:22 -  - exec CUpdateClientPartner::__CollectRequestData
2026-06-15 12:31:22 -  - utf=Y&lang=ru&stable=Y&CANGZIP=Y&SUPD_DBS=MYSQL&XE=N&CLIENT_SITE=localhost&LICENSE_KEY=X&SUPD_STS=2&SUPD_URS=0&TYPENC=D&CLIENT_PHPVER=8.5.7&NGINX=Y&dbv=8.0.45&instm=main%2C26.150.0%2CY%3Bmobileapp%2C25.0.100%2CN%3Bblog%2C26.400.0%2CN%3Bb24connector%2C25.0.0%2CN%3Bhighloadblock%2C25.100.0%2CN%3Biblock%2C25.300.0%2CN%3Bsocialservices%2C26.0.0%2CN%3Brest%2C26.0.0%2CN%3Bfileman%2C25.200.200%2CN%3Bforum%2C26.0.0%2CN%3Blanding%2C26.200.0%2CN%3Bclouds%2C25.100.0%2CN%3Bphotogallery%2C25.100.0%2CN%3Bform%2C26.0.0%2CN%3Bbitrixcloud%2C25.100.0%2CN%3Bsubscribe%2C25.0.0%2CN%3Bmessageservice%2C25.200.100%2CN%3Bui%2C26.150.0%2CN%3Blocation%2C25.400.0%2CN%3Bperfmon%2C25.300.0%2CN%3Bseo%2C25.100.400%2CN%3Bvote%2C26.0.0%2CN%3Btranslate%2C25.100.0%2CN%3Bsecurity%2C25.0.0%2CN%3Bbitrix.sitecorporate%2C26.0.0%2CN%3Bsearch%2C25.200.0%2CN&reqm=bitrix.sitecorporate&fullmoduleinfo=Y&SUPD_SRS=RU&SUPD_CMP=N
2026-06-15 12:31:22 -  - exec CUpdateClientPartner::GetHTTPPage
2026-06-15 12:31:22 -  - TIME GetUpdatesList(request) 0.169 sec
2026-06-15 12:31:22 -  - exec CUpdateClientPartner::ParseServerData
2026-06-15 12:31:25 -  - exec CUpdateClientPartner::GetUpdatesList
2026-06-15 12:31:25 -  - exec CUpdateClientPartner::__CollectRequestData
2026-06-15 12:31:25 -  - utf=Y&lang=ru&stable=Y&CANGZIP=Y&SUPD_DBS=MYSQL&XE=N&CLIENT_SITE=localhost&LICENSE_KEY=X&SUPD_STS=2&SUPD_URS=0&TYPENC=D&CLIENT_PHPVER=8.5.7&NGINX=Y&dbv=8.0.45&instm=main%2C26.150.0%2CY%3Bmobileapp%2C25.0.100%2CN%3Bblog%2C26.400.0%2CN%3Bb24connector%2C25.0.0%2CN%3Bhighloadblock%2C25.100.0%2CN%3Biblock%2C25.300.0%2CN%3Bsocialservices%2C26.0.0%2CN%3Brest%2C26.0.0%2CN%3Bfileman%2C25.200.200%2CN%3Bforum%2C26.0.0%2CN%3Blanding%2C26.200.0%2CN%3Bclouds%2C25.100.0%2CN%3Bphotogallery%2C25.100.0%2CN%3Bform%2C26.0.0%2CN%3Bbitrixcloud%2C25.100.0%2CN%3Bsubscribe%2C25.0.0%2CN%3Bmessageservice%2C25.200.100%2CN%3Bui%2C26.150.0%2CN%3Blocation%2C25.400.0%2CN%3Bperfmon%2C25.300.0%2CN%3Bseo%2C25.100.400%2CN%3Bvote%2C26.0.0%2CN%3Btranslate%2C25.100.0%2CN%3Bsecurity%2C25.0.0%2CN%3Bbitrix.sitecorporate%2C26.0.0%2CN%3Bsearch%2C25.200.0%2CN&reqm=bitrix.sitecorporate&fullmoduleinfo=Y&SUPD_SRS=RU&SUPD_CMP=N
2026-06-15 12:31:25 -  - exec CUpdateClientPartner::GetHTTPPage
2026-06-15 12:31:25 -  - TIME GetUpdatesList(request) 0.149 sec
2026-06-15 12:31:25 -  - exec CUpdateClientPartner::ParseServerData
2026-06-15 12:31:26 -  - exec CUpdateClientPartner::GetUpdatesList
2026-06-15 12:31:26 -  - exec CUpdateClientPartner::__CollectRequestData
2026-06-15 12:31:26 -  - utf=Y&lang=ru&stable=Y&CANGZIP=Y&SUPD_DBS=MYSQL&XE=N&CLIENT_SITE=localhost&LICENSE_KEY=X&SUPD_STS=2&SUPD_URS=0&TYPENC=D&CLIENT_PHPVER=8.5.7&NGINX=Y&dbv=8.0.45&instm=main%2C26.150.0%2CY%3Bmobileapp%2C25.0.100%2CN%3Bblog%2C26.400.0%2CN%3Bb24connector%2C25.0.0%2CN%3Bhighloadblock%2C25.100.0%2CN%3Biblock%2C25.300.0%2CN%3Bsocialservices%2C26.0.0%2CN%3Brest%2C26.0.0%2CN%3Bfileman%2C25.200.200%2CN%3Bforum%2C26.0.0%2CN%3Blanding%2C26.200.0%2CN%3Bclouds%2C25.100.0%2CN%3Bphotogallery%2C25.100.0%2CN%3Bform%2C26.0.0%2CN%3Bbitrixcloud%2C25.100.0%2CN%3Bsubscribe%2C25.0.0%2CN%3Bmessageservice%2C25.200.100%2CN%3Bui%2C26.150.0%2CN%3Blocation%2C25.400.0%2CN%3Bperfmon%2C25.300.0%2CN%3Bseo%2C25.100.400%2CN%3Bvote%2C26.0.0%2CN%3Btranslate%2C25.100.0%2CN%3Bsecurity%2C25.0.0%2CN%3Bbitrix.sitecorporate%2C26.0.0%2CN%3Bsearch%2C25.200.0%2CN&reqm=bitrix.sitecorporate&fullmoduleinfo=Y&SUPD_SRS=RU&SUPD_CMP=N
2026-06-15 12:31:26 -  - exec CUpdateClientPartner::GetHTTPPage
2026-06-15 12:31:26 -  - TIME GetUpdatesList(request) 0.153 sec
2026-06-15 12:31:26 -  - exec CUpdateClientPartner::ParseServerData
2026-06-15 12:32:19 -  - exec CUpdateClientPartner::GetUpdatesList
2026-06-15 12:32:19 -  - exec CUpdateClientPartner::__CollectRequestData
2026-06-15 12:32:19 -  - utf=Y&lang=ru&stable=Y&CANGZIP=Y&SUPD_DBS=MYSQL&XE=N&CLIENT_SITE=localhost&LICENSE_KEY=X&SUPD_STS=2&SUPD_URS=0&TYPENC=D&CLIENT_PHPVER=8.5.7&NGINX=Y&dbv=8.0.45&instm=main%2C26.150.0%2CY%3Bmobileapp%2C25.0.100%2CN%3Bblog%2C26.400.0%2CN%3Bb24connector%2C25.0.0%2CN%3Bhighloadblock%2C25.100.0%2CN%3Biblock%2C25.300.0%2CN%3Bsocialservices%2C26.0.0%2CN%3Brest%2C26.0.0%2CN%3Bfileman%2C25.200.200%2CN%3Bforum%2C26.0.0%2CN%3Blanding%2C26.200.0%2CN%3Bclouds%2C25.100.0%2CN%3Bphotogallery%2C25.100.0%2CN%3Bform%2C26.0.0%2CN%3Bbitrixcloud%2C25.100.0%2CN%3Bsubscribe%2C25.0.0%2CN%3Bmessageservice%2C25.200.100%2CN%3Bui%2C26.150.0%2CN%3Blocation%2C25.400.0%2CN%3Bperfmon%2C25.300.0%2CN%3Bseo%2C25.100.400%2CN%3Bvote%2C26.0.0%2CN%3Btranslate%2C25.100.0%2CN%3Bsecurity%2C25.0.0%2CN%3Bbitrix.sitecorporate%2C26.0.0%2CN%3Bsearch%2C25.200.0%2CN&reqm=bitrix.sitecorporate&fullmoduleinfo=Y&SUPD_SRS=RU&SUPD_CMP=N
2026-06-15 12:32:19 -  - exec CUpdateClientPartner::GetHTTPPage
2026-06-15 12:32:20 -  - TIME GetUpdatesList(request) 0.163 sec
2026-06-15 12:32:20 -  - exec CUpdateClientPartner::ParseServerData
2026-06-15 12:32:24 -  - exec CUpdateClientPartner::GetUpdatesList
2026-06-15 12:32:24 -  - exec CUpdateClientPartner::__CollectRequestData
2026-06-15 12:32:24 -  - utf=Y&lang=ru&stable=Y&CANGZIP=Y&SUPD_DBS=MYSQL&XE=N&CLIENT_SITE=localhost&LICENSE_KEY=X&SUPD_STS=2&SUPD_URS=0&TYPENC=D&CLIENT_PHPVER=8.5.7&NGINX=Y&dbv=8.0.45&instm=main%2C26.150.0%2CY%3Bmobileapp%2C25.0.100%2CN%3Bblog%2C26.400.0%2CN%3Bb24connector%2C25.0.0%2CN%3Bhighloadblock%2C25.100.0%2CN%3Biblock%2C25.300.0%2CN%3Bsocialservices%2C26.0.0%2CN%3Brest%2C26.0.0%2CN%3Bfileman%2C25.200.200%2CN%3Bforum%2C26.0.0%2CN%3Blanding%2C26.200.0%2CN%3Bclouds%2C25.100.0%2CN%3Bphotogallery%2C25.100.0%2CN%3Bform%2C26.0.0%2CN%3Bbitrixcloud%2C25.100.0%2CN%3Bsubscribe%2C25.0.0%2CN%3Bmessageservice%2C25.200.100%2CN%3Bui%2C26.150.0%2CN%3Blocation%2C25.400.0%2CN%3Bperfmon%2C25.300.0%2CN%3Bseo%2C25.100.400%2CN%3Bvote%2C26.0.0%2CN%3Btranslate%2C25.100.0%2CN%3Bsecurity%2C25.0.0%2CN%3Bbitrix.sitecorporate%2C26.0.0%2CN%3Bsearch%2C25.200.0%2CN&reqm=bitrix.sitecorporate&fullmoduleinfo=Y&SUPD_SRS=RU&SUPD_CMP=N
2026-06-15 12:32:24 -  - exec CUpdateClientPartner::GetHTTPPage
2026-06-15 12:32:24 -  - TIME GetUpdatesList(request) 0.162 sec
2026-06-15 12:32:24 -  - exec CUpdateClientPartner::ParseServerData
2026-06-15 12:32:26 -  - exec CUpdateClientPartner::GetUpdatesList
2026-06-15 12:32:26 -  - exec CUpdateClientPartner::__CollectRequestData
2026-06-15 12:32:26 -  - utf=Y&lang=ru&stable=Y&CANGZIP=Y&SUPD_DBS=MYSQL&XE=N&CLIENT_SITE=localhost&LICENSE_KEY=X&SUPD_STS=2&SUPD_URS=0&TYPENC=D&CLIENT_PHPVER=8.5.7&NGINX=Y&dbv=8.0.45&instm=main%2C26.150.0%2CY%3Bmobileapp%2C25.0.100%2CN%3Bblog%2C26.400.0%2CN%3Bb24connector%2C25.0.0%2CN%3Bhighloadblock%2C25.100.0%2CN%3Biblock%2C25.300.0%2CN%3Bsocialservices%2C26.0.0%2CN%3Brest%2C26.0.0%2CN%3Bfileman%2C25.200.200%2CN%3Bforum%2C26.0.0%2CN%3Blanding%2C26.200.0%2CN%3Bclouds%2C25.100.0%2CN%3Bphotogallery%2C25.100.0%2CN%3Bform%2C26.0.0%2CN%3Bbitrixcloud%2C25.100.0%2CN%3Bsubscribe%2C25.0.0%2CN%3Bmessageservice%2C25.200.100%2CN%3Bui%2C26.150.0%2CN%3Blocation%2C25.400.0%2CN%3Bperfmon%2C25.300.0%2CN%3Bseo%2C25.100.400%2CN%3Bvote%2C26.0.0%2CN%3Btranslate%2C25.100.0%2CN%3Bsecurity%2C25.0.0%2CN%3Bbitrix.sitecorporate%2C26.0.0%2CN%3Bsearch%2C25.200.0%2CN&reqm=bitrix.sitecorporate&fullmoduleinfo=Y&SUPD_SRS=RU&SUPD_CMP=N
2026-06-15 12:32:26 -  - exec CUpdateClientPartner::GetHTTPPage
2026-06-15 12:32:26 -  - TIME GetUpdatesList(request) 0.148 sec
2026-06-15 12:32:26 -  - exec CUpdateClientPartner::ParseServerData
2026-06-15 12:32:27 -  - exec CUpdateClientPartner::GetUpdatesList
2026-06-15 12:32:27 -  - exec CUpdateClientPartner::__CollectRequestData
2026-06-15 12:32:27 -  - utf=Y&lang=ru&stable=Y&CANGZIP=Y&SUPD_DBS=MYSQL&XE=N&CLIENT_SITE=localhost&LICENSE_KEY=X&SUPD_STS=2&SUPD_URS=0&TYPENC=D&CLIENT_PHPVER=8.5.7&NGINX=Y&dbv=8.0.45&instm=main%2C26.150.0%2CY%3Bmobileapp%2C25.0.100%2CN%3Bblog%2C26.400.0%2CN%3Bb24connector%2C25.0.0%2CN%3Bhighloadblock%2C25.100.0%2CN%3Biblock%2C25.300.0%2CN%3Bsocialservices%2C26.0.0%2CN%3Brest%2C26.0.0%2CN%3Bfileman%2C25.200.200%2CN%3Bforum%2C26.0.0%2CN%3Blanding%2C26.200.0%2CN%3Bclouds%2C25.100.0%2CN%3Bphotogallery%2C25.100.0%2CN%3Bform%2C26.0.0%2CN%3Bbitrixcloud%2C25.100.0%2CN%3Bsubscribe%2C25.0.0%2CN%3Bmessageservice%2C25.200.100%2CN%3Bui%2C26.150.0%2CN%3Blocation%2C25.400.0%2CN%3Bperfmon%2C25.300.0%2CN%3Bseo%2C25.100.400%2CN%3Bvote%2C26.0.0%2CN%3Btranslate%2C25.100.0%2CN%3Bsecurity%2C25.0.0%2CN%3Bbitrix.sitecorporate%2C26.0.0%2CN%3Bsearch%2C25.200.0%2CN&reqm=bitrix.sitecorporate&fullmoduleinfo=Y&SUPD_SRS=RU&SUPD_CMP=N
2026-06-15 12:32:27 -  - exec CUpdateClientPartner::GetHTTPPage
2026-06-15 12:32:27 -  - TIME GetUpdatesList(request) 0.133 sec
2026-06-15 12:32:27 -  - exec CUpdateClientPartner::ParseServerData
2026-06-15 12:32:36 -  - exec CUpdateClientPartner::GetUpdatesList
2026-06-15 12:32:36 -  - exec CUpdateClientPartner::__CollectRequestData
2026-06-15 12:32:36 -  - utf=Y&lang=ru&stable=Y&CANGZIP=Y&SUPD_DBS=MYSQL&XE=N&CLIENT_SITE=localhost&LICENSE_KEY=X&SUPD_STS=2&SUPD_URS=0&TYPENC=D&CLIENT_PHPVER=8.5.7&NGINX=Y&dbv=8.0.45&instm=main%2C26.150.0%2CY%3Bmobileapp%2C25.0.100%2CN%3Bblog%2C26.400.0%2CN%3Bb24connector%2C25.0.0%2CN%3Bhighloadblock%2C25.100.0%2CN%3Biblock%2C25.300.0%2CN%3Bsocialservices%2C26.0.0%2CN%3Brest%2C26.0.0%2CN%3Bfileman%2C25.200.200%2CN%3Bforum%2C26.0.0%2CN%3Blanding%2C26.200.0%2CN%3Bclouds%2C25.100.0%2CN%3Bphotogallery%2C25.100.0%2CN%3Bform%2C26.0.0%2CN%3Bbitrixcloud%2C25.100.0%2CN%3Bsubscribe%2C25.0.0%2CN%3Bmessageservice%2C25.200.100%2CN%3Bui%2C26.150.0%2CN%3Blocation%2C25.400.0%2CN%3Bperfmon%2C25.300.0%2CN%3Bseo%2C25.100.400%2CN%3Bvote%2C26.0.0%2CN%3Btranslate%2C25.100.0%2CN%3Bsecurity%2C25.0.0%2CN%3Bbitrix.sitecorporate%2C26.0.0%2CN%3Bsearch%2C25.200.0%2CN&reqm=bitrix.sitecorporate&fullmoduleinfo=Y&SUPD_SRS=RU&SUPD_CMP=N
2026-06-15 12:32:36 -  - exec CUpdateClientPartner::GetHTTPPage
2026-06-15 12:32:36 -  - TIME GetUpdatesList(request) 0.153 sec
2026-06-15 12:32:36 -  - exec CUpdateClientPartner::ParseServerData
2026-06-15 12:32:38 -  - exec CUpdateClientPartner::GetUpdatesList
2026-06-15 12:32:38 -  - exec CUpdateClientPartner::__CollectRequestData
2026-06-15 12:32:38 -  - utf=Y&lang=ru&stable=Y&CANGZIP=Y&SUPD_DBS=MYSQL&XE=N&CLIENT_SITE=localhost&LICENSE_KEY=X&SUPD_STS=2&SUPD_URS=0&TYPENC=D&CLIENT_PHPVER=8.5.7&NGINX=Y&dbv=8.0.45&instm=main%2C26.150.0%2CY%3Bmobileapp%2C25.0.100%2CN%3Bblog%2C26.400.0%2CN%3Bb24connector%2C25.0.0%2CN%3Bhighloadblock%2C25.100.0%2CN%3Biblock%2C25.300.0%2CN%3Bsocialservices%2C26.0.0%2CN%3Brest%2C26.0.0%2CN%3Bfileman%2C25.200.200%2CN%3Bforum%2C26.0.0%2CN%3Blanding%2C26.200.0%2CN%3Bclouds%2C25.100.0%2CN%3Bphotogallery%2C25.100.0%2CN%3Bform%2C26.0.0%2CN%3Bbitrixcloud%2C25.100.0%2CN%3Bsubscribe%2C25.0.0%2CN%3Bmessageservice%2C25.200.100%2CN%3Bui%2C26.150.0%2CN%3Blocation%2C25.400.0%2CN%3Bperfmon%2C25.300.0%2CN%3Bseo%2C25.100.400%2CN%3Bvote%2C26.0.0%2CN%3Btranslate%2C25.100.0%2CN%3Bsecurity%2C25.0.0%2CN%3Bbitrix.sitecorporate%2C26.0.0%2CN%3Bsearch%2C25.200.0%2CN&reqm=bitrix.sitecorporate&fullmoduleinfo=Y&SUPD_SRS=RU&SUPD_CMP=N
2026-06-15 12:32:38 -  - exec CUpdateClientPartner::GetHTTPPage
2026-06-15 12:32:38 -  - TIME GetUpdatesList(request) 0.171 sec
2026-06-15 12:32:38 -  - exec CUpdateClientPartner::ParseServerData
2026-06-15 12:32:43 -  - exec CUpdateClientPartner::GetUpdatesList
2026-06-15 12:32:43 -  - exec CUpdateClientPartner::__CollectRequestData
2026-06-15 12:32:43 -  - utf=Y&lang=ru&stable=Y&CANGZIP=Y&SUPD_DBS=MYSQL&XE=N&CLIENT_SITE=localhost&LICENSE_KEY=X&SUPD_STS=2&SUPD_URS=0&TYPENC=D&CLIENT_PHPVER=8.5.7&NGINX=Y&dbv=8.0.45&instm=main%2C26.150.0%2CY%3Bmobileapp%2C25.0.100%2CN%3Bblog%2C26.400.0%2CN%3Bb24connector%2C25.0.0%2CN%3Bhighloadblock%2C25.100.0%2CN%3Biblock%2C25.300.0%2CN%3Bsocialservices%2C26.0.0%2CN%3Brest%2C26.0.0%2CN%3Bfileman%2C25.200.200%2CN%3Bforum%2C26.0.0%2CN%3Blanding%2C26.200.0%2CN%3Bclouds%2C25.100.0%2CN%3Bphotogallery%2C25.100.0%2CN%3Bform%2C26.0.0%2CN%3Bbitrixcloud%2C25.100.0%2CN%3Bsubscribe%2C25.0.0%2CN%3Bmessageservice%2C25.200.100%2CN%3Bui%2C26.150.0%2CN%3Blocation%2C25.400.0%2CN%3Bperfmon%2C25.300.0%2CN%3Bseo%2C25.100.400%2CN%3Bvote%2C26.0.0%2CN%3Btranslate%2C25.100.0%2CN%3Bsecurity%2C25.0.0%2CN%3Bbitrix.sitecorporate%2C26.0.0%2CN%3Bsearch%2C25.200.0%2CN&reqm=bitrix.sitecorporate&fullmoduleinfo=Y&SUPD_SRS=RU&SUPD_CMP=N
2026-06-15 12:32:43 -  - exec CUpdateClientPartner::GetHTTPPage
2026-06-15 12:32:43 -  - TIME GetUpdatesList(request) 0.177 sec
2026-06-15 12:32:43 -  - exec CUpdateClientPartner::ParseServerData
2026-06-15 12:32:44 -  - exec CUpdateClientPartner::GetUpdatesList
2026-06-15 12:32:44 -  - exec CUpdateClientPartner::__CollectRequestData
2026-06-15 12:32:44 -  - utf=Y&lang=ru&stable=Y&CANGZIP=Y&SUPD_DBS=MYSQL&XE=N&CLIENT_SITE=localhost&LICENSE_KEY=X&SUPD_STS=2&SUPD_URS=0&TYPENC=D&CLIENT_PHPVER=8.5.7&NGINX=Y&dbv=8.0.45&instm=main%2C26.150.0%2CY%3Bmobileapp%2C25.0.100%2CN%3Bblog%2C26.400.0%2CN%3Bb24connector%2C25.0.0%2CN%3Bhighloadblock%2C25.100.0%2CN%3Biblock%2C25.300.0%2CN%3Bsocialservices%2C26.0.0%2CN%3Brest%2C26.0.0%2CN%3Bfileman%2C25.200.200%2CN%3Bforum%2C26.0.0%2CN%3Blanding%2C26.200.0%2CN%3Bclouds%2C25.100.0%2CN%3Bphotogallery%2C25.100.0%2CN%3Bform%2C26.0.0%2CN%3Bbitrixcloud%2C25.100.0%2CN%3Bsubscribe%2C25.0.0%2CN%3Bmessageservice%2C25.200.100%2CN%3Bui%2C26.150.0%2CN%3Blocation%2C25.400.0%2CN%3Bperfmon%2C25.300.0%2CN%3Bseo%2C25.100.400%2CN%3Bvote%2C26.0.0%2CN%3Btranslate%2C25.100.0%2CN%3Bsecurity%2C25.0.0%2CN%3Bbitrix.sitecorporate%2C26.0.0%2CN%3Bsearch%2C25.200.0%2CN&reqm=bitrix.sitecorporate&fullmoduleinfo=Y&SUPD_SRS=RU&SUPD_CMP=N
2026-06-15 12:32:44 -  - exec CUpdateClientPartner::GetHTTPPage
2026-06-15 12:32:44 -  - TIME GetUpdatesList(request) 0.17 sec
2026-06-15 12:32:44 -  - exec CUpdateClientPartner::ParseServerData
2026-06-15 12:32:52 -  - exec CUpdateClientPartner::GetUpdatesList
2026-06-15 12:32:52 -  - exec CUpdateClientPartner::__CollectRequestData
2026-06-15 12:32:52 -  - utf=Y&lang=ru&stable=Y&CANGZIP=Y&SUPD_DBS=MYSQL&XE=N&CLIENT_SITE=localhost&LICENSE_KEY=X&SUPD_STS=2&SUPD_URS=0&TYPENC=D&CLIENT_PHPVER=8.5.7&NGINX=Y&dbv=8.0.45&instm=main%2C26.150.0%2CY%3Bmobileapp%2C25.0.100%2CN%3Bblog%2C26.400.0%2CN%3Bb24connector%2C25.0.0%2CN%3Bhighloadblock%2C25.100.0%2CN%3Biblock%2C25.300.0%2CN%3Bsocialservices%2C26.0.0%2CN%3Brest%2C26.0.0%2CN%3Bfileman%2C25.200.200%2CN%3Bforum%2C26.0.0%2CN%3Blanding%2C26.200.0%2CN%3Bclouds%2C25.100.0%2CN%3Bphotogallery%2C25.100.0%2CN%3Bform%2C26.0.0%2CN%3Bbitrixcloud%2C25.100.0%2CN%3Bsubscribe%2C25.0.0%2CN%3Bmessageservice%2C25.200.100%2CN%3Bui%2C26.150.0%2CN%3Blocation%2C25.400.0%2CN%3Bperfmon%2C25.300.0%2CN%3Bseo%2C25.100.400%2CN%3Bvote%2C26.0.0%2CN%3Btranslate%2C25.100.0%2CN%3Bsecurity%2C25.0.0%2CN%3Bbitrix.sitecorporate%2C26.0.0%2CN%3Bsearch%2C25.200.0%2CN&reqm=bitrix.sitecorporate&fullmoduleinfo=Y&SUPD_SRS=RU&SUPD_CMP=N
2026-06-15 12:32:52 -  - exec CUpdateClientPartner::GetHTTPPage
2026-06-15 12:32:53 -  - TIME GetUpdatesList(request) 0.169 sec
2026-06-15 12:32:53 -  - exec CUpdateClientPartner::ParseServerData
2026-06-15 12:32:54 -  - exec CUpdateClientPartner::GetUpdatesList
2026-06-15 12:32:54 -  - exec CUpdateClientPartner::__CollectRequestData
2026-06-15 12:32:54 -  - utf=Y&lang=ru&stable=Y&CANGZIP=Y&SUPD_DBS=MYSQL&XE=N&CLIENT_SITE=localhost&LICENSE_KEY=X&SUPD_STS=2&SUPD_URS=0&TYPENC=D&CLIENT_PHPVER=8.5.7&NGINX=Y&dbv=8.0.45&instm=main%2C26.150.0%2CY%3Bmobileapp%2C25.0.100%2CN%3Bblog%2C26.400.0%2CN%3Bb24connector%2C25.0.0%2CN%3Bhighloadblock%2C25.100.0%2CN%3Biblock%2C25.300.0%2CN%3Bsocialservices%2C26.0.0%2CN%3Brest%2C26.0.0%2CN%3Bfileman%2C25.200.200%2CN%3Bforum%2C26.0.0%2CN%3Blanding%2C26.200.0%2CN%3Bclouds%2C25.100.0%2CN%3Bphotogallery%2C25.100.0%2CN%3Bform%2C26.0.0%2CN%3Bbitrixcloud%2C25.100.0%2CN%3Bsubscribe%2C25.0.0%2CN%3Bmessageservice%2C25.200.100%2CN%3Bui%2C26.150.0%2CN%3Blocation%2C25.400.0%2CN%3Bperfmon%2C25.300.0%2CN%3Bseo%2C25.100.400%2CN%3Bvote%2C26.0.0%2CN%3Btranslate%2C25.100.0%2CN%3Bsecurity%2C25.0.0%2CN%3Bbitrix.sitecorporate%2C26.0.0%2CN%3Bsearch%2C25.200.0%2CN&reqm=bitrix.sitecorporate&fullmoduleinfo=Y&SUPD_SRS=RU&SUPD_CMP=N
2026-06-15 12:32:54 -  - exec CUpdateClientPartner::GetHTTPPage
2026-06-15 12:32:54 -  - TIME GetUpdatesList(request) 0.156 sec
2026-06-15 12:32:54 -  - exec CUpdateClientPartner::ParseServerData
2026-06-15 12:33:03 -  - exec CUpdateClientPartner::GetUpdatesList
2026-06-15 12:33:03 -  - exec CUpdateClientPartner::__CollectRequestData
2026-06-15 12:33:03 -  - utf=Y&lang=ru&stable=Y&CANGZIP=Y&SUPD_DBS=MYSQL&XE=N&CLIENT_SITE=localhost&LICENSE_KEY=X&SUPD_STS=2&SUPD_URS=0&TYPENC=D&CLIENT_PHPVER=8.5.7&NGINX=Y&dbv=8.0.45&instm=main%2C26.150.0%2CY%3Bmobileapp%2C25.0.100%2CN%3Bblog%2C26.400.0%2CN%3Bb24connector%2C25.0.0%2CN%3Bhighloadblock%2C25.100.0%2CN%3Biblock%2C25.300.0%2CN%3Bsocialservices%2C26.0.0%2CN%3Brest%2C26.0.0%2CN%3Bfileman%2C25.200.200%2CN%3Bforum%2C26.0.0%2CN%3Blanding%2C26.200.0%2CN%3Bclouds%2C25.100.0%2CN%3Bphotogallery%2C25.100.0%2CN%3Bform%2C26.0.0%2CN%3Bbitrixcloud%2C25.100.0%2CN%3Bsubscribe%2C25.0.0%2CN%3Bmessageservice%2C25.200.100%2CN%3Bui%2C26.150.0%2CN%3Blocation%2C25.400.0%2CN%3Bperfmon%2C25.300.0%2CN%3Bseo%2C25.100.400%2CN%3Bvote%2C26.0.0%2CN%3Btranslate%2C25.100.0%2CN%3Bsecurity%2C25.0.0%2CN%3Bbitrix.sitecorporate%2C26.0.0%2CN%3Bsearch%2C25.200.0%2CN&reqm=bitrix.sitecorporate&fullmoduleinfo=Y&SUPD_SRS=RU&SUPD_CMP=N
2026-06-15 12:33:03 -  - exec CUpdateClientPartner::GetHTTPPage
2026-06-15 12:33:03 -  - TIME GetUpdatesList(request) 0.136 sec
2026-06-15 12:33:03 -  - exec CUpdateClientPartner::ParseServerData
2026-06-15 12:33:10 -  - exec CUpdateClientPartner::GetUpdatesList
2026-06-15 12:33:10 -  - exec CUpdateClientPartner::__CollectRequestData
2026-06-15 12:33:10 -  - utf=Y&lang=ru&stable=Y&CANGZIP=Y&SUPD_DBS=MYSQL&XE=N&CLIENT_SITE=localhost&LICENSE_KEY=X&SUPD_STS=2&SUPD_URS=0&TYPENC=D&CLIENT_PHPVER=8.5.7&NGINX=Y&dbv=8.0.45&instm=main%2C26.150.0%2CY%3Bmobileapp%2C25.0.100%2CN%3Bblog%2C26.400.0%2CN%3Bb24connector%2C25.0.0%2CN%3Bhighloadblock%2C25.100.0%2CN%3Biblock%2C25.300.0%2CN%3Bsocialservices%2C26.0.0%2CN%3Brest%2C26.0.0%2CN%3Bfileman%2C25.200.200%2CN%3Bforum%2C26.0.0%2CN%3Blanding%2C26.200.0%2CN%3Bclouds%2C25.100.0%2CN%3Bphotogallery%2C25.100.0%2CN%3Bform%2C26.0.0%2CN%3Bbitrixcloud%2C25.100.0%2CN%3Bsubscribe%2C25.0.0%2CN%3Bmessageservice%2C25.200.100%2CN%3Bui%2C26.150.0%2CN%3Blocation%2C25.400.0%2CN%3Bperfmon%2C25.300.0%2CN%3Bseo%2C25.100.400%2CN%3Bvote%2C26.0.0%2CN%3Btranslate%2C25.100.0%2CN%3Bsecurity%2C25.0.0%2CN%3Bbitrix.sitecorporate%2C26.0.0%2CN%3Bsearch%2C25.200.0%2CN&reqm=bitrix.sitecorporate&fullmoduleinfo=Y&SUPD_SRS=RU&SUPD_CMP=N
2026-06-15 12:33:10 -  - exec CUpdateClientPartner::GetHTTPPage
2026-06-15 12:33:10 -  - TIME GetUpdatesList(request) 0.152 sec
2026-06-15 12:33:10 -  - exec CUpdateClientPartner::ParseServerData
2026-06-15 12:33:10 -  - exec CUpdateClientPartner::GetUpdatesList
2026-06-15 12:33:10 -  - exec CUpdateClientPartner::__CollectRequestData
2026-06-15 12:33:10 -  - utf=Y&lang=ru&stable=Y&CANGZIP=Y&SUPD_DBS=MYSQL&XE=N&CLIENT_SITE=localhost&LICENSE_KEY=X&SUPD_STS=2&SUPD_URS=0&TYPENC=D&CLIENT_PHPVER=8.5.7&NGINX=Y&dbv=8.0.45&instm=main%2C26.150.0%2CY%3Bmobileapp%2C25.0.100%2CN%3Bblog%2C26.400.0%2CN%3Bb24connector%2C25.0.0%2CN%3Bhighloadblock%2C25.100.0%2CN%3Biblock%2C25.300.0%2CN%3Bsocialservices%2C26.0.0%2CN%3Brest%2C26.0.0%2CN%3Bfileman%2C25.200.200%2CN%3Bforum%2C26.0.0%2CN%3Blanding%2C26.200.0%2CN%3Bclouds%2C25.100.0%2CN%3Bphotogallery%2C25.100.0%2CN%3Bform%2C26.0.0%2CN%3Bbitrixcloud%2C25.100.0%2CN%3Bsubscribe%2C25.0.0%2CN%3Bmessageservice%2C25.200.100%2CN%3Bui%2C26.150.0%2CN%3Blocation%2C25.400.0%2CN%3Bperfmon%2C25.300.0%2CN%3Bseo%2C25.100.400%2CN%3Bvote%2C26.0.0%2CN%3Btranslate%2C25.100.0%2CN%3Bsecurity%2C25.0.0%2CN%3Bbitrix.sitecorporate%2C26.0.0%2CN%3Bsearch%2C25.200.0%2CN&reqm=bitrix.sitecorporate&fullmoduleinfo=Y&SUPD_SRS=RU&SUPD_CMP=N
2026-06-15 12:33:10 -  - exec CUpdateClientPartner::GetHTTPPage
2026-06-15 12:33:11 -  - TIME GetUpdatesList(request) 0.132 sec
2026-06-15 12:33:11 -  - exec CUpdateClientPartner::ParseServerData
2026-06-15 12:43:43 -  - exec CUpdateClientPartner::GetUpdatesList
2026-06-15 12:43:43 -  - exec CUpdateClientPartner::__CollectRequestData
2026-06-15 12:43:43 -  - utf=Y&lang=ru&stable=Y&CANGZIP=Y&SUPD_DBS=MYSQL&XE=N&CLIENT_SITE=localhost&LICENSE_KEY=X&SUPD_STS=2&SUPD_URS=0&TYPENC=D&CLIENT_PHPVER=8.5.7&NGINX=Y&dbv=8.0.45&instm=main%2C26.150.0%2CY%3Bmobileapp%2C25.0.100%2CN%3Bblog%2C26.400.0%2CN%3Bb24connector%2C25.0.0%2CN%3Bhighloadblock%2C25.100.0%2CN%3Biblock%2C25.300.0%2CN%3Bsocialservices%2C26.0.0%2CN%3Brest%2C26.0.0%2CN%3Bfileman%2C25.200.200%2CN%3Bforum%2C26.0.0%2CN%3Blanding%2C26.200.0%2CN%3Bclouds%2C25.100.0%2CN%3Bphotogallery%2C25.100.0%2CN%3Bform%2C26.0.0%2CN%3Bbitrixcloud%2C25.100.0%2CN%3Bsubscribe%2C25.0.0%2CN%3Bmessageservice%2C25.200.100%2CN%3Bui%2C26.150.0%2CN%3Blocation%2C25.400.0%2CN%3Bperfmon%2C25.300.0%2CN%3Bseo%2C25.100.400%2CN%3Bvote%2C26.0.0%2CN%3Btranslate%2C25.100.0%2CN%3Bsecurity%2C25.0.0%2CN%3Bbitrix.sitecorporate%2C26.0.0%2CN%3Bsearch%2C25.200.0%2CN&reqm=bitrix.sitecorporate&fullmoduleinfo=Y&SUPD_SRS=RU&SUPD_CMP=N
2026-06-15 12:43:43 -  - exec CUpdateClientPartner::GetHTTPPage
2026-06-15 12:43:43 -  - TIME GetUpdatesList(request) 0.23 sec
2026-06-15 12:43:43 -  - exec CUpdateClientPartner::ParseServerData
2026-06-15 12:43:44 -  - exec CUpdateClientPartner::GetUpdatesList
2026-06-15 12:43:44 -  - exec CUpdateClientPartner::__CollectRequestData
2026-06-15 12:43:44 -  - utf=Y&lang=ru&stable=Y&CANGZIP=Y&SUPD_DBS=MYSQL&XE=N&CLIENT_SITE=localhost&LICENSE_KEY=X&SUPD_STS=2&SUPD_URS=0&TYPENC=D&CLIENT_PHPVER=8.5.7&NGINX=Y&dbv=8.0.45&instm=main%2C26.150.0%2CY%3Bmobileapp%2C25.0.100%2CN%3Bblog%2C26.400.0%2CN%3Bb24connector%2C25.0.0%2CN%3Bhighloadblock%2C25.100.0%2CN%3Biblock%2C25.300.0%2CN%3Bsocialservices%2C26.0.0%2CN%3Brest%2C26.0.0%2CN%3Bfileman%2C25.200.200%2CN%3Bforum%2C26.0.0%2CN%3Blanding%2C26.200.0%2CN%3Bclouds%2C25.100.0%2CN%3Bphotogallery%2C25.100.0%2CN%3Bform%2C26.0.0%2CN%3Bbitrixcloud%2C25.100.0%2CN%3Bsubscribe%2C25.0.0%2CN%3Bmessageservice%2C25.200.100%2CN%3Bui%2C26.150.0%2CN%3Blocation%2C25.400.0%2CN%3Bperfmon%2C25.300.0%2CN%3Bseo%2C25.100.400%2CN%3Bvote%2C26.0.0%2CN%3Btranslate%2C25.100.0%2CN%3Bsecurity%2C25.0.0%2CN%3Bbitrix.sitecorporate%2C26.0.0%2CN%3Bsearch%2C25.200.0%2CN&reqm=bitrix.sitecorporate&fullmoduleinfo=Y&SUPD_SRS=RU&SUPD_CMP=N
2026-06-15 12:43:44 -  - exec CUpdateClientPartner::GetHTTPPage
2026-06-15 12:43:44 -  - TIME GetUpdatesList(request) 0.168 sec
2026-06-15 12:43:44 -  - exec CUpdateClientPartner::ParseServerData
2026-06-15 12:43:50 -  - exec CUpdateClientPartner::GetUpdatesList
2026-06-15 12:43:50 -  - exec CUpdateClientPartner::__CollectRequestData
2026-06-15 12:43:50 -  - utf=Y&lang=ru&stable=Y&CANGZIP=Y&SUPD_DBS=MYSQL&XE=N&CLIENT_SITE=localhost&LICENSE_KEY=X&SUPD_STS=2&SUPD_URS=0&TYPENC=D&CLIENT_PHPVER=8.5.7&NGINX=Y&dbv=8.0.45&instm=main%2C26.150.0%2CY%3Bmobileapp%2C25.0.100%2CN%3Bblog%2C26.400.0%2CN%3Bb24connector%2C25.0.0%2CN%3Bhighloadblock%2C25.100.0%2CN%3Biblock%2C25.300.0%2CN%3Bsocialservices%2C26.0.0%2CN%3Brest%2C26.0.0%2CN%3Bfileman%2C25.200.200%2CN%3Bforum%2C26.0.0%2CN%3Blanding%2C26.200.0%2CN%3Bclouds%2C25.100.0%2CN%3Bphotogallery%2C25.100.0%2CN%3Bform%2C26.0.0%2CN%3Bbitrixcloud%2C25.100.0%2CN%3Bsubscribe%2C25.0.0%2CN%3Bmessageservice%2C25.200.100%2CN%3Bui%2C26.150.0%2CN%3Blocation%2C25.400.0%2CN%3Bperfmon%2C25.300.0%2CN%3Bseo%2C25.100.400%2CN%3Bvote%2C26.0.0%2CN%3Btranslate%2C25.100.0%2CN%3Bsecurity%2C25.0.0%2CN%3Bbitrix.sitecorporate%2C26.0.0%2CN%3Bsearch%2C25.200.0%2CN&reqm=bitrix.sitecorporate&fullmoduleinfo=Y&SUPD_SRS=RU&SUPD_CMP=N
2026-06-15 12:43:50 -  - exec CUpdateClientPartner::GetHTTPPage
2026-06-15 12:43:50 -  - TIME GetUpdatesList(request) 0.183 sec
2026-06-15 12:43:50 -  - exec CUpdateClientPartner::ParseServerData
2026-06-15 12:44:39 -  - exec CUpdateClientPartner::GetUpdatesList
2026-06-15 12:44:39 -  - exec CUpdateClientPartner::__CollectRequestData
2026-06-15 12:44:39 -  - utf=Y&lang=ru&stable=Y&CANGZIP=Y&SUPD_DBS=MYSQL&XE=N&CLIENT_SITE=localhost&LICENSE_KEY=X&SUPD_STS=2&SUPD_URS=0&TYPENC=D&CLIENT_PHPVER=8.5.7&NGINX=Y&dbv=8.0.45&instm=main%2C26.150.0%2CY%3Bmobileapp%2C25.0.100%2CN%3Bblog%2C26.400.0%2CN%3Bb24connector%2C25.0.0%2CN%3Bhighloadblock%2C25.100.0%2CN%3Biblock%2C25.300.0%2CN%3Bsocialservices%2C26.0.0%2CN%3Brest%2C26.0.0%2CN%3Bfileman%2C25.200.200%2CN%3Bforum%2C26.0.0%2CN%3Blanding%2C26.200.0%2CN%3Bclouds%2C25.100.0%2CN%3Bphotogallery%2C25.100.0%2CN%3Bform%2C26.0.0%2CN%3Bbitrixcloud%2C25.100.0%2CN%3Bsubscribe%2C25.0.0%2CN%3Bmessageservice%2C25.200.100%2CN%3Bui%2C26.150.0%2CN%3Blocation%2C25.400.0%2CN%3Bperfmon%2C25.300.0%2CN%3Bseo%2C25.100.400%2CN%3Bvote%2C26.0.0%2CN%3Btranslate%2C25.100.0%2CN%3Bsecurity%2C25.0.0%2CN%3Bbitrix.sitecorporate%2C26.0.0%2CN%3Bsearch%2C25.200.0%2CN&reqm=bitrix.sitecorporate&fullmoduleinfo=Y&SUPD_SRS=RU&SUPD_CMP=N
2026-06-15 12:44:39 -  - exec CUpdateClientPartner::GetHTTPPage
2026-06-15 12:44:39 -  - TIME GetUpdatesList(request) 0.14 sec
2026-06-15 12:44:39 -  - exec CUpdateClientPartner::ParseServerData
2026-06-15 12:44:41 -  - exec CUpdateClientPartner::GetUpdatesList
2026-06-15 12:44:41 -  - exec CUpdateClientPartner::__CollectRequestData
2026-06-15 12:44:41 -  - utf=Y&lang=ru&stable=Y&CANGZIP=Y&SUPD_DBS=MYSQL&XE=N&CLIENT_SITE=localhost&LICENSE_KEY=X&SUPD_STS=2&SUPD_URS=0&TYPENC=D&CLIENT_PHPVER=8.5.7&NGINX=Y&dbv=8.0.45&instm=main%2C26.150.0%2CY%3Bmobileapp%2C25.0.100%2CN%3Bblog%2C26.400.0%2CN%3Bb24connector%2C25.0.0%2CN%3Bhighloadblock%2C25.100.0%2CN%3Biblock%2C25.300.0%2CN%3Bsocialservices%2C26.0.0%2CN%3Brest%2C26.0.0%2CN%3Bfileman%2C25.200.200%2CN%3Bforum%2C26.0.0%2CN%3Blanding%2C26.200.0%2CN%3Bclouds%2C25.100.0%2CN%3Bphotogallery%2C25.100.0%2CN%3Bform%2C26.0.0%2CN%3Bbitrixcloud%2C25.100.0%2CN%3Bsubscribe%2C25.0.0%2CN%3Bmessageservice%2C25.200.100%2CN%3Bui%2C26.150.0%2CN%3Blocation%2C25.400.0%2CN%3Bperfmon%2C25.300.0%2CN%3Bseo%2C25.100.400%2CN%3Bvote%2C26.0.0%2CN%3Btranslate%2C25.100.0%2CN%3Bsecurity%2C25.0.0%2CN%3Bbitrix.sitecorporate%2C26.0.0%2CN%3Bsearch%2C25.200.0%2CN&reqm=bitrix.sitecorporate&fullmoduleinfo=Y&SUPD_SRS=RU&SUPD_CMP=N
2026-06-15 12:44:41 -  - exec CUpdateClientPartner::GetHTTPPage
2026-06-15 12:44:41 -  - TIME GetUpdatesList(request) 0.155 sec
2026-06-15 12:44:41 -  - exec CUpdateClientPartner::ParseServerData
2026-06-15 12:44:41 -  - exec CUpdateClientPartner::GetUpdatesList
2026-06-15 12:44:41 -  - exec CUpdateClientPartner::__CollectRequestData
2026-06-15 12:44:41 -  - utf=Y&lang=ru&stable=Y&CANGZIP=Y&SUPD_DBS=MYSQL&XE=N&CLIENT_SITE=localhost&LICENSE_KEY=X&SUPD_STS=2&SUPD_URS=0&TYPENC=D&CLIENT_PHPVER=8.5.7&NGINX=Y&dbv=8.0.45&instm=main%2C26.150.0%2CY%3Bmobileapp%2C25.0.100%2CN%3Bblog%2C26.400.0%2CN%3Bb24connector%2C25.0.0%2CN%3Bhighloadblock%2C25.100.0%2CN%3Biblock%2C25.300.0%2CN%3Bsocialservices%2C26.0.0%2CN%3Brest%2C26.0.0%2CN%3Bfileman%2C25.200.200%2CN%3Bforum%2C26.0.0%2CN%3Blanding%2C26.200.0%2CN%3Bclouds%2C25.100.0%2CN%3Bphotogallery%2C25.100.0%2CN%3Bform%2C26.0.0%2CN%3Bbitrixcloud%2C25.100.0%2CN%3Bsubscribe%2C25.0.0%2CN%3Bmessageservice%2C25.200.100%2CN%3Bui%2C26.150.0%2CN%3Blocation%2C25.400.0%2CN%3Bperfmon%2C25.300.0%2CN%3Bseo%2C25.100.400%2CN%3Bvote%2C26.0.0%2CN%3Btranslate%2C25.100.0%2CN%3Bsecurity%2C25.0.0%2CN%3Bbitrix.sitecorporate%2C26.0.0%2CN%3Bsearch%2C25.200.0%2CN&reqm=bitrix.sitecorporate&fullmoduleinfo=Y&SUPD_SRS=RU&SUPD_CMP=N
2026-06-15 12:44:41 -  - exec CUpdateClientPartner::GetHTTPPage
2026-06-15 12:44:41 -  - TIME GetUpdatesList(request) 0.133 sec
2026-06-15 12:44:41 -  - exec CUpdateClientPartner::ParseServerData
2026-06-15 12:44:44 -  - exec CUpdateClientPartner::GetUpdatesList
2026-06-15 12:44:44 -  - exec CUpdateClientPartner::__CollectRequestData
2026-06-15 12:44:44 -  - utf=Y&lang=ru&stable=Y&CANGZIP=Y&SUPD_DBS=MYSQL&XE=N&CLIENT_SITE=localhost&LICENSE_KEY=X&SUPD_STS=2&SUPD_URS=0&TYPENC=D&CLIENT_PHPVER=8.5.7&NGINX=Y&dbv=8.0.45&instm=main%2C26.150.0%2CY%3Bmobileapp%2C25.0.100%2CN%3Bblog%2C26.400.0%2CN%3Bb24connector%2C25.0.0%2CN%3Bhighloadblock%2C25.100.0%2CN%3Biblock%2C25.300.0%2CN%3Bsocialservices%2C26.0.0%2CN%3Brest%2C26.0.0%2CN%3Bfileman%2C25.200.200%2CN%3Bforum%2C26.0.0%2CN%3Blanding%2C26.200.0%2CN%3Bclouds%2C25.100.0%2CN%3Bphotogallery%2C25.100.0%2CN%3Bform%2C26.0.0%2CN%3Bbitrixcloud%2C25.100.0%2CN%3Bsubscribe%2C25.0.0%2CN%3Bmessageservice%2C25.200.100%2CN%3Bui%2C26.150.0%2CN%3Blocation%2C25.400.0%2CN%3Bperfmon%2C25.300.0%2CN%3Bseo%2C25.100.400%2CN%3Bvote%2C26.0.0%2CN%3Btranslate%2C25.100.0%2CN%3Bsecurity%2C25.0.0%2CN%3Bbitrix.sitecorporate%2C26.0.0%2CN%3Bsearch%2C25.200.0%2CN&reqm=bitrix.sitecorporate&fullmoduleinfo=Y&SUPD_SRS=RU&SUPD_CMP=N
2026-06-15 12:44:44 -  - exec CUpdateClientPartner::GetHTTPPage
2026-06-15 12:44:44 -  - TIME GetUpdatesList(request) 0.147 sec
2026-06-15 12:44:44 -  - exec CUpdateClientPartner::ParseServerData
2026-06-15 12:44:52 -  - exec CUpdateClientPartner::GetUpdatesList
2026-06-15 12:44:52 -  - exec CUpdateClientPartner::__CollectRequestData
2026-06-15 12:44:52 -  - utf=Y&lang=ru&stable=Y&CANGZIP=Y&SUPD_DBS=MYSQL&XE=N&CLIENT_SITE=localhost&LICENSE_KEY=X&SUPD_STS=2&SUPD_URS=0&TYPENC=D&CLIENT_PHPVER=8.5.7&NGINX=Y&dbv=8.0.45&instm=main%2C26.150.0%2CY%3Bmobileapp%2C25.0.100%2CN%3Bblog%2C26.400.0%2CN%3Bb24connector%2C25.0.0%2CN%3Bhighloadblock%2C25.100.0%2CN%3Biblock%2C25.300.0%2CN%3Bsocialservices%2C26.0.0%2CN%3Brest%2C26.0.0%2CN%3Bfileman%2C25.200.200%2CN%3Bforum%2C26.0.0%2CN%3Blanding%2C26.200.0%2CN%3Bclouds%2C25.100.0%2CN%3Bphotogallery%2C25.100.0%2CN%3Bform%2C26.0.0%2CN%3Bbitrixcloud%2C25.100.0%2CN%3Bsubscribe%2C25.0.0%2CN%3Bmessageservice%2C25.200.100%2CN%3Bui%2C26.150.0%2CN%3Blocation%2C25.400.0%2CN%3Bperfmon%2C25.300.0%2CN%3Bseo%2C25.100.400%2CN%3Bvote%2C26.0.0%2CN%3Btranslate%2C25.100.0%2CN%3Bsecurity%2C25.0.0%2CN%3Bbitrix.sitecorporate%2C26.0.0%2CN%3Bsearch%2C25.200.0%2CN&reqm=bitrix.sitecorporate&fullmoduleinfo=Y&SUPD_SRS=RU&SUPD_CMP=N
2026-06-15 12:44:52 -  - exec CUpdateClientPartner::GetHTTPPage
2026-06-15 12:44:52 -  - TIME GetUpdatesList(request) 0.135 sec
2026-06-15 12:44:52 -  - exec CUpdateClientPartner::ParseServerData
2026-06-15 12:44:54 -  - exec CUpdateClientPartner::GetUpdatesList
2026-06-15 12:44:54 -  - exec CUpdateClientPartner::__CollectRequestData
2026-06-15 12:44:54 -  - utf=Y&lang=ru&stable=Y&CANGZIP=Y&SUPD_DBS=MYSQL&XE=N&CLIENT_SITE=localhost&LICENSE_KEY=X&SUPD_STS=2&SUPD_URS=0&TYPENC=D&CLIENT_PHPVER=8.5.7&NGINX=Y&dbv=8.0.45&instm=main%2C26.150.0%2CY%3Bmobileapp%2C25.0.100%2CN%3Bblog%2C26.400.0%2CN%3Bb24connector%2C25.0.0%2CN%3Bhighloadblock%2C25.100.0%2CN%3Biblock%2C25.300.0%2CN%3Bsocialservices%2C26.0.0%2CN%3Brest%2C26.0.0%2CN%3Bfileman%2C25.200.200%2CN%3Bforum%2C26.0.0%2CN%3Blanding%2C26.200.0%2CN%3Bclouds%2C25.100.0%2CN%3Bphotogallery%2C25.100.0%2CN%3Bform%2C26.0.0%2CN%3Bbitrixcloud%2C25.100.0%2CN%3Bsubscribe%2C25.0.0%2CN%3Bmessageservice%2C25.200.100%2CN%3Bui%2C26.150.0%2CN%3Blocation%2C25.400.0%2CN%3Bperfmon%2C25.300.0%2CN%3Bseo%2C25.100.400%2CN%3Bvote%2C26.0.0%2CN%3Btranslate%2C25.100.0%2CN%3Bsecurity%2C25.0.0%2CN%3Bbitrix.sitecorporate%2C26.0.0%2CN%3Bsearch%2C25.200.0%2CN&reqm=bitrix.sitecorporate&fullmoduleinfo=Y&SUPD_SRS=RU&SUPD_CMP=N
2026-06-15 12:44:54 -  - exec CUpdateClientPartner::GetHTTPPage
2026-06-15 12:44:54 -  - TIME GetUpdatesList(request) 0.161 sec
2026-06-15 12:44:54 -  - exec CUpdateClientPartner::ParseServerData
2026-06-15 12:44:54 -  - exec CUpdateClientPartner::GetUpdatesList
2026-06-15 12:44:54 -  - exec CUpdateClientPartner::__CollectRequestData
2026-06-15 12:44:54 -  - utf=Y&lang=ru&stable=Y&CANGZIP=Y&SUPD_DBS=MYSQL&XE=N&CLIENT_SITE=localhost&LICENSE_KEY=X&SUPD_STS=2&SUPD_URS=0&TYPENC=D&CLIENT_PHPVER=8.5.7&NGINX=Y&dbv=8.0.45&instm=main%2C26.150.0%2CY%3Bmobileapp%2C25.0.100%2CN%3Bblog%2C26.400.0%2CN%3Bb24connector%2C25.0.0%2CN%3Bhighloadblock%2C25.100.0%2CN%3Biblock%2C25.300.0%2CN%3Bsocialservices%2C26.0.0%2CN%3Brest%2C26.0.0%2CN%3Bfileman%2C25.200.200%2CN%3Bforum%2C26.0.0%2CN%3Blanding%2C26.200.0%2CN%3Bclouds%2C25.100.0%2CN%3Bphotogallery%2C25.100.0%2CN%3Bform%2C26.0.0%2CN%3Bbitrixcloud%2C25.100.0%2CN%3Bsubscribe%2C25.0.0%2CN%3Bmessageservice%2C25.200.100%2CN%3Bui%2C26.150.0%2CN%3Blocation%2C25.400.0%2CN%3Bperfmon%2C25.300.0%2CN%3Bseo%2C25.100.400%2CN%3Bvote%2C26.0.0%2CN%3Btranslate%2C25.100.0%2CN%3Bsecurity%2C25.0.0%2CN%3Bbitrix.sitecorporate%2C26.0.0%2CN%3Bsearch%2C25.200.0%2CN&reqm=bitrix.sitecorporate&fullmoduleinfo=Y&SUPD_SRS=RU&SUPD_CMP=N
2026-06-15 12:44:54 -  - exec CUpdateClientPartner::GetHTTPPage
2026-06-15 12:44:55 -  - TIME GetUpdatesList(request) 0.173 sec
2026-06-15 12:44:55 -  - exec CUpdateClientPartner::ParseServerData
2026-06-15 12:45:42 -  - exec CUpdateClientPartner::GetUpdatesList
2026-06-15 12:45:42 -  - exec CUpdateClientPartner::__CollectRequestData
2026-06-15 12:45:42 -  - utf=Y&lang=ru&stable=Y&CANGZIP=Y&SUPD_DBS=MYSQL&XE=N&CLIENT_SITE=localhost&LICENSE_KEY=X&SUPD_STS=2&SUPD_URS=0&TYPENC=D&CLIENT_PHPVER=8.5.7&NGINX=Y&dbv=8.0.45&instm=main%2C26.150.0%2CY%3Bmobileapp%2C25.0.100%2CN%3Bblog%2C26.400.0%2CN%3Bb24connector%2C25.0.0%2CN%3Bhighloadblock%2C25.100.0%2CN%3Biblock%2C25.300.0%2CN%3Bsocialservices%2C26.0.0%2CN%3Brest%2C26.0.0%2CN%3Bfileman%2C25.200.200%2CN%3Bforum%2C26.0.0%2CN%3Blanding%2C26.200.0%2CN%3Bclouds%2C25.100.0%2CN%3Bphotogallery%2C25.100.0%2CN%3Bform%2C26.0.0%2CN%3Bbitrixcloud%2C25.100.0%2CN%3Bsubscribe%2C25.0.0%2CN%3Bmessageservice%2C25.200.100%2CN%3Bui%2C26.150.0%2CN%3Blocation%2C25.400.0%2CN%3Bperfmon%2C25.300.0%2CN%3Bseo%2C25.100.400%2CN%3Bvote%2C26.0.0%2CN%3Btranslate%2C25.100.0%2CN%3Bsecurity%2C25.0.0%2CN%3Bbitrix.sitecorporate%2C26.0.0%2CN%3Bsearch%2C25.200.0%2CN&reqm=bitrix.sitecorporate&fullmoduleinfo=Y&SUPD_SRS=RU&SUPD_CMP=N
2026-06-15 12:45:42 -  - exec CUpdateClientPartner::GetHTTPPage
2026-06-15 12:45:42 -  - TIME GetUpdatesList(request) 0.174 sec
2026-06-15 12:45:42 -  - exec CUpdateClientPartner::ParseServerData
2026-06-15 12:45:43 -  - exec CUpdateClientPartner::GetUpdatesList
2026-06-15 12:45:43 -  - exec CUpdateClientPartner::__CollectRequestData
2026-06-15 12:45:43 -  - utf=Y&lang=ru&stable=Y&CANGZIP=Y&SUPD_DBS=MYSQL&XE=N&CLIENT_SITE=localhost&LICENSE_KEY=X&SUPD_STS=2&SUPD_URS=0&TYPENC=D&CLIENT_PHPVER=8.5.7&NGINX=Y&dbv=8.0.45&instm=main%2C26.150.0%2CY%3Bmobileapp%2C25.0.100%2CN%3Bblog%2C26.400.0%2CN%3Bb24connector%2C25.0.0%2CN%3Bhighloadblock%2C25.100.0%2CN%3Biblock%2C25.300.0%2CN%3Bsocialservices%2C26.0.0%2CN%3Brest%2C26.0.0%2CN%3Bfileman%2C25.200.200%2CN%3Bforum%2C26.0.0%2CN%3Blanding%2C26.200.0%2CN%3Bclouds%2C25.100.0%2CN%3Bphotogallery%2C25.100.0%2CN%3Bform%2C26.0.0%2CN%3Bbitrixcloud%2C25.100.0%2CN%3Bsubscribe%2C25.0.0%2CN%3Bmessageservice%2C25.200.100%2CN%3Bui%2C26.150.0%2CN%3Blocation%2C25.400.0%2CN%3Bperfmon%2C25.300.0%2CN%3Bseo%2C25.100.400%2CN%3Bvote%2C26.0.0%2CN%3Btranslate%2C25.100.0%2CN%3Bsecurity%2C25.0.0%2CN%3Bbitrix.sitecorporate%2C26.0.0%2CN%3Bsearch%2C25.200.0%2CN&reqm=bitrix.sitecorporate&fullmoduleinfo=Y&SUPD_SRS=RU&SUPD_CMP=N
2026-06-15 12:45:43 -  - exec CUpdateClientPartner::GetHTTPPage
2026-06-15 12:45:43 -  - TIME GetUpdatesList(request) 0.143 sec
2026-06-15 12:45:43 -  - exec CUpdateClientPartner::ParseServerData
2026-06-15 12:45:43 -  - exec CUpdateClientPartner::GetUpdatesList
2026-06-15 12:45:43 -  - exec CUpdateClientPartner::__CollectRequestData
2026-06-15 12:45:43 -  - utf=Y&lang=ru&stable=Y&CANGZIP=Y&SUPD_DBS=MYSQL&XE=N&CLIENT_SITE=localhost&LICENSE_KEY=X&SUPD_STS=2&SUPD_URS=0&TYPENC=D&CLIENT_PHPVER=8.5.7&NGINX=Y&dbv=8.0.45&instm=main%2C26.150.0%2CY%3Bmobileapp%2C25.0.100%2CN%3Bblog%2C26.400.0%2CN%3Bb24connector%2C25.0.0%2CN%3Bhighloadblock%2C25.100.0%2CN%3Biblock%2C25.300.0%2CN%3Bsocialservices%2C26.0.0%2CN%3Brest%2C26.0.0%2CN%3Bfileman%2C25.200.200%2CN%3Bforum%2C26.0.0%2CN%3Blanding%2C26.200.0%2CN%3Bclouds%2C25.100.0%2CN%3Bphotogallery%2C25.100.0%2CN%3Bform%2C26.0.0%2CN%3Bbitrixcloud%2C25.100.0%2CN%3Bsubscribe%2C25.0.0%2CN%3Bmessageservice%2C25.200.100%2CN%3Bui%2C26.150.0%2CN%3Blocation%2C25.400.0%2CN%3Bperfmon%2C25.300.0%2CN%3Bseo%2C25.100.400%2CN%3Bvote%2C26.0.0%2CN%3Btranslate%2C25.100.0%2CN%3Bsecurity%2C25.0.0%2CN%3Bbitrix.sitecorporate%2C26.0.0%2CN%3Bsearch%2C25.200.0%2CN&reqm=bitrix.sitecorporate&fullmoduleinfo=Y&SUPD_SRS=RU&SUPD_CMP=N
2026-06-15 12:45:43 -  - exec CUpdateClientPartner::GetHTTPPage
2026-06-15 12:45:44 -  - TIME GetUpdatesList(request) 0.14 sec
2026-06-15 12:45:44 -  - exec CUpdateClientPartner::ParseServerData
2026-06-15 12:45:46 -  - exec CUpdateClientPartner::GetUpdatesList
2026-06-15 12:45:46 -  - exec CUpdateClientPartner::__CollectRequestData
2026-06-15 12:45:46 -  - utf=Y&lang=ru&stable=Y&CANGZIP=Y&SUPD_DBS=MYSQL&XE=N&CLIENT_SITE=localhost&LICENSE_KEY=X&SUPD_STS=2&SUPD_URS=0&TYPENC=D&CLIENT_PHPVER=8.5.7&NGINX=Y&dbv=8.0.45&instm=main%2C26.150.0%2CY%3Bmobileapp%2C25.0.100%2CN%3Bblog%2C26.400.0%2CN%3Bb24connector%2C25.0.0%2CN%3Bhighloadblock%2C25.100.0%2CN%3Biblock%2C25.300.0%2CN%3Bsocialservices%2C26.0.0%2CN%3Brest%2C26.0.0%2CN%3Bfileman%2C25.200.200%2CN%3Bforum%2C26.0.0%2CN%3Blanding%2C26.200.0%2CN%3Bclouds%2C25.100.0%2CN%3Bphotogallery%2C25.100.0%2CN%3Bform%2C26.0.0%2CN%3Bbitrixcloud%2C25.100.0%2CN%3Bsubscribe%2C25.0.0%2CN%3Bmessageservice%2C25.200.100%2CN%3Bui%2C26.150.0%2CN%3Blocation%2C25.400.0%2CN%3Bperfmon%2C25.300.0%2CN%3Bseo%2C25.100.400%2CN%3Bvote%2C26.0.0%2CN%3Btranslate%2C25.100.0%2CN%3Bsecurity%2C25.0.0%2CN%3Bbitrix.sitecorporate%2C26.0.0%2CN%3Bsearch%2C25.200.0%2CN&reqm=bitrix.sitecorporate&fullmoduleinfo=Y&SUPD_SRS=RU&SUPD_CMP=N
2026-06-15 12:45:46 -  - exec CUpdateClientPartner::GetHTTPPage
2026-06-15 12:45:46 -  - TIME GetUpdatesList(request) 0.156 sec
2026-06-15 12:45:46 -  - exec CUpdateClientPartner::ParseServerData
2026-06-15 12:45:48 -  - exec CUpdateClientPartner::GetUpdatesList
2026-06-15 12:45:48 -  - exec CUpdateClientPartner::__CollectRequestData
2026-06-15 12:45:48 -  - utf=Y&lang=ru&stable=Y&CANGZIP=Y&SUPD_DBS=MYSQL&XE=N&CLIENT_SITE=localhost&LICENSE_KEY=X&SUPD_STS=2&SUPD_URS=0&TYPENC=D&CLIENT_PHPVER=8.5.7&NGINX=Y&dbv=8.0.45&instm=main%2C26.150.0%2CY%3Bmobileapp%2C25.0.100%2CN%3Bblog%2C26.400.0%2CN%3Bb24connector%2C25.0.0%2CN%3Bhighloadblock%2C25.100.0%2CN%3Biblock%2C25.300.0%2CN%3Bsocialservices%2C26.0.0%2CN%3Brest%2C26.0.0%2CN%3Bfileman%2C25.200.200%2CN%3Bforum%2C26.0.0%2CN%3Blanding%2C26.200.0%2CN%3Bclouds%2C25.100.0%2CN%3Bphotogallery%2C25.100.0%2CN%3Bform%2C26.0.0%2CN%3Bbitrixcloud%2C25.100.0%2CN%3Bsubscribe%2C25.0.0%2CN%3Bmessageservice%2C25.200.100%2CN%3Bui%2C26.150.0%2CN%3Blocation%2C25.400.0%2CN%3Bperfmon%2C25.300.0%2CN%3Bseo%2C25.100.400%2CN%3Bvote%2C26.0.0%2CN%3Btranslate%2C25.100.0%2CN%3Bsecurity%2C25.0.0%2CN%3Bbitrix.sitecorporate%2C26.0.0%2CN%3Bsearch%2C25.200.0%2CN&reqm=bitrix.sitecorporate&fullmoduleinfo=Y&SUPD_SRS=RU&SUPD_CMP=N
2026-06-15 12:45:48 -  - exec CUpdateClientPartner::GetHTTPPage
2026-06-15 12:45:48 -  - TIME GetUpdatesList(request) 0.166 sec
2026-06-15 12:45:48 -  - exec CUpdateClientPartner::ParseServerData
2026-06-15 12:45:49 -  - exec CUpdateClientPartner::GetUpdatesList
2026-06-15 12:45:49 -  - exec CUpdateClientPartner::__CollectRequestData
2026-06-15 12:45:49 -  - utf=Y&lang=ru&stable=Y&CANGZIP=Y&SUPD_DBS=MYSQL&XE=N&CLIENT_SITE=localhost&LICENSE_KEY=X&SUPD_STS=2&SUPD_URS=0&TYPENC=D&CLIENT_PHPVER=8.5.7&NGINX=Y&dbv=8.0.45&instm=main%2C26.150.0%2CY%3Bmobileapp%2C25.0.100%2CN%3Bblog%2C26.400.0%2CN%3Bb24connector%2C25.0.0%2CN%3Bhighloadblock%2C25.100.0%2CN%3Biblock%2C25.300.0%2CN%3Bsocialservices%2C26.0.0%2CN%3Brest%2C26.0.0%2CN%3Bfileman%2C25.200.200%2CN%3Bforum%2C26.0.0%2CN%3Blanding%2C26.200.0%2CN%3Bclouds%2C25.100.0%2CN%3Bphotogallery%2C25.100.0%2CN%3Bform%2C26.0.0%2CN%3Bbitrixcloud%2C25.100.0%2CN%3Bsubscribe%2C25.0.0%2CN%3Bmessageservice%2C25.200.100%2CN%3Bui%2C26.150.0%2CN%3Blocation%2C25.400.0%2CN%3Bperfmon%2C25.300.0%2CN%3Bseo%2C25.100.400%2CN%3Bvote%2C26.0.0%2CN%3Btranslate%2C25.100.0%2CN%3Bsecurity%2C25.0.0%2CN%3Bbitrix.sitecorporate%2C26.0.0%2CN%3Bsearch%2C25.200.0%2CN&reqm=bitrix.sitecorporate&fullmoduleinfo=Y&SUPD_SRS=RU&SUPD_CMP=N
2026-06-15 12:45:49 -  - exec CUpdateClientPartner::GetHTTPPage
2026-06-15 12:45:49 -  - TIME GetUpdatesList(request) 0.149 sec
2026-06-15 12:45:49 -  - exec CUpdateClientPartner::ParseServerData
2026-06-15 12:46:12 -  - exec CUpdateClientPartner::GetUpdatesList
2026-06-15 12:46:12 -  - exec CUpdateClientPartner::__CollectRequestData
2026-06-15 12:46:12 -  - utf=Y&lang=ru&stable=Y&CANGZIP=Y&SUPD_DBS=MYSQL&XE=N&CLIENT_SITE=localhost&LICENSE_KEY=X&SUPD_STS=2&SUPD_URS=0&TYPENC=D&CLIENT_PHPVER=8.5.7&NGINX=Y&dbv=8.0.45&instm=main%2C26.150.0%2CY%3Bmobileapp%2C25.0.100%2CN%3Bblog%2C26.400.0%2CN%3Bb24connector%2C25.0.0%2CN%3Bhighloadblock%2C25.100.0%2CN%3Biblock%2C25.300.0%2CN%3Bsocialservices%2C26.0.0%2CN%3Brest%2C26.0.0%2CN%3Bfileman%2C25.200.200%2CN%3Bforum%2C26.0.0%2CN%3Blanding%2C26.200.0%2CN%3Bclouds%2C25.100.0%2CN%3Bphotogallery%2C25.100.0%2CN%3Bform%2C26.0.0%2CN%3Bbitrixcloud%2C25.100.0%2CN%3Bsubscribe%2C25.0.0%2CN%3Bmessageservice%2C25.200.100%2CN%3Bui%2C26.150.0%2CN%3Blocation%2C25.400.0%2CN%3Bperfmon%2C25.300.0%2CN%3Bseo%2C25.100.400%2CN%3Bvote%2C26.0.0%2CN%3Btranslate%2C25.100.0%2CN%3Bsecurity%2C25.0.0%2CN%3Bbitrix.sitecorporate%2C26.0.0%2CN%3Bsearch%2C25.200.0%2CN&reqm=bitrix.sitecorporate&fullmoduleinfo=Y&SUPD_SRS=RU&SUPD_CMP=N
2026-06-15 12:46:12 -  - exec CUpdateClientPartner::GetHTTPPage
2026-06-15 12:46:12 -  - TIME GetUpdatesList(request) 0.139 sec
2026-06-15 12:46:12 -  - exec CUpdateClientPartner::ParseServerData
2026-06-15 12:46:12 -  - exec CUpdateClientPartner::GetUpdatesList
2026-06-15 12:46:12 -  - exec CUpdateClientPartner::__CollectRequestData
2026-06-15 12:46:12 -  - utf=Y&lang=ru&stable=Y&CANGZIP=Y&SUPD_DBS=MYSQL&XE=N&CLIENT_SITE=localhost&LICENSE_KEY=X&SUPD_STS=2&SUPD_URS=0&TYPENC=D&CLIENT_PHPVER=8.5.7&NGINX=Y&dbv=8.0.45&instm=main%2C26.150.0%2CY%3Bmobileapp%2C25.0.100%2CN%3Bblog%2C26.400.0%2CN%3Bb24connector%2C25.0.0%2CN%3Bhighloadblock%2C25.100.0%2CN%3Biblock%2C25.300.0%2CN%3Bsocialservices%2C26.0.0%2CN%3Brest%2C26.0.0%2CN%3Bfileman%2C25.200.200%2CN%3Bforum%2C26.0.0%2CN%3Blanding%2C26.200.0%2CN%3Bclouds%2C25.100.0%2CN%3Bphotogallery%2C25.100.0%2CN%3Bform%2C26.0.0%2CN%3Bbitrixcloud%2C25.100.0%2CN%3Bsubscribe%2C25.0.0%2CN%3Bmessageservice%2C25.200.100%2CN%3Bui%2C26.150.0%2CN%3Blocation%2C25.400.0%2CN%3Bperfmon%2C25.300.0%2CN%3Bseo%2C25.100.400%2CN%3Bvote%2C26.0.0%2CN%3Btranslate%2C25.100.0%2CN%3Bsecurity%2C25.0.0%2CN%3Bbitrix.sitecorporate%2C26.0.0%2CN%3Bsearch%2C25.200.0%2CN&reqm=bitrix.sitecorporate&fullmoduleinfo=Y&SUPD_SRS=RU&SUPD_CMP=N
2026-06-15 12:46:12 -  - exec CUpdateClientPartner::GetHTTPPage
2026-06-15 12:46:12 -  - TIME GetUpdatesList(request) 0.148 sec
2026-06-15 12:46:12 -  - exec CUpdateClientPartner::ParseServerData
2026-06-15 12:46:21 -  - exec CUpdateClientPartner::GetUpdatesList
2026-06-15 12:46:21 -  - exec CUpdateClientPartner::__CollectRequestData
2026-06-15 12:46:21 -  - utf=Y&lang=ru&stable=Y&CANGZIP=Y&SUPD_DBS=MYSQL&XE=N&CLIENT_SITE=localhost&LICENSE_KEY=X&SUPD_STS=2&SUPD_URS=0&TYPENC=D&CLIENT_PHPVER=8.5.7&NGINX=Y&dbv=8.0.45&instm=main%2C26.150.0%2CY%3Bmobileapp%2C25.0.100%2CN%3Bblog%2C26.400.0%2CN%3Bb24connector%2C25.0.0%2CN%3Bhighloadblock%2C25.100.0%2CN%3Biblock%2C25.300.0%2CN%3Bsocialservices%2C26.0.0%2CN%3Brest%2C26.0.0%2CN%3Bfileman%2C25.200.200%2CN%3Bforum%2C26.0.0%2CN%3Blanding%2C26.200.0%2CN%3Bclouds%2C25.100.0%2CN%3Bphotogallery%2C25.100.0%2CN%3Bform%2C26.0.0%2CN%3Bbitrixcloud%2C25.100.0%2CN%3Bsubscribe%2C25.0.0%2CN%3Bmessageservice%2C25.200.100%2CN%3Bui%2C26.150.0%2CN%3Blocation%2C25.400.0%2CN%3Bperfmon%2C25.300.0%2CN%3Bseo%2C25.100.400%2CN%3Bvote%2C26.0.0%2CN%3Btranslate%2C25.100.0%2CN%3Bsecurity%2C25.0.0%2CN%3Bbitrix.sitecorporate%2C26.0.0%2CN%3Bsearch%2C25.200.0%2CN&reqm=bitrix.sitecorporate&fullmoduleinfo=Y&SUPD_SRS=RU&SUPD_CMP=N
2026-06-15 12:46:21 -  - exec CUpdateClientPartner::GetHTTPPage
2026-06-15 12:46:21 -  - TIME GetUpdatesList(request) 0.168 sec
2026-06-15 12:46:21 -  - exec CUpdateClientPartner::ParseServerData
2026-06-15 12:46:21 -  - exec CUpdateClientPartner::GetUpdatesList
2026-06-15 12:46:21 -  - exec CUpdateClientPartner::__CollectRequestData
2026-06-15 12:46:21 -  - utf=Y&lang=ru&stable=Y&CANGZIP=Y&SUPD_DBS=MYSQL&XE=N&CLIENT_SITE=localhost&LICENSE_KEY=X&SUPD_STS=2&SUPD_URS=0&TYPENC=D&CLIENT_PHPVER=8.5.7&NGINX=Y&dbv=8.0.45&instm=main%2C26.150.0%2CY%3Bmobileapp%2C25.0.100%2CN%3Bblog%2C26.400.0%2CN%3Bb24connector%2C25.0.0%2CN%3Bhighloadblock%2C25.100.0%2CN%3Biblock%2C25.300.0%2CN%3Bsocialservices%2C26.0.0%2CN%3Brest%2C26.0.0%2CN%3Bfileman%2C25.200.200%2CN%3Bforum%2C26.0.0%2CN%3Blanding%2C26.200.0%2CN%3Bclouds%2C25.100.0%2CN%3Bphotogallery%2C25.100.0%2CN%3Bform%2C26.0.0%2CN%3Bbitrixcloud%2C25.100.0%2CN%3Bsubscribe%2C25.0.0%2CN%3Bmessageservice%2C25.200.100%2CN%3Bui%2C26.150.0%2CN%3Blocation%2C25.400.0%2CN%3Bperfmon%2C25.300.0%2CN%3Bseo%2C25.100.400%2CN%3Bvote%2C26.0.0%2CN%3Btranslate%2C25.100.0%2CN%3Bsecurity%2C25.0.0%2CN%3Bbitrix.sitecorporate%2C26.0.0%2CN%3Bsearch%2C25.200.0%2CN&reqm=bitrix.sitecorporate&fullmoduleinfo=Y&SUPD_SRS=RU&SUPD_CMP=N
2026-06-15 12:46:21 -  - exec CUpdateClientPartner::GetHTTPPage
2026-06-15 12:46:22 -  - TIME GetUpdatesList(request) 0.175 sec
2026-06-15 12:46:22 -  - exec CUpdateClientPartner::ParseServerData
2026-06-15 12:47:39 -  - exec CUpdateClientPartner::GetUpdatesList
2026-06-15 12:47:39 -  - exec CUpdateClientPartner::__CollectRequestData
2026-06-15 12:47:39 -  - utf=Y&lang=ru&stable=Y&CANGZIP=Y&SUPD_DBS=MYSQL&XE=N&CLIENT_SITE=localhost&LICENSE_KEY=X&SUPD_STS=2&SUPD_URS=0&TYPENC=D&CLIENT_PHPVER=8.5.7&NGINX=Y&dbv=8.0.45&instm=main%2C26.150.0%2CY%3Bmobileapp%2C25.0.100%2CN%3Bblog%2C26.400.0%2CN%3Bb24connector%2C25.0.0%2CN%3Bhighloadblock%2C25.100.0%2CN%3Biblock%2C25.300.0%2CN%3Bsocialservices%2C26.0.0%2CN%3Brest%2C26.0.0%2CN%3Bfileman%2C25.200.200%2CN%3Bforum%2C26.0.0%2CN%3Blanding%2C26.200.0%2CN%3Bclouds%2C25.100.0%2CN%3Bphotogallery%2C25.100.0%2CN%3Bform%2C26.0.0%2CN%3Bbitrixcloud%2C25.100.0%2CN%3Bsubscribe%2C25.0.0%2CN%3Bmessageservice%2C25.200.100%2CN%3Bui%2C26.150.0%2CN%3Blocation%2C25.400.0%2CN%3Bperfmon%2C25.300.0%2CN%3Bseo%2C25.100.400%2CN%3Bvote%2C26.0.0%2CN%3Btranslate%2C25.100.0%2CN%3Bsecurity%2C25.0.0%2CN%3Bbitrix.sitecorporate%2C26.0.0%2CN%3Bsearch%2C25.200.0%2CN&reqm=bitrix.sitecorporate&fullmoduleinfo=Y&SUPD_SRS=RU&SUPD_CMP=N
2026-06-15 12:47:39 -  - exec CUpdateClientPartner::GetHTTPPage
2026-06-15 12:47:39 -  - TIME GetUpdatesList(request) 0.187 sec
2026-06-15 12:47:39 -  - exec CUpdateClientPartner::ParseServerData
2026-06-15 12:47:41 -  - exec CUpdateClientPartner::GetUpdatesList
2026-06-15 12:47:41 -  - exec CUpdateClientPartner::__CollectRequestData
2026-06-15 12:47:41 -  - utf=Y&lang=ru&stable=Y&CANGZIP=Y&SUPD_DBS=MYSQL&XE=N&CLIENT_SITE=localhost&LICENSE_KEY=X&SUPD_STS=2&SUPD_URS=0&TYPENC=D&CLIENT_PHPVER=8.5.7&NGINX=Y&dbv=8.0.45&instm=main%2C26.150.0%2CY%3Bmobileapp%2C25.0.100%2CN%3Bblog%2C26.400.0%2CN%3Bb24connector%2C25.0.0%2CN%3Bhighloadblock%2C25.100.0%2CN%3Biblock%2C25.300.0%2CN%3Bsocialservices%2C26.0.0%2CN%3Brest%2C26.0.0%2CN%3Bfileman%2C25.200.200%2CN%3Bforum%2C26.0.0%2CN%3Blanding%2C26.200.0%2CN%3Bclouds%2C25.100.0%2CN%3Bphotogallery%2C25.100.0%2CN%3Bform%2C26.0.0%2CN%3Bbitrixcloud%2C25.100.0%2CN%3Bsubscribe%2C25.0.0%2CN%3Bmessageservice%2C25.200.100%2CN%3Bui%2C26.150.0%2CN%3Blocation%2C25.400.0%2CN%3Bperfmon%2C25.300.0%2CN%3Bseo%2C25.100.400%2CN%3Bvote%2C26.0.0%2CN%3Btranslate%2C25.100.0%2CN%3Bsecurity%2C25.0.0%2CN%3Bbitrix.sitecorporate%2C26.0.0%2CN%3Bsearch%2C25.200.0%2CN&reqm=bitrix.sitecorporate&fullmoduleinfo=Y&SUPD_SRS=RU&SUPD_CMP=N
2026-06-15 12:47:41 -  - exec CUpdateClientPartner::GetHTTPPage
2026-06-15 12:47:41 -  - TIME GetUpdatesList(request) 0.178 sec
2026-06-15 12:47:41 -  - exec CUpdateClientPartner::ParseServerData
2026-06-15 12:47:41 -  - exec CUpdateClientPartner::GetUpdatesList
2026-06-15 12:47:41 -  - exec CUpdateClientPartner::__CollectRequestData
2026-06-15 12:47:41 -  - utf=Y&lang=ru&stable=Y&CANGZIP=Y&SUPD_DBS=MYSQL&XE=N&CLIENT_SITE=localhost&LICENSE_KEY=X&SUPD_STS=2&SUPD_URS=0&TYPENC=D&CLIENT_PHPVER=8.5.7&NGINX=Y&dbv=8.0.45&instm=main%2C26.150.0%2CY%3Bmobileapp%2C25.0.100%2CN%3Bblog%2C26.400.0%2CN%3Bb24connector%2C25.0.0%2CN%3Bhighloadblock%2C25.100.0%2CN%3Biblock%2C25.300.0%2CN%3Bsocialservices%2C26.0.0%2CN%3Brest%2C26.0.0%2CN%3Bfileman%2C25.200.200%2CN%3Bforum%2C26.0.0%2CN%3Blanding%2C26.200.0%2CN%3Bclouds%2C25.100.0%2CN%3Bphotogallery%2C25.100.0%2CN%3Bform%2C26.0.0%2CN%3Bbitrixcloud%2C25.100.0%2CN%3Bsubscribe%2C25.0.0%2CN%3Bmessageservice%2C25.200.100%2CN%3Bui%2C26.150.0%2CN%3Blocation%2C25.400.0%2CN%3Bperfmon%2C25.300.0%2CN%3Bseo%2C25.100.400%2CN%3Bvote%2C26.0.0%2CN%3Btranslate%2C25.100.0%2CN%3Bsecurity%2C25.0.0%2CN%3Bbitrix.sitecorporate%2C26.0.0%2CN%3Bsearch%2C25.200.0%2CN&reqm=bitrix.sitecorporate&fullmoduleinfo=Y&SUPD_SRS=RU&SUPD_CMP=N
2026-06-15 12:47:41 -  - exec CUpdateClientPartner::GetHTTPPage
2026-06-15 12:47:41 -  - TIME GetUpdatesList(request) 0.195 sec
2026-06-15 12:47:41 -  - exec CUpdateClientPartner::ParseServerData
2026-06-15 12:52:05 -  - exec CUpdateClientPartner::GetUpdatesList
2026-06-15 12:52:05 -  - exec CUpdateClientPartner::__CollectRequestData
2026-06-15 12:52:05 -  - utf=Y&lang=ru&stable=Y&CANGZIP=Y&SUPD_DBS=MYSQL&XE=N&CLIENT_SITE=localhost&LICENSE_KEY=X&SUPD_STS=2&SUPD_URS=0&TYPENC=D&CLIENT_PHPVER=8.5.7&NGINX=Y&dbv=8.0.45&instm=main%2C26.150.0%2CY%3Bmobileapp%2C25.0.100%2CN%3Bblog%2C26.400.0%2CN%3Bb24connector%2C25.0.0%2CN%3Bhighloadblock%2C25.100.0%2CN%3Biblock%2C25.300.0%2CN%3Bsocialservices%2C26.0.0%2CN%3Brest%2C26.0.0%2CN%3Bfileman%2C25.200.200%2CN%3Bforum%2C26.0.0%2CN%3Blanding%2C26.200.0%2CN%3Bclouds%2C25.100.0%2CN%3Bphotogallery%2C25.100.0%2CN%3Bform%2C26.0.0%2CN%3Bbitrixcloud%2C25.100.0%2CN%3Bsubscribe%2C25.0.0%2CN%3Bmessageservice%2C25.200.100%2CN%3Bui%2C26.150.0%2CN%3Blocation%2C25.400.0%2CN%3Bperfmon%2C25.300.0%2CN%3Bseo%2C25.100.400%2CN%3Bvote%2C26.0.0%2CN%3Btranslate%2C25.100.0%2CN%3Bsecurity%2C25.0.0%2CN%3Bbitrix.sitecorporate%2C26.0.0%2CN%3Bsearch%2C25.200.0%2CN&reqm=bitrix.sitecorporate&fullmoduleinfo=Y&SUPD_SRS=RU&SUPD_CMP=N
2026-06-15 12:52:05 -  - exec CUpdateClientPartner::GetHTTPPage
2026-06-15 12:52:06 -  - TIME GetUpdatesList(request) 0.181 sec
2026-06-15 12:52:06 -  - exec CUpdateClientPartner::ParseServerData
2026-06-15 12:52:08 -  - exec CUpdateClientPartner::GetUpdatesList
2026-06-15 12:52:08 -  - exec CUpdateClientPartner::__CollectRequestData
2026-06-15 12:52:08 -  - utf=Y&lang=ru&stable=Y&CANGZIP=Y&SUPD_DBS=MYSQL&XE=N&CLIENT_SITE=localhost&LICENSE_KEY=X&SUPD_STS=2&SUPD_URS=0&TYPENC=D&CLIENT_PHPVER=8.5.7&NGINX=Y&dbv=8.0.45&instm=main%2C26.150.0%2CY%3Bmobileapp%2C25.0.100%2CN%3Bblog%2C26.400.0%2CN%3Bb24connector%2C25.0.0%2CN%3Bhighloadblock%2C25.100.0%2CN%3Biblock%2C25.300.0%2CN%3Bsocialservices%2C26.0.0%2CN%3Brest%2C26.0.0%2CN%3Bfileman%2C25.200.200%2CN%3Bforum%2C26.0.0%2CN%3Blanding%2C26.200.0%2CN%3Bclouds%2C25.100.0%2CN%3Bphotogallery%2C25.100.0%2CN%3Bform%2C26.0.0%2CN%3Bbitrixcloud%2C25.100.0%2CN%3Bsubscribe%2C25.0.0%2CN%3Bmessageservice%2C25.200.100%2CN%3Bui%2C26.150.0%2CN%3Blocation%2C25.400.0%2CN%3Bperfmon%2C25.300.0%2CN%3Bseo%2C25.100.400%2CN%3Bvote%2C26.0.0%2CN%3Btranslate%2C25.100.0%2CN%3Bsecurity%2C25.0.0%2CN%3Bbitrix.sitecorporate%2C26.0.0%2CN%3Bsearch%2C25.200.0%2CN&reqm=bitrix.sitecorporate&fullmoduleinfo=Y&SUPD_SRS=RU&SUPD_CMP=N
2026-06-15 12:52:08 -  - exec CUpdateClientPartner::GetHTTPPage
2026-06-15 12:52:08 -  - TIME GetUpdatesList(request) 0.153 sec
2026-06-15 12:52:08 -  - exec CUpdateClientPartner::ParseServerData
2026-06-15 12:52:09 -  - exec CUpdateClientPartner::GetUpdatesList
2026-06-15 12:52:09 -  - exec CUpdateClientPartner::__CollectRequestData
2026-06-15 12:52:09 -  - utf=Y&lang=ru&stable=Y&CANGZIP=Y&SUPD_DBS=MYSQL&XE=N&CLIENT_SITE=localhost&LICENSE_KEY=X&SUPD_STS=2&SUPD_URS=0&TYPENC=D&CLIENT_PHPVER=8.5.7&NGINX=Y&dbv=8.0.45&instm=main%2C26.150.0%2CY%3Bmobileapp%2C25.0.100%2CN%3Bblog%2C26.400.0%2CN%3Bb24connector%2C25.0.0%2CN%3Bhighloadblock%2C25.100.0%2CN%3Biblock%2C25.300.0%2CN%3Bsocialservices%2C26.0.0%2CN%3Brest%2C26.0.0%2CN%3Bfileman%2C25.200.200%2CN%3Bforum%2C26.0.0%2CN%3Blanding%2C26.200.0%2CN%3Bclouds%2C25.100.0%2CN%3Bphotogallery%2C25.100.0%2CN%3Bform%2C26.0.0%2CN%3Bbitrixcloud%2C25.100.0%2CN%3Bsubscribe%2C25.0.0%2CN%3Bmessageservice%2C25.200.100%2CN%3Bui%2C26.150.0%2CN%3Blocation%2C25.400.0%2CN%3Bperfmon%2C25.300.0%2CN%3Bseo%2C25.100.400%2CN%3Bvote%2C26.0.0%2CN%3Btranslate%2C25.100.0%2CN%3Bsecurity%2C25.0.0%2CN%3Bbitrix.sitecorporate%2C26.0.0%2CN%3Bsearch%2C25.200.0%2CN&reqm=bitrix.sitecorporate&fullmoduleinfo=Y&SUPD_SRS=RU&SUPD_CMP=N
2026-06-15 12:52:09 -  - exec CUpdateClientPartner::GetHTTPPage
2026-06-15 12:52:09 -  - TIME GetUpdatesList(request) 0.153 sec
2026-06-15 12:52:09 -  - exec CUpdateClientPartner::ParseServerData
2026-06-15 12:52:10 -  - exec CUpdateClientPartner::GetUpdatesList
2026-06-15 12:52:10 -  - exec CUpdateClientPartner::__CollectRequestData
2026-06-15 12:52:10 -  - utf=Y&lang=ru&stable=Y&CANGZIP=Y&SUPD_DBS=MYSQL&XE=N&CLIENT_SITE=localhost&LICENSE_KEY=X&SUPD_STS=2&SUPD_URS=0&TYPENC=D&CLIENT_PHPVER=8.5.7&NGINX=Y&dbv=8.0.45&instm=main%2C26.150.0%2CY%3Bmobileapp%2C25.0.100%2CN%3Bblog%2C26.400.0%2CN%3Bb24connector%2C25.0.0%2CN%3Bhighloadblock%2C25.100.0%2CN%3Biblock%2C25.300.0%2CN%3Bsocialservices%2C26.0.0%2CN%3Brest%2C26.0.0%2CN%3Bfileman%2C25.200.200%2CN%3Bforum%2C26.0.0%2CN%3Blanding%2C26.200.0%2CN%3Bclouds%2C25.100.0%2CN%3Bphotogallery%2C25.100.0%2CN%3Bform%2C26.0.0%2CN%3Bbitrixcloud%2C25.100.0%2CN%3Bsubscribe%2C25.0.0%2CN%3Bmessageservice%2C25.200.100%2CN%3Bui%2C26.150.0%2CN%3Blocation%2C25.400.0%2CN%3Bperfmon%2C25.300.0%2CN%3Bseo%2C25.100.400%2CN%3Bvote%2C26.0.0%2CN%3Btranslate%2C25.100.0%2CN%3Bsecurity%2C25.0.0%2CN%3Bbitrix.sitecorporate%2C26.0.0%2CN%3Bsearch%2C25.200.0%2CN&reqm=bitrix.sitecorporate&fullmoduleinfo=Y&SUPD_SRS=RU&SUPD_CMP=N
2026-06-15 12:52:10 -  - exec CUpdateClientPartner::GetHTTPPage
2026-06-15 12:52:10 -  - TIME GetUpdatesList(request) 0.166 sec
2026-06-15 12:52:10 -  - exec CUpdateClientPartner::ParseServerData
2026-06-15 12:52:11 -  - exec CUpdateClientPartner::GetUpdatesList
2026-06-15 12:52:11 -  - exec CUpdateClientPartner::__CollectRequestData
2026-06-15 12:52:11 -  - utf=Y&lang=ru&stable=Y&CANGZIP=Y&SUPD_DBS=MYSQL&XE=N&CLIENT_SITE=localhost&LICENSE_KEY=X&SUPD_STS=2&SUPD_URS=0&TYPENC=D&CLIENT_PHPVER=8.5.7&NGINX=Y&dbv=8.0.45&instm=main%2C26.150.0%2CY%3Bmobileapp%2C25.0.100%2CN%3Bblog%2C26.400.0%2CN%3Bb24connector%2C25.0.0%2CN%3Bhighloadblock%2C25.100.0%2CN%3Biblock%2C25.300.0%2CN%3Bsocialservices%2C26.0.0%2CN%3Brest%2C26.0.0%2CN%3Bfileman%2C25.200.200%2CN%3Bforum%2C26.0.0%2CN%3Blanding%2C26.200.0%2CN%3Bclouds%2C25.100.0%2CN%3Bphotogallery%2C25.100.0%2CN%3Bform%2C26.0.0%2CN%3Bbitrixcloud%2C25.100.0%2CN%3Bsubscribe%2C25.0.0%2CN%3Bmessageservice%2C25.200.100%2CN%3Bui%2C26.150.0%2CN%3Blocation%2C25.400.0%2CN%3Bperfmon%2C25.300.0%2CN%3Bseo%2C25.100.400%2CN%3Bvote%2C26.0.0%2CN%3Btranslate%2C25.100.0%2CN%3Bsecurity%2C25.0.0%2CN%3Bbitrix.sitecorporate%2C26.0.0%2CN%3Bsearch%2C25.200.0%2CN&reqm=bitrix.sitecorporate&fullmoduleinfo=Y&SUPD_SRS=RU&SUPD_CMP=N
2026-06-15 12:52:11 -  - exec CUpdateClientPartner::GetHTTPPage
2026-06-15 12:52:12 -  - TIME GetUpdatesList(request) 0.148 sec
2026-06-15 12:52:12 -  - exec CUpdateClientPartner::ParseServerData
2026-06-15 12:52:44 -  - exec CUpdateClientPartner::GetUpdatesList
2026-06-15 12:52:44 -  - exec CUpdateClientPartner::__CollectRequestData
2026-06-15 12:52:44 -  - utf=Y&lang=ru&stable=Y&CANGZIP=Y&SUPD_DBS=MYSQL&XE=N&CLIENT_SITE=localhost&LICENSE_KEY=X&SUPD_STS=2&SUPD_URS=0&TYPENC=D&CLIENT_PHPVER=8.5.7&NGINX=Y&dbv=8.0.45&instm=main%2C26.150.0%2CY%3Bmobileapp%2C25.0.100%2CN%3Bblog%2C26.400.0%2CN%3Bb24connector%2C25.0.0%2CN%3Bhighloadblock%2C25.100.0%2CN%3Biblock%2C25.300.0%2CN%3Bsocialservices%2C26.0.0%2CN%3Brest%2C26.0.0%2CN%3Bfileman%2C25.200.200%2CN%3Bforum%2C26.0.0%2CN%3Blanding%2C26.200.0%2CN%3Bclouds%2C25.100.0%2CN%3Bphotogallery%2C25.100.0%2CN%3Bform%2C26.0.0%2CN%3Bbitrixcloud%2C25.100.0%2CN%3Bsubscribe%2C25.0.0%2CN%3Bmessageservice%2C25.200.100%2CN%3Bui%2C26.150.0%2CN%3Blocation%2C25.400.0%2CN%3Bperfmon%2C25.300.0%2CN%3Bseo%2C25.100.400%2CN%3Bvote%2C26.0.0%2CN%3Btranslate%2C25.100.0%2CN%3Bsecurity%2C25.0.0%2CN%3Bbitrix.sitecorporate%2C26.0.0%2CN%3Bsearch%2C25.200.0%2CN&reqm=bitrix.sitecorporate&fullmoduleinfo=Y&SUPD_SRS=RU&SUPD_CMP=N
2026-06-15 12:52:44 -  - exec CUpdateClientPartner::GetHTTPPage
2026-06-15 12:52:44 -  - TIME GetUpdatesList(request) 0.133 sec
2026-06-15 12:52:44 -  - exec CUpdateClientPartner::ParseServerData
2026-06-15 12:52:44 -  - exec CUpdateClientPartner::GetUpdatesList
2026-06-15 12:52:44 -  - exec CUpdateClientPartner::__CollectRequestData
2026-06-15 12:52:44 -  - utf=Y&lang=ru&stable=Y&CANGZIP=Y&SUPD_DBS=MYSQL&XE=N&CLIENT_SITE=localhost&LICENSE_KEY=X&SUPD_STS=2&SUPD_URS=0&TYPENC=D&CLIENT_PHPVER=8.5.7&NGINX=Y&dbv=8.0.45&instm=main%2C26.150.0%2CY%3Bmobileapp%2C25.0.100%2CN%3Bblog%2C26.400.0%2CN%3Bb24connector%2C25.0.0%2CN%3Bhighloadblock%2C25.100.0%2CN%3Biblock%2C25.300.0%2CN%3Bsocialservices%2C26.0.0%2CN%3Brest%2C26.0.0%2CN%3Bfileman%2C25.200.200%2CN%3Bforum%2C26.0.0%2CN%3Blanding%2C26.200.0%2CN%3Bclouds%2C25.100.0%2CN%3Bphotogallery%2C25.100.0%2CN%3Bform%2C26.0.0%2CN%3Bbitrixcloud%2C25.100.0%2CN%3Bsubscribe%2C25.0.0%2CN%3Bmessageservice%2C25.200.100%2CN%3Bui%2C26.150.0%2CN%3Blocation%2C25.400.0%2CN%3Bperfmon%2C25.300.0%2CN%3Bseo%2C25.100.400%2CN%3Bvote%2C26.0.0%2CN%3Btranslate%2C25.100.0%2CN%3Bsecurity%2C25.0.0%2CN%3Bbitrix.sitecorporate%2C26.0.0%2CN%3Bsearch%2C25.200.0%2CN&reqm=bitrix.sitecorporate&fullmoduleinfo=Y&SUPD_SRS=RU&SUPD_CMP=N
2026-06-15 12:52:44 -  - exec CUpdateClientPartner::GetHTTPPage
2026-06-15 12:52:44 -  - TIME GetUpdatesList(request) 0.145 sec
2026-06-15 12:52:44 -  - exec CUpdateClientPartner::ParseServerData
2026-06-15 12:53:04 -  - exec CUpdateClientPartner::GetUpdatesList
2026-06-15 12:53:04 -  - exec CUpdateClientPartner::__CollectRequestData
2026-06-15 12:53:04 -  - utf=Y&lang=ru&stable=Y&CANGZIP=Y&SUPD_DBS=MYSQL&XE=N&CLIENT_SITE=localhost&LICENSE_KEY=X&SUPD_STS=2&SUPD_URS=0&TYPENC=D&CLIENT_PHPVER=8.5.7&NGINX=Y&dbv=8.0.45&instm=main%2C26.150.0%2CY%3Bmobileapp%2C25.0.100%2CN%3Bblog%2C26.400.0%2CN%3Bb24connector%2C25.0.0%2CN%3Bhighloadblock%2C25.100.0%2CN%3Biblock%2C25.300.0%2CN%3Bsocialservices%2C26.0.0%2CN%3Brest%2C26.0.0%2CN%3Bfileman%2C25.200.200%2CN%3Bforum%2C26.0.0%2CN%3Blanding%2C26.200.0%2CN%3Bclouds%2C25.100.0%2CN%3Bphotogallery%2C25.100.0%2CN%3Bform%2C26.0.0%2CN%3Bbitrixcloud%2C25.100.0%2CN%3Bsubscribe%2C25.0.0%2CN%3Bmessageservice%2C25.200.100%2CN%3Bui%2C26.150.0%2CN%3Blocation%2C25.400.0%2CN%3Bperfmon%2C25.300.0%2CN%3Bseo%2C25.100.400%2CN%3Bvote%2C26.0.0%2CN%3Btranslate%2C25.100.0%2CN%3Bsecurity%2C25.0.0%2CN%3Bbitrix.sitecorporate%2C26.0.0%2CN%3Bsearch%2C25.200.0%2CN&reqm=bitrix.sitecorporate&fullmoduleinfo=Y&SUPD_SRS=RU&SUPD_CMP=N
2026-06-15 12:53:04 -  - exec CUpdateClientPartner::GetHTTPPage
2026-06-15 12:53:04 -  - TIME GetUpdatesList(request) 0.169 sec
2026-06-15 12:53:04 -  - exec CUpdateClientPartner::ParseServerData
2026-06-15 12:53:04 -  - exec CUpdateClientPartner::GetUpdatesList
2026-06-15 12:53:04 -  - exec CUpdateClientPartner::__CollectRequestData
2026-06-15 12:53:04 -  - utf=Y&lang=ru&stable=Y&CANGZIP=Y&SUPD_DBS=MYSQL&XE=N&CLIENT_SITE=localhost&LICENSE_KEY=X&SUPD_STS=2&SUPD_URS=0&TYPENC=D&CLIENT_PHPVER=8.5.7&NGINX=Y&dbv=8.0.45&instm=main%2C26.150.0%2CY%3Bmobileapp%2C25.0.100%2CN%3Bblog%2C26.400.0%2CN%3Bb24connector%2C25.0.0%2CN%3Bhighloadblock%2C25.100.0%2CN%3Biblock%2C25.300.0%2CN%3Bsocialservices%2C26.0.0%2CN%3Brest%2C26.0.0%2CN%3Bfileman%2C25.200.200%2CN%3Bforum%2C26.0.0%2CN%3Blanding%2C26.200.0%2CN%3Bclouds%2C25.100.0%2CN%3Bphotogallery%2C25.100.0%2CN%3Bform%2C26.0.0%2CN%3Bbitrixcloud%2C25.100.0%2CN%3Bsubscribe%2C25.0.0%2CN%3Bmessageservice%2C25.200.100%2CN%3Bui%2C26.150.0%2CN%3Blocation%2C25.400.0%2CN%3Bperfmon%2C25.300.0%2CN%3Bseo%2C25.100.400%2CN%3Bvote%2C26.0.0%2CN%3Btranslate%2C25.100.0%2CN%3Bsecurity%2C25.0.0%2CN%3Bbitrix.sitecorporate%2C26.0.0%2CN%3Bsearch%2C25.200.0%2CN&reqm=bitrix.sitecorporate&fullmoduleinfo=Y&SUPD_SRS=RU&SUPD_CMP=N
2026-06-15 12:53:04 -  - exec CUpdateClientPartner::GetHTTPPage
2026-06-15 12:53:04 -  - TIME GetUpdatesList(request) 0.158 sec
2026-06-15 12:53:04 -  - exec CUpdateClientPartner::ParseServerData
2026-06-15 12:54:50 -  - exec CUpdateClientPartner::GetUpdatesList
2026-06-15 12:54:50 -  - exec CUpdateClientPartner::__CollectRequestData
2026-06-15 12:54:50 -  - utf=Y&lang=ru&stable=Y&CANGZIP=Y&SUPD_DBS=MYSQL&XE=N&CLIENT_SITE=localhost&LICENSE_KEY=X&SUPD_STS=2&SUPD_URS=0&TYPENC=D&CLIENT_PHPVER=8.5.7&NGINX=Y&dbv=8.0.45&instm=main%2C26.150.0%2CY%3Bmobileapp%2C25.0.100%2CN%3Bblog%2C26.400.0%2CN%3Bb24connector%2C25.0.0%2CN%3Bhighloadblock%2C25.100.0%2CN%3Biblock%2C25.300.0%2CN%3Bsocialservices%2C26.0.0%2CN%3Brest%2C26.0.0%2CN%3Bfileman%2C25.200.200%2CN%3Bforum%2C26.0.0%2CN%3Blanding%2C26.200.0%2CN%3Bclouds%2C25.100.0%2CN%3Bphotogallery%2C25.100.0%2CN%3Bform%2C26.0.0%2CN%3Bbitrixcloud%2C25.100.0%2CN%3Bsubscribe%2C25.0.0%2CN%3Bmessageservice%2C25.200.100%2CN%3Bui%2C26.150.0%2CN%3Blocation%2C25.400.0%2CN%3Bperfmon%2C25.300.0%2CN%3Bseo%2C25.100.400%2CN%3Bvote%2C26.0.0%2CN%3Btranslate%2C25.100.0%2CN%3Bsecurity%2C25.0.0%2CN%3Bbitrix.sitecorporate%2C26.0.0%2CN%3Bsearch%2C25.200.0%2CN&reqm=bitrix.sitecorporate&fullmoduleinfo=Y&SUPD_SRS=RU&SUPD_CMP=N
2026-06-15 12:54:50 -  - exec CUpdateClientPartner::GetHTTPPage
2026-06-15 12:54:50 -  - TIME GetUpdatesList(request) 0.158 sec
2026-06-15 12:54:50 -  - exec CUpdateClientPartner::ParseServerData
2026-06-15 12:54:52 -  - exec CUpdateClientPartner::GetUpdatesList
2026-06-15 12:54:52 -  - exec CUpdateClientPartner::__CollectRequestData
2026-06-15 12:54:52 -  - utf=Y&lang=ru&stable=Y&CANGZIP=Y&SUPD_DBS=MYSQL&XE=N&CLIENT_SITE=localhost&LICENSE_KEY=X&SUPD_STS=2&SUPD_URS=0&TYPENC=D&CLIENT_PHPVER=8.5.7&NGINX=Y&dbv=8.0.45&instm=main%2C26.150.0%2CY%3Bmobileapp%2C25.0.100%2CN%3Bblog%2C26.400.0%2CN%3Bb24connector%2C25.0.0%2CN%3Bhighloadblock%2C25.100.0%2CN%3Biblock%2C25.300.0%2CN%3Bsocialservices%2C26.0.0%2CN%3Brest%2C26.0.0%2CN%3Bfileman%2C25.200.200%2CN%3Bforum%2C26.0.0%2CN%3Blanding%2C26.200.0%2CN%3Bclouds%2C25.100.0%2CN%3Bphotogallery%2C25.100.0%2CN%3Bform%2C26.0.0%2CN%3Bbitrixcloud%2C25.100.0%2CN%3Bsubscribe%2C25.0.0%2CN%3Bmessageservice%2C25.200.100%2CN%3Bui%2C26.150.0%2CN%3Blocation%2C25.400.0%2CN%3Bperfmon%2C25.300.0%2CN%3Bseo%2C25.100.400%2CN%3Bvote%2C26.0.0%2CN%3Btranslate%2C25.100.0%2CN%3Bsecurity%2C25.0.0%2CN%3Bbitrix.sitecorporate%2C26.0.0%2CN%3Bsearch%2C25.200.0%2CN&reqm=bitrix.sitecorporate&fullmoduleinfo=Y&SUPD_SRS=RU&SUPD_CMP=N
2026-06-15 12:54:52 -  - exec CUpdateClientPartner::GetHTTPPage
2026-06-15 12:54:52 -  - TIME GetUpdatesList(request) 0.181 sec
2026-06-15 12:54:52 -  - exec CUpdateClientPartner::ParseServerData
2026-06-15 12:54:53 -  - exec CUpdateClientPartner::GetUpdatesList
2026-06-15 12:54:53 -  - exec CUpdateClientPartner::__CollectRequestData
2026-06-15 12:54:53 -  - utf=Y&lang=ru&stable=Y&CANGZIP=Y&SUPD_DBS=MYSQL&XE=N&CLIENT_SITE=localhost&LICENSE_KEY=X&SUPD_STS=2&SUPD_URS=0&TYPENC=D&CLIENT_PHPVER=8.5.7&NGINX=Y&dbv=8.0.45&instm=main%2C26.150.0%2CY%3Bmobileapp%2C25.0.100%2CN%3Bblog%2C26.400.0%2CN%3Bb24connector%2C25.0.0%2CN%3Bhighloadblock%2C25.100.0%2CN%3Biblock%2C25.300.0%2CN%3Bsocialservices%2C26.0.0%2CN%3Brest%2C26.0.0%2CN%3Bfileman%2C25.200.200%2CN%3Bforum%2C26.0.0%2CN%3Blanding%2C26.200.0%2CN%3Bclouds%2C25.100.0%2CN%3Bphotogallery%2C25.100.0%2CN%3Bform%2C26.0.0%2CN%3Bbitrixcloud%2C25.100.0%2CN%3Bsubscribe%2C25.0.0%2CN%3Bmessageservice%2C25.200.100%2CN%3Bui%2C26.150.0%2CN%3Blocation%2C25.400.0%2CN%3Bperfmon%2C25.300.0%2CN%3Bseo%2C25.100.400%2CN%3Bvote%2C26.0.0%2CN%3Btranslate%2C25.100.0%2CN%3Bsecurity%2C25.0.0%2CN%3Bbitrix.sitecorporate%2C26.0.0%2CN%3Bsearch%2C25.200.0%2CN&reqm=bitrix.sitecorporate&fullmoduleinfo=Y&SUPD_SRS=RU&SUPD_CMP=N
2026-06-15 12:54:53 -  - exec CUpdateClientPartner::GetHTTPPage
2026-06-15 12:54:53 -  - TIME GetUpdatesList(request) 0.16 sec
2026-06-15 12:54:53 -  - exec CUpdateClientPartner::ParseServerData
2026-06-15 12:54:57 -  - exec CUpdateClientPartner::GetUpdatesList
2026-06-15 12:54:57 -  - exec CUpdateClientPartner::__CollectRequestData
2026-06-15 12:54:57 -  - utf=Y&lang=ru&stable=Y&CANGZIP=Y&SUPD_DBS=MYSQL&XE=N&CLIENT_SITE=localhost&LICENSE_KEY=X&SUPD_STS=2&SUPD_URS=0&TYPENC=D&CLIENT_PHPVER=8.5.7&NGINX=Y&dbv=8.0.45&instm=main%2C26.150.0%2CY%3Bmobileapp%2C25.0.100%2CN%3Bblog%2C26.400.0%2CN%3Bb24connector%2C25.0.0%2CN%3Bhighloadblock%2C25.100.0%2CN%3Biblock%2C25.300.0%2CN%3Bsocialservices%2C26.0.0%2CN%3Brest%2C26.0.0%2CN%3Bfileman%2C25.200.200%2CN%3Bforum%2C26.0.0%2CN%3Blanding%2C26.200.0%2CN%3Bclouds%2C25.100.0%2CN%3Bphotogallery%2C25.100.0%2CN%3Bform%2C26.0.0%2CN%3Bbitrixcloud%2C25.100.0%2CN%3Bsubscribe%2C25.0.0%2CN%3Bmessageservice%2C25.200.100%2CN%3Bui%2C26.150.0%2CN%3Blocation%2C25.400.0%2CN%3Bperfmon%2C25.300.0%2CN%3Bseo%2C25.100.400%2CN%3Bvote%2C26.0.0%2CN%3Btranslate%2C25.100.0%2CN%3Bsecurity%2C25.0.0%2CN%3Bbitrix.sitecorporate%2C26.0.0%2CN%3Bsearch%2C25.200.0%2CN&reqm=bitrix.sitecorporate&fullmoduleinfo=Y&SUPD_SRS=RU&SUPD_CMP=N
2026-06-15 12:54:57 -  - exec CUpdateClientPartner::GetHTTPPage
2026-06-15 12:54:57 -  - TIME GetUpdatesList(request) 0.154 sec
2026-06-15 12:54:57 -  - exec CUpdateClientPartner::ParseServerData
2026-06-15 12:54:57 -  - exec CUpdateClientPartner::GetUpdatesList
2026-06-15 12:54:57 -  - exec CUpdateClientPartner::__CollectRequestData
2026-06-15 12:54:57 -  - utf=Y&lang=ru&stable=Y&CANGZIP=Y&SUPD_DBS=MYSQL&XE=N&CLIENT_SITE=localhost&LICENSE_KEY=X&SUPD_STS=2&SUPD_URS=0&TYPENC=D&CLIENT_PHPVER=8.5.7&NGINX=Y&dbv=8.0.45&instm=main%2C26.150.0%2CY%3Bmobileapp%2C25.0.100%2CN%3Bblog%2C26.400.0%2CN%3Bb24connector%2C25.0.0%2CN%3Bhighloadblock%2C25.100.0%2CN%3Biblock%2C25.300.0%2CN%3Bsocialservices%2C26.0.0%2CN%3Brest%2C26.0.0%2CN%3Bfileman%2C25.200.200%2CN%3Bforum%2C26.0.0%2CN%3Blanding%2C26.200.0%2CN%3Bclouds%2C25.100.0%2CN%3Bphotogallery%2C25.100.0%2CN%3Bform%2C26.0.0%2CN%3Bbitrixcloud%2C25.100.0%2CN%3Bsubscribe%2C25.0.0%2CN%3Bmessageservice%2C25.200.100%2CN%3Bui%2C26.150.0%2CN%3Blocation%2C25.400.0%2CN%3Bperfmon%2C25.300.0%2CN%3Bseo%2C25.100.400%2CN%3Bvote%2C26.0.0%2CN%3Btranslate%2C25.100.0%2CN%3Bsecurity%2C25.0.0%2CN%3Bbitrix.sitecorporate%2C26.0.0%2CN%3Bsearch%2C25.200.0%2CN&reqm=bitrix.sitecorporate&fullmoduleinfo=Y&SUPD_SRS=RU&SUPD_CMP=N
2026-06-15 12:54:57 -  - exec CUpdateClientPartner::GetHTTPPage
2026-06-15 12:54:57 -  - TIME GetUpdatesList(request) 0.142 sec
2026-06-15 12:54:57 -  - exec CUpdateClientPartner::ParseServerData
2026-06-15 12:55:30 -  - exec CUpdateClientPartner::GetUpdatesList
2026-06-15 12:55:30 -  - exec CUpdateClientPartner::__CollectRequestData
2026-06-15 12:55:30 -  - utf=Y&lang=ru&stable=Y&CANGZIP=Y&SUPD_DBS=MYSQL&XE=N&CLIENT_SITE=localhost&LICENSE_KEY=X&SUPD_STS=2&SUPD_URS=0&TYPENC=D&CLIENT_PHPVER=8.5.7&NGINX=Y&dbv=8.0.45&instm=main%2C26.150.0%2CY%3Bmobileapp%2C25.0.100%2CN%3Bblog%2C26.400.0%2CN%3Bb24connector%2C25.0.0%2CN%3Bhighloadblock%2C25.100.0%2CN%3Biblock%2C25.300.0%2CN%3Bsocialservices%2C26.0.0%2CN%3Brest%2C26.0.0%2CN%3Bfileman%2C25.200.200%2CN%3Bforum%2C26.0.0%2CN%3Blanding%2C26.200.0%2CN%3Bclouds%2C25.100.0%2CN%3Bphotogallery%2C25.100.0%2CN%3Bform%2C26.0.0%2CN%3Bbitrixcloud%2C25.100.0%2CN%3Bsubscribe%2C25.0.0%2CN%3Bmessageservice%2C25.200.100%2CN%3Bui%2C26.150.0%2CN%3Blocation%2C25.400.0%2CN%3Bperfmon%2C25.300.0%2CN%3Bseo%2C25.100.400%2CN%3Bvote%2C26.0.0%2CN%3Btranslate%2C25.100.0%2CN%3Bsecurity%2C25.0.0%2CN%3Bbitrix.sitecorporate%2C26.0.0%2CN%3Bsearch%2C25.200.0%2CN&reqm=bitrix.sitecorporate&fullmoduleinfo=Y&SUPD_SRS=RU&SUPD_CMP=N
2026-06-15 12:55:30 -  - exec CUpdateClientPartner::GetHTTPPage
2026-06-15 12:55:30 -  - TIME GetUpdatesList(request) 0.144 sec
2026-06-15 12:55:30 -  - exec CUpdateClientPartner::ParseServerData
2026-06-15 12:55:31 -  - exec CUpdateClientPartner::GetUpdatesList
2026-06-15 12:55:31 -  - exec CUpdateClientPartner::__CollectRequestData
2026-06-15 12:55:31 -  - utf=Y&lang=ru&stable=Y&CANGZIP=Y&SUPD_DBS=MYSQL&XE=N&CLIENT_SITE=localhost&LICENSE_KEY=X&SUPD_STS=2&SUPD_URS=0&TYPENC=D&CLIENT_PHPVER=8.5.7&NGINX=Y&dbv=8.0.45&instm=main%2C26.150.0%2CY%3Bmobileapp%2C25.0.100%2CN%3Bblog%2C26.400.0%2CN%3Bb24connector%2C25.0.0%2CN%3Bhighloadblock%2C25.100.0%2CN%3Biblock%2C25.300.0%2CN%3Bsocialservices%2C26.0.0%2CN%3Brest%2C26.0.0%2CN%3Bfileman%2C25.200.200%2CN%3Bforum%2C26.0.0%2CN%3Blanding%2C26.200.0%2CN%3Bclouds%2C25.100.0%2CN%3Bphotogallery%2C25.100.0%2CN%3Bform%2C26.0.0%2CN%3Bbitrixcloud%2C25.100.0%2CN%3Bsubscribe%2C25.0.0%2CN%3Bmessageservice%2C25.200.100%2CN%3Bui%2C26.150.0%2CN%3Blocation%2C25.400.0%2CN%3Bperfmon%2C25.300.0%2CN%3Bseo%2C25.100.400%2CN%3Bvote%2C26.0.0%2CN%3Btranslate%2C25.100.0%2CN%3Bsecurity%2C25.0.0%2CN%3Bbitrix.sitecorporate%2C26.0.0%2CN%3Bsearch%2C25.200.0%2CN&reqm=bitrix.sitecorporate&fullmoduleinfo=Y&SUPD_SRS=RU&SUPD_CMP=N
2026-06-15 12:55:31 -  - exec CUpdateClientPartner::GetHTTPPage
2026-06-15 12:55:31 -  - TIME GetUpdatesList(request) 0.184 sec
2026-06-15 12:55:31 -  - exec CUpdateClientPartner::ParseServerData
2026-06-15 12:55:35 -  - exec CUpdateClientPartner::GetUpdatesList
2026-06-15 12:55:35 -  - exec CUpdateClientPartner::__CollectRequestData
2026-06-15 12:55:35 -  - utf=Y&lang=ru&stable=Y&CANGZIP=Y&SUPD_DBS=MYSQL&XE=N&CLIENT_SITE=localhost&LICENSE_KEY=X&SUPD_STS=2&SUPD_URS=0&TYPENC=D&CLIENT_PHPVER=8.5.7&NGINX=Y&dbv=8.0.45&instm=main%2C26.150.0%2CY%3Bmobileapp%2C25.0.100%2CN%3Bblog%2C26.400.0%2CN%3Bb24connector%2C25.0.0%2CN%3Bhighloadblock%2C25.100.0%2CN%3Biblock%2C25.300.0%2CN%3Bsocialservices%2C26.0.0%2CN%3Brest%2C26.0.0%2CN%3Bfileman%2C25.200.200%2CN%3Bforum%2C26.0.0%2CN%3Blanding%2C26.200.0%2CN%3Bclouds%2C25.100.0%2CN%3Bphotogallery%2C25.100.0%2CN%3Bform%2C26.0.0%2CN%3Bbitrixcloud%2C25.100.0%2CN%3Bsubscribe%2C25.0.0%2CN%3Bmessageservice%2C25.200.100%2CN%3Bui%2C26.150.0%2CN%3Blocation%2C25.400.0%2CN%3Bperfmon%2C25.300.0%2CN%3Bseo%2C25.100.400%2CN%3Bvote%2C26.0.0%2CN%3Btranslate%2C25.100.0%2CN%3Bsecurity%2C25.0.0%2CN%3Bbitrix.sitecorporate%2C26.0.0%2CN%3Bsearch%2C25.200.0%2CN&reqm=bitrix.sitecorporate&fullmoduleinfo=Y&SUPD_SRS=RU&SUPD_CMP=N
2026-06-15 12:55:35 -  - exec CUpdateClientPartner::GetHTTPPage
2026-06-15 12:55:35 -  - TIME GetUpdatesList(request) 0.139 sec
2026-06-15 12:55:35 -  - exec CUpdateClientPartner::ParseServerData
2026-06-15 12:55:37 -  - exec CUpdateClientPartner::GetUpdatesList
2026-06-15 12:55:37 -  - exec CUpdateClientPartner::__CollectRequestData
2026-06-15 12:55:37 -  - utf=Y&lang=ru&stable=Y&CANGZIP=Y&SUPD_DBS=MYSQL&XE=N&CLIENT_SITE=localhost&LICENSE_KEY=X&SUPD_STS=2&SUPD_URS=0&TYPENC=D&CLIENT_PHPVER=8.5.7&NGINX=Y&dbv=8.0.45&instm=main%2C26.150.0%2CY%3Bmobileapp%2C25.0.100%2CN%3Bblog%2C26.400.0%2CN%3Bb24connector%2C25.0.0%2CN%3Bhighloadblock%2C25.100.0%2CN%3Biblock%2C25.300.0%2CN%3Bsocialservices%2C26.0.0%2CN%3Brest%2C26.0.0%2CN%3Bfileman%2C25.200.200%2CN%3Bforum%2C26.0.0%2CN%3Blanding%2C26.200.0%2CN%3Bclouds%2C25.100.0%2CN%3Bphotogallery%2C25.100.0%2CN%3Bform%2C26.0.0%2CN%3Bbitrixcloud%2C25.100.0%2CN%3Bsubscribe%2C25.0.0%2CN%3Bmessageservice%2C25.200.100%2CN%3Bui%2C26.150.0%2CN%3Blocation%2C25.400.0%2CN%3Bperfmon%2C25.300.0%2CN%3Bseo%2C25.100.400%2CN%3Bvote%2C26.0.0%2CN%3Btranslate%2C25.100.0%2CN%3Bsecurity%2C25.0.0%2CN%3Bbitrix.sitecorporate%2C26.0.0%2CN%3Bsearch%2C25.200.0%2CN&reqm=bitrix.sitecorporate&fullmoduleinfo=Y&SUPD_SRS=RU&SUPD_CMP=N
2026-06-15 12:55:37 -  - exec CUpdateClientPartner::GetHTTPPage
2026-06-15 12:55:37 -  - TIME GetUpdatesList(request) 0.132 sec
2026-06-15 12:55:37 -  - exec CUpdateClientPartner::ParseServerData
2026-06-15 12:55:37 -  - exec CUpdateClientPartner::GetUpdatesList
2026-06-15 12:55:37 -  - exec CUpdateClientPartner::__CollectRequestData
2026-06-15 12:55:37 -  - utf=Y&lang=ru&stable=Y&CANGZIP=Y&SUPD_DBS=MYSQL&XE=N&CLIENT_SITE=localhost&LICENSE_KEY=X&SUPD_STS=2&SUPD_URS=0&TYPENC=D&CLIENT_PHPVER=8.5.7&NGINX=Y&dbv=8.0.45&instm=main%2C26.150.0%2CY%3Bmobileapp%2C25.0.100%2CN%3Bblog%2C26.400.0%2CN%3Bb24connector%2C25.0.0%2CN%3Bhighloadblock%2C25.100.0%2CN%3Biblock%2C25.300.0%2CN%3Bsocialservices%2C26.0.0%2CN%3Brest%2C26.0.0%2CN%3Bfileman%2C25.200.200%2CN%3Bforum%2C26.0.0%2CN%3Blanding%2C26.200.0%2CN%3Bclouds%2C25.100.0%2CN%3Bphotogallery%2C25.100.0%2CN%3Bform%2C26.0.0%2CN%3Bbitrixcloud%2C25.100.0%2CN%3Bsubscribe%2C25.0.0%2CN%3Bmessageservice%2C25.200.100%2CN%3Bui%2C26.150.0%2CN%3Blocation%2C25.400.0%2CN%3Bperfmon%2C25.300.0%2CN%3Bseo%2C25.100.400%2CN%3Bvote%2C26.0.0%2CN%3Btranslate%2C25.100.0%2CN%3Bsecurity%2C25.0.0%2CN%3Bbitrix.sitecorporate%2C26.0.0%2CN%3Bsearch%2C25.200.0%2CN&reqm=bitrix.sitecorporate&fullmoduleinfo=Y&SUPD_SRS=RU&SUPD_CMP=N
2026-06-15 12:55:37 -  - exec CUpdateClientPartner::GetHTTPPage
2026-06-15 12:55:38 -  - TIME GetUpdatesList(request) 0.152 sec
2026-06-15 12:55:38 -  - exec CUpdateClientPartner::ParseServerData
2026-06-15 12:58:10 -  - exec CUpdateClientPartner::GetUpdatesList
2026-06-15 12:58:10 -  - exec CUpdateClientPartner::__CollectRequestData
2026-06-15 12:58:10 -  - utf=Y&lang=ru&stable=Y&CANGZIP=Y&SUPD_DBS=MYSQL&XE=N&CLIENT_SITE=localhost&LICENSE_KEY=X&SUPD_STS=2&SUPD_URS=0&TYPENC=D&CLIENT_PHPVER=8.5.7&NGINX=Y&dbv=8.0.45&instm=main%2C26.150.0%2CY%3Bmobileapp%2C25.0.100%2CN%3Bblog%2C26.400.0%2CN%3Bb24connector%2C25.0.0%2CN%3Bhighloadblock%2C25.100.0%2CN%3Biblock%2C25.300.0%2CN%3Bsocialservices%2C26.0.0%2CN%3Brest%2C26.0.0%2CN%3Bfileman%2C25.200.200%2CN%3Bforum%2C26.0.0%2CN%3Blanding%2C26.200.0%2CN%3Bclouds%2C25.100.0%2CN%3Bphotogallery%2C25.100.0%2CN%3Bform%2C26.0.0%2CN%3Bbitrixcloud%2C25.100.0%2CN%3Bsubscribe%2C25.0.0%2CN%3Bmessageservice%2C25.200.100%2CN%3Bui%2C26.150.0%2CN%3Blocation%2C25.400.0%2CN%3Bperfmon%2C25.300.0%2CN%3Bseo%2C25.100.400%2CN%3Bvote%2C26.0.0%2CN%3Btranslate%2C25.100.0%2CN%3Bsecurity%2C25.0.0%2CN%3Bbitrix.sitecorporate%2C26.0.0%2CN%3Bsearch%2C25.200.0%2CN&reqm=bitrix.sitecorporate&fullmoduleinfo=Y&SUPD_SRS=RU&SUPD_CMP=N
2026-06-15 12:58:10 -  - exec CUpdateClientPartner::GetHTTPPage
2026-06-15 12:58:10 -  - TIME GetUpdatesList(request) 0.136 sec
2026-06-15 12:58:10 -  - exec CUpdateClientPartner::ParseServerData
2026-06-15 12:58:10 -  - exec CUpdateClientPartner::GetUpdatesList
2026-06-15 12:58:10 -  - exec CUpdateClientPartner::__CollectRequestData
2026-06-15 12:58:10 -  - utf=Y&lang=ru&stable=Y&CANGZIP=Y&SUPD_DBS=MYSQL&XE=N&CLIENT_SITE=localhost&LICENSE_KEY=X&SUPD_STS=2&SUPD_URS=0&TYPENC=D&CLIENT_PHPVER=8.5.7&NGINX=Y&dbv=8.0.45&instm=main%2C26.150.0%2CY%3Bmobileapp%2C25.0.100%2CN%3Bblog%2C26.400.0%2CN%3Bb24connector%2C25.0.0%2CN%3Bhighloadblock%2C25.100.0%2CN%3Biblock%2C25.300.0%2CN%3Bsocialservices%2C26.0.0%2CN%3Brest%2C26.0.0%2CN%3Bfileman%2C25.200.200%2CN%3Bforum%2C26.0.0%2CN%3Blanding%2C26.200.0%2CN%3Bclouds%2C25.100.0%2CN%3Bphotogallery%2C25.100.0%2CN%3Bform%2C26.0.0%2CN%3Bbitrixcloud%2C25.100.0%2CN%3Bsubscribe%2C25.0.0%2CN%3Bmessageservice%2C25.200.100%2CN%3Bui%2C26.150.0%2CN%3Blocation%2C25.400.0%2CN%3Bperfmon%2C25.300.0%2CN%3Bseo%2C25.100.400%2CN%3Bvote%2C26.0.0%2CN%3Btranslate%2C25.100.0%2CN%3Bsecurity%2C25.0.0%2CN%3Bbitrix.sitecorporate%2C26.0.0%2CN%3Bsearch%2C25.200.0%2CN&reqm=bitrix.sitecorporate&fullmoduleinfo=Y&SUPD_SRS=RU&SUPD_CMP=N
2026-06-15 12:58:10 -  - exec CUpdateClientPartner::GetHTTPPage
2026-06-15 12:58:10 -  - TIME GetUpdatesList(request) 0.173 sec
2026-06-15 12:58:10 -  - exec CUpdateClientPartner::ParseServerData
2026-06-15 12:58:13 -  - exec CUpdateClientPartner::GetUpdatesList
2026-06-15 12:58:13 -  - exec CUpdateClientPartner::__CollectRequestData
2026-06-15 12:58:13 -  - utf=Y&lang=ru&stable=Y&CANGZIP=Y&SUPD_DBS=MYSQL&XE=N&CLIENT_SITE=localhost&LICENSE_KEY=X&SUPD_STS=2&SUPD_URS=0&TYPENC=D&CLIENT_PHPVER=8.5.7&NGINX=Y&dbv=8.0.45&instm=main%2C26.150.0%2CY%3Bmobileapp%2C25.0.100%2CN%3Bblog%2C26.400.0%2CN%3Bb24connector%2C25.0.0%2CN%3Bhighloadblock%2C25.100.0%2CN%3Biblock%2C25.300.0%2CN%3Bsocialservices%2C26.0.0%2CN%3Brest%2C26.0.0%2CN%3Bfileman%2C25.200.200%2CN%3Bforum%2C26.0.0%2CN%3Blanding%2C26.200.0%2CN%3Bclouds%2C25.100.0%2CN%3Bphotogallery%2C25.100.0%2CN%3Bform%2C26.0.0%2CN%3Bbitrixcloud%2C25.100.0%2CN%3Bsubscribe%2C25.0.0%2CN%3Bmessageservice%2C25.200.100%2CN%3Bui%2C26.150.0%2CN%3Blocation%2C25.400.0%2CN%3Bperfmon%2C25.300.0%2CN%3Bseo%2C25.100.400%2CN%3Bvote%2C26.0.0%2CN%3Btranslate%2C25.100.0%2CN%3Bsecurity%2C25.0.0%2CN%3Bbitrix.sitecorporate%2C26.0.0%2CN%3Bsearch%2C25.200.0%2CN&reqm=bitrix.sitecorporate&fullmoduleinfo=Y&SUPD_SRS=RU&SUPD_CMP=N
2026-06-15 12:58:13 -  - exec CUpdateClientPartner::GetHTTPPage
2026-06-15 12:58:13 -  - TIME GetUpdatesList(request) 0.181 sec
2026-06-15 12:58:13 -  - exec CUpdateClientPartner::ParseServerData
2026-06-15 12:58:19 -  - exec CUpdateClientPartner::GetUpdatesList
2026-06-15 12:58:19 -  - exec CUpdateClientPartner::__CollectRequestData
2026-06-15 12:58:19 -  - utf=Y&lang=ru&stable=Y&CANGZIP=Y&SUPD_DBS=MYSQL&XE=N&CLIENT_SITE=localhost&LICENSE_KEY=X&SUPD_STS=2&SUPD_URS=0&TYPENC=D&CLIENT_PHPVER=8.5.7&NGINX=Y&dbv=8.0.45&instm=main%2C26.150.0%2CY%3Bmobileapp%2C25.0.100%2CN%3Bblog%2C26.400.0%2CN%3Bb24connector%2C25.0.0%2CN%3Bhighloadblock%2C25.100.0%2CN%3Biblock%2C25.300.0%2CN%3Bsocialservices%2C26.0.0%2CN%3Brest%2C26.0.0%2CN%3Bfileman%2C25.200.200%2CN%3Bforum%2C26.0.0%2CN%3Blanding%2C26.200.0%2CN%3Bclouds%2C25.100.0%2CN%3Bphotogallery%2C25.100.0%2CN%3Bform%2C26.0.0%2CN%3Bbitrixcloud%2C25.100.0%2CN%3Bsubscribe%2C25.0.0%2CN%3Bmessageservice%2C25.200.100%2CN%3Bui%2C26.150.0%2CN%3Blocation%2C25.400.0%2CN%3Bperfmon%2C25.300.0%2CN%3Bseo%2C25.100.400%2CN%3Bvote%2C26.0.0%2CN%3Btranslate%2C25.100.0%2CN%3Bsecurity%2C25.0.0%2CN%3Bbitrix.sitecorporate%2C26.0.0%2CN%3Bsearch%2C25.200.0%2CN&reqm=bitrix.sitecorporate&fullmoduleinfo=Y&SUPD_SRS=RU&SUPD_CMP=N
2026-06-15 12:58:19 -  - exec CUpdateClientPartner::GetHTTPPage
2026-06-15 12:58:19 -  - TIME GetUpdatesList(request) 0.148 sec
2026-06-15 12:58:19 -  - exec CUpdateClientPartner::ParseServerData
2026-06-15 12:58:22 -  - exec CUpdateClientPartner::GetUpdatesList
2026-06-15 12:58:22 -  - exec CUpdateClientPartner::__CollectRequestData
2026-06-15 12:58:22 -  - utf=Y&lang=ru&stable=Y&CANGZIP=Y&SUPD_DBS=MYSQL&XE=N&CLIENT_SITE=localhost&LICENSE_KEY=X&SUPD_STS=2&SUPD_URS=0&TYPENC=D&CLIENT_PHPVER=8.5.7&NGINX=Y&dbv=8.0.45&instm=main%2C26.150.0%2CY%3Bmobileapp%2C25.0.100%2CN%3Bblog%2C26.400.0%2CN%3Bb24connector%2C25.0.0%2CN%3Bhighloadblock%2C25.100.0%2CN%3Biblock%2C25.300.0%2CN%3Bsocialservices%2C26.0.0%2CN%3Brest%2C26.0.0%2CN%3Bfileman%2C25.200.200%2CN%3Bforum%2C26.0.0%2CN%3Blanding%2C26.200.0%2CN%3Bclouds%2C25.100.0%2CN%3Bphotogallery%2C25.100.0%2CN%3Bform%2C26.0.0%2CN%3Bbitrixcloud%2C25.100.0%2CN%3Bsubscribe%2C25.0.0%2CN%3Bmessageservice%2C25.200.100%2CN%3Bui%2C26.150.0%2CN%3Blocation%2C25.400.0%2CN%3Bperfmon%2C25.300.0%2CN%3Bseo%2C25.100.400%2CN%3Bvote%2C26.0.0%2CN%3Btranslate%2C25.100.0%2CN%3Bsecurity%2C25.0.0%2CN%3Bbitrix.sitecorporate%2C26.0.0%2CN%3Bsearch%2C25.200.0%2CN&reqm=bitrix.sitecorporate&fullmoduleinfo=Y&SUPD_SRS=RU&SUPD_CMP=N
2026-06-15 12:58:22 -  - exec CUpdateClientPartner::GetHTTPPage
2026-06-15 12:58:22 -  - TIME GetUpdatesList(request) 0.169 sec
2026-06-15 12:58:22 -  - exec CUpdateClientPartner::ParseServerData
2026-06-15 13:07:32 -  - exec CUpdateClientPartner::GetUpdatesList
2026-06-15 13:07:32 -  - exec CUpdateClientPartner::__CollectRequestData
2026-06-15 13:07:32 -  - utf=Y&lang=ru&stable=Y&CANGZIP=Y&SUPD_DBS=MYSQL&XE=N&CLIENT_SITE=localhost&LICENSE_KEY=X&SUPD_STS=2&SUPD_URS=0&TYPENC=D&CLIENT_PHPVER=8.5.7&NGINX=Y&dbv=8.0.45&instm=main%2C26.150.0%2CY%3Bmobileapp%2C25.0.100%2CN%3Bblog%2C26.400.0%2CN%3Bb24connector%2C25.0.0%2CN%3Bhighloadblock%2C25.100.0%2CN%3Biblock%2C25.300.0%2CN%3Bsocialservices%2C26.0.0%2CN%3Brest%2C26.0.0%2CN%3Bfileman%2C25.200.200%2CN%3Bforum%2C26.0.0%2CN%3Blanding%2C26.200.0%2CN%3Bclouds%2C25.100.0%2CN%3Bphotogallery%2C25.100.0%2CN%3Bform%2C26.0.0%2CN%3Bbitrixcloud%2C25.100.0%2CN%3Bsubscribe%2C25.0.0%2CN%3Bmessageservice%2C25.200.100%2CN%3Bui%2C26.150.0%2CN%3Blocation%2C25.400.0%2CN%3Bperfmon%2C25.300.0%2CN%3Bseo%2C25.100.400%2CN%3Bvote%2C26.0.0%2CN%3Btranslate%2C25.100.0%2CN%3Bsecurity%2C25.0.0%2CN%3Bbitrix.sitecorporate%2C26.0.0%2CN%3Bsearch%2C25.200.0%2CN&reqm=bitrix.sitecorporate&fullmoduleinfo=Y&SUPD_SRS=RU&SUPD_CMP=N
2026-06-15 13:07:32 -  - exec CUpdateClientPartner::GetHTTPPage
2026-06-15 13:07:32 -  - TIME GetUpdatesList(request) 0.173 sec
2026-06-15 13:07:32 -  - exec CUpdateClientPartner::ParseServerData
2026-06-15 13:07:33 -  - exec CUpdateClientPartner::GetUpdatesList
2026-06-15 13:07:33 -  - exec CUpdateClientPartner::__CollectRequestData
2026-06-15 13:07:33 -  - utf=Y&lang=ru&stable=Y&CANGZIP=Y&SUPD_DBS=MYSQL&XE=N&CLIENT_SITE=localhost&LICENSE_KEY=X&SUPD_STS=2&SUPD_URS=0&TYPENC=D&CLIENT_PHPVER=8.5.7&NGINX=Y&dbv=8.0.45&instm=main%2C26.150.0%2CY%3Bmobileapp%2C25.0.100%2CN%3Bblog%2C26.400.0%2CN%3Bb24connector%2C25.0.0%2CN%3Bhighloadblock%2C25.100.0%2CN%3Biblock%2C25.300.0%2CN%3Bsocialservices%2C26.0.0%2CN%3Brest%2C26.0.0%2CN%3Bfileman%2C25.200.200%2CN%3Bforum%2C26.0.0%2CN%3Blanding%2C26.200.0%2CN%3Bclouds%2C25.100.0%2CN%3Bphotogallery%2C25.100.0%2CN%3Bform%2C26.0.0%2CN%3Bbitrixcloud%2C25.100.0%2CN%3Bsubscribe%2C25.0.0%2CN%3Bmessageservice%2C25.200.100%2CN%3Bui%2C26.150.0%2CN%3Blocation%2C25.400.0%2CN%3Bperfmon%2C25.300.0%2CN%3Bseo%2C25.100.400%2CN%3Bvote%2C26.0.0%2CN%3Btranslate%2C25.100.0%2CN%3Bsecurity%2C25.0.0%2CN%3Bbitrix.sitecorporate%2C26.0.0%2CN%3Bsearch%2C25.200.0%2CN&reqm=bitrix.sitecorporate&fullmoduleinfo=Y&SUPD_SRS=RU&SUPD_CMP=N
2026-06-15 13:07:33 -  - exec CUpdateClientPartner::GetHTTPPage
2026-06-15 13:07:33 -  - TIME GetUpdatesList(request) 0.187 sec
2026-06-15 13:07:33 -  - exec CUpdateClientPartner::ParseServerData
2026-06-15 13:07:34 -  - exec CUpdateClientPartner::GetUpdatesList
2026-06-15 13:07:34 -  - exec CUpdateClientPartner::__CollectRequestData
2026-06-15 13:07:34 -  - utf=Y&lang=ru&stable=Y&CANGZIP=Y&SUPD_DBS=MYSQL&XE=N&CLIENT_SITE=localhost&LICENSE_KEY=X&SUPD_STS=2&SUPD_URS=0&TYPENC=D&CLIENT_PHPVER=8.5.7&NGINX=Y&dbv=8.0.45&instm=main%2C26.150.0%2CY%3Bmobileapp%2C25.0.100%2CN%3Bblog%2C26.400.0%2CN%3Bb24connector%2C25.0.0%2CN%3Bhighloadblock%2C25.100.0%2CN%3Biblock%2C25.300.0%2CN%3Bsocialservices%2C26.0.0%2CN%3Brest%2C26.0.0%2CN%3Bfileman%2C25.200.200%2CN%3Bforum%2C26.0.0%2CN%3Blanding%2C26.200.0%2CN%3Bclouds%2C25.100.0%2CN%3Bphotogallery%2C25.100.0%2CN%3Bform%2C26.0.0%2CN%3Bbitrixcloud%2C25.100.0%2CN%3Bsubscribe%2C25.0.0%2CN%3Bmessageservice%2C25.200.100%2CN%3Bui%2C26.150.0%2CN%3Blocation%2C25.400.0%2CN%3Bperfmon%2C25.300.0%2CN%3Bseo%2C25.100.400%2CN%3Bvote%2C26.0.0%2CN%3Btranslate%2C25.100.0%2CN%3Bsecurity%2C25.0.0%2CN%3Bbitrix.sitecorporate%2C26.0.0%2CN%3Bsearch%2C25.200.0%2CN&reqm=bitrix.sitecorporate&fullmoduleinfo=Y&SUPD_SRS=RU&SUPD_CMP=N
2026-06-15 13:07:34 -  - exec CUpdateClientPartner::GetHTTPPage
2026-06-15 13:07:34 -  - TIME GetUpdatesList(request) 0.152 sec
2026-06-15 13:07:34 -  - exec CUpdateClientPartner::ParseServerData
2026-06-15 13:07:35 -  - exec CUpdateClientPartner::GetUpdatesList
2026-06-15 13:07:35 -  - exec CUpdateClientPartner::__CollectRequestData
2026-06-15 13:07:35 -  - utf=Y&lang=ru&stable=Y&CANGZIP=Y&SUPD_DBS=MYSQL&XE=N&CLIENT_SITE=localhost&LICENSE_KEY=X&SUPD_STS=2&SUPD_URS=0&TYPENC=D&CLIENT_PHPVER=8.5.7&NGINX=Y&dbv=8.0.45&instm=main%2C26.150.0%2CY%3Bmobileapp%2C25.0.100%2CN%3Bblog%2C26.400.0%2CN%3Bb24connector%2C25.0.0%2CN%3Bhighloadblock%2C25.100.0%2CN%3Biblock%2C25.300.0%2CN%3Bsocialservices%2C26.0.0%2CN%3Brest%2C26.0.0%2CN%3Bfileman%2C25.200.200%2CN%3Bforum%2C26.0.0%2CN%3Blanding%2C26.200.0%2CN%3Bclouds%2C25.100.0%2CN%3Bphotogallery%2C25.100.0%2CN%3Bform%2C26.0.0%2CN%3Bbitrixcloud%2C25.100.0%2CN%3Bsubscribe%2C25.0.0%2CN%3Bmessageservice%2C25.200.100%2CN%3Bui%2C26.150.0%2CN%3Blocation%2C25.400.0%2CN%3Bperfmon%2C25.300.0%2CN%3Bseo%2C25.100.400%2CN%3Bvote%2C26.0.0%2CN%3Btranslate%2C25.100.0%2CN%3Bsecurity%2C25.0.0%2CN%3Bbitrix.sitecorporate%2C26.0.0%2CN%3Bsearch%2C25.200.0%2CN&reqm=bitrix.sitecorporate&fullmoduleinfo=Y&SUPD_SRS=RU&SUPD_CMP=N
2026-06-15 13:07:35 -  - exec CUpdateClientPartner::GetHTTPPage
2026-06-15 13:07:35 -  - TIME GetUpdatesList(request) 0.149 sec
2026-06-15 13:07:35 -  - exec CUpdateClientPartner::ParseServerData
2026-06-15 13:07:35 -  - exec CUpdateClientPartner::GetUpdatesList
2026-06-15 13:07:35 -  - exec CUpdateClientPartner::__CollectRequestData
2026-06-15 13:07:35 -  - utf=Y&lang=ru&stable=Y&CANGZIP=Y&SUPD_DBS=MYSQL&XE=N&CLIENT_SITE=localhost&LICENSE_KEY=X&SUPD_STS=2&SUPD_URS=0&TYPENC=D&CLIENT_PHPVER=8.5.7&NGINX=Y&dbv=8.0.45&instm=main%2C26.150.0%2CY%3Bmobileapp%2C25.0.100%2CN%3Bblog%2C26.400.0%2CN%3Bb24connector%2C25.0.0%2CN%3Bhighloadblock%2C25.100.0%2CN%3Biblock%2C25.300.0%2CN%3Bsocialservices%2C26.0.0%2CN%3Brest%2C26.0.0%2CN%3Bfileman%2C25.200.200%2CN%3Bforum%2C26.0.0%2CN%3Blanding%2C26.200.0%2CN%3Bclouds%2C25.100.0%2CN%3Bphotogallery%2C25.100.0%2CN%3Bform%2C26.0.0%2CN%3Bbitrixcloud%2C25.100.0%2CN%3Bsubscribe%2C25.0.0%2CN%3Bmessageservice%2C25.200.100%2CN%3Bui%2C26.150.0%2CN%3Blocation%2C25.400.0%2CN%3Bperfmon%2C25.300.0%2CN%3Bseo%2C25.100.400%2CN%3Bvote%2C26.0.0%2CN%3Btranslate%2C25.100.0%2CN%3Bsecurity%2C25.0.0%2CN%3Bbitrix.sitecorporate%2C26.0.0%2CN%3Bsearch%2C25.200.0%2CN&reqm=bitrix.sitecorporate&fullmoduleinfo=Y&SUPD_SRS=RU&SUPD_CMP=N
2026-06-15 13:07:35 -  - exec CUpdateClientPartner::GetHTTPPage
2026-06-15 13:07:35 -  - TIME GetUpdatesList(request) 0.144 sec
2026-06-15 13:07:35 -  - exec CUpdateClientPartner::ParseServerData
2026-06-15 13:07:37 -  - exec CUpdateClientPartner::GetUpdatesList
2026-06-15 13:07:37 -  - exec CUpdateClientPartner::__CollectRequestData
2026-06-15 13:07:37 -  - utf=Y&lang=ru&stable=Y&CANGZIP=Y&SUPD_DBS=MYSQL&XE=N&CLIENT_SITE=localhost&LICENSE_KEY=X&SUPD_STS=2&SUPD_URS=0&TYPENC=D&CLIENT_PHPVER=8.5.7&NGINX=Y&dbv=8.0.45&instm=main%2C26.150.0%2CY%3Bmobileapp%2C25.0.100%2CN%3Bblog%2C26.400.0%2CN%3Bb24connector%2C25.0.0%2CN%3Bhighloadblock%2C25.100.0%2CN%3Biblock%2C25.300.0%2CN%3Bsocialservices%2C26.0.0%2CN%3Brest%2C26.0.0%2CN%3Bfileman%2C25.200.200%2CN%3Bforum%2C26.0.0%2CN%3Blanding%2C26.200.0%2CN%3Bclouds%2C25.100.0%2CN%3Bphotogallery%2C25.100.0%2CN%3Bform%2C26.0.0%2CN%3Bbitrixcloud%2C25.100.0%2CN%3Bsubscribe%2C25.0.0%2CN%3Bmessageservice%2C25.200.100%2CN%3Bui%2C26.150.0%2CN%3Blocation%2C25.400.0%2CN%3Bperfmon%2C25.300.0%2CN%3Bseo%2C25.100.400%2CN%3Bvote%2C26.0.0%2CN%3Btranslate%2C25.100.0%2CN%3Bsecurity%2C25.0.0%2CN%3Bbitrix.sitecorporate%2C26.0.0%2CN%3Bsearch%2C25.200.0%2CN&reqm=bitrix.sitecorporate&fullmoduleinfo=Y&SUPD_SRS=RU&SUPD_CMP=N
2026-06-15 13:07:37 -  - exec CUpdateClientPartner::GetHTTPPage
2026-06-15 13:07:37 -  - TIME GetUpdatesList(request) 0.187 sec
2026-06-15 13:07:37 -  - exec CUpdateClientPartner::ParseServerData
2026-06-15 13:07:42 -  - exec CUpdateClientPartner::GetUpdatesList
2026-06-15 13:07:42 -  - exec CUpdateClientPartner::__CollectRequestData
2026-06-15 13:07:42 -  - utf=Y&lang=ru&stable=Y&CANGZIP=Y&SUPD_DBS=MYSQL&XE=N&CLIENT_SITE=localhost&LICENSE_KEY=X&SUPD_STS=2&SUPD_URS=0&TYPENC=D&CLIENT_PHPVER=8.5.7&NGINX=Y&dbv=8.0.45&instm=main%2C26.150.0%2CY%3Bmobileapp%2C25.0.100%2CN%3Bblog%2C26.400.0%2CN%3Bb24connector%2C25.0.0%2CN%3Bhighloadblock%2C25.100.0%2CN%3Biblock%2C25.300.0%2CN%3Bsocialservices%2C26.0.0%2CN%3Brest%2C26.0.0%2CN%3Bfileman%2C25.200.200%2CN%3Bforum%2C26.0.0%2CN%3Blanding%2C26.200.0%2CN%3Bclouds%2C25.100.0%2CN%3Bphotogallery%2C25.100.0%2CN%3Bform%2C26.0.0%2CN%3Bbitrixcloud%2C25.100.0%2CN%3Bsubscribe%2C25.0.0%2CN%3Bmessageservice%2C25.200.100%2CN%3Bui%2C26.150.0%2CN%3Blocation%2C25.400.0%2CN%3Bperfmon%2C25.300.0%2CN%3Bseo%2C25.100.400%2CN%3Bvote%2C26.0.0%2CN%3Btranslate%2C25.100.0%2CN%3Bsecurity%2C25.0.0%2CN%3Bbitrix.sitecorporate%2C26.0.0%2CN%3Bsearch%2C25.200.0%2CN&reqm=bitrix.sitecorporate&fullmoduleinfo=Y&SUPD_SRS=RU&SUPD_CMP=N
2026-06-15 13:07:42 -  - exec CUpdateClientPartner::GetHTTPPage
2026-06-15 13:07:42 -  - TIME GetUpdatesList(request) 0.158 sec
2026-06-15 13:07:42 -  - exec CUpdateClientPartner::ParseServerData
2026-06-15 13:07:44 -  - exec CUpdateClientPartner::GetUpdatesList
2026-06-15 13:07:44 -  - exec CUpdateClientPartner::__CollectRequestData
2026-06-15 13:07:44 -  - utf=Y&lang=ru&stable=Y&CANGZIP=Y&SUPD_DBS=MYSQL&XE=N&CLIENT_SITE=localhost&LICENSE_KEY=X&SUPD_STS=2&SUPD_URS=0&TYPENC=D&CLIENT_PHPVER=8.5.7&NGINX=Y&dbv=8.0.45&instm=main%2C26.150.0%2CY%3Bmobileapp%2C25.0.100%2CN%3Bblog%2C26.400.0%2CN%3Bb24connector%2C25.0.0%2CN%3Bhighloadblock%2C25.100.0%2CN%3Biblock%2C25.300.0%2CN%3Bsocialservices%2C26.0.0%2CN%3Brest%2C26.0.0%2CN%3Bfileman%2C25.200.200%2CN%3Bforum%2C26.0.0%2CN%3Blanding%2C26.200.0%2CN%3Bclouds%2C25.100.0%2CN%3Bphotogallery%2C25.100.0%2CN%3Bform%2C26.0.0%2CN%3Bbitrixcloud%2C25.100.0%2CN%3Bsubscribe%2C25.0.0%2CN%3Bmessageservice%2C25.200.100%2CN%3Bui%2C26.150.0%2CN%3Blocation%2C25.400.0%2CN%3Bperfmon%2C25.300.0%2CN%3Bseo%2C25.100.400%2CN%3Bvote%2C26.0.0%2CN%3Btranslate%2C25.100.0%2CN%3Bsecurity%2C25.0.0%2CN%3Bbitrix.sitecorporate%2C26.0.0%2CN%3Bsearch%2C25.200.0%2CN&reqm=bitrix.sitecorporate&fullmoduleinfo=Y&SUPD_SRS=RU&SUPD_CMP=N
2026-06-15 13:07:44 -  - exec CUpdateClientPartner::GetHTTPPage
2026-06-15 13:07:44 -  - TIME GetUpdatesList(request) 0.177 sec
2026-06-15 13:07:44 -  - exec CUpdateClientPartner::ParseServerData
2026-06-15 13:07:45 -  - exec CUpdateClientPartner::GetUpdatesList
2026-06-15 13:07:45 -  - exec CUpdateClientPartner::__CollectRequestData
2026-06-15 13:07:45 -  - utf=Y&lang=ru&stable=Y&CANGZIP=Y&SUPD_DBS=MYSQL&XE=N&CLIENT_SITE=localhost&LICENSE_KEY=X&SUPD_STS=2&SUPD_URS=0&TYPENC=D&CLIENT_PHPVER=8.5.7&NGINX=Y&dbv=8.0.45&instm=main%2C26.150.0%2CY%3Bmobileapp%2C25.0.100%2CN%3Bblog%2C26.400.0%2CN%3Bb24connector%2C25.0.0%2CN%3Bhighloadblock%2C25.100.0%2CN%3Biblock%2C25.300.0%2CN%3Bsocialservices%2C26.0.0%2CN%3Brest%2C26.0.0%2CN%3Bfileman%2C25.200.200%2CN%3Bforum%2C26.0.0%2CN%3Blanding%2C26.200.0%2CN%3Bclouds%2C25.100.0%2CN%3Bphotogallery%2C25.100.0%2CN%3Bform%2C26.0.0%2CN%3Bbitrixcloud%2C25.100.0%2CN%3Bsubscribe%2C25.0.0%2CN%3Bmessageservice%2C25.200.100%2CN%3Bui%2C26.150.0%2CN%3Blocation%2C25.400.0%2CN%3Bperfmon%2C25.300.0%2CN%3Bseo%2C25.100.400%2CN%3Bvote%2C26.0.0%2CN%3Btranslate%2C25.100.0%2CN%3Bsecurity%2C25.0.0%2CN%3Bbitrix.sitecorporate%2C26.0.0%2CN%3Bsearch%2C25.200.0%2CN&reqm=bitrix.sitecorporate&fullmoduleinfo=Y&SUPD_SRS=RU&SUPD_CMP=N
2026-06-15 13:07:45 -  - exec CUpdateClientPartner::GetHTTPPage
2026-06-15 13:07:45 -  - TIME GetUpdatesList(request) 0.137 sec
2026-06-15 13:07:45 -  - exec CUpdateClientPartner::ParseServerData
2026-06-15 13:07:46 -  - exec CUpdateClientPartner::GetUpdatesList
2026-06-15 13:07:46 -  - exec CUpdateClientPartner::__CollectRequestData
2026-06-15 13:07:46 -  - utf=Y&lang=ru&stable=Y&CANGZIP=Y&SUPD_DBS=MYSQL&XE=N&CLIENT_SITE=localhost&LICENSE_KEY=X&SUPD_STS=2&SUPD_URS=0&TYPENC=D&CLIENT_PHPVER=8.5.7&NGINX=Y&dbv=8.0.45&instm=main%2C26.150.0%2CY%3Bmobileapp%2C25.0.100%2CN%3Bblog%2C26.400.0%2CN%3Bb24connector%2C25.0.0%2CN%3Bhighloadblock%2C25.100.0%2CN%3Biblock%2C25.300.0%2CN%3Bsocialservices%2C26.0.0%2CN%3Brest%2C26.0.0%2CN%3Bfileman%2C25.200.200%2CN%3Bforum%2C26.0.0%2CN%3Blanding%2C26.200.0%2CN%3Bclouds%2C25.100.0%2CN%3Bphotogallery%2C25.100.0%2CN%3Bform%2C26.0.0%2CN%3Bbitrixcloud%2C25.100.0%2CN%3Bsubscribe%2C25.0.0%2CN%3Bmessageservice%2C25.200.100%2CN%3Bui%2C26.150.0%2CN%3Blocation%2C25.400.0%2CN%3Bperfmon%2C25.300.0%2CN%3Bseo%2C25.100.400%2CN%3Bvote%2C26.0.0%2CN%3Btranslate%2C25.100.0%2CN%3Bsecurity%2C25.0.0%2CN%3Bbitrix.sitecorporate%2C26.0.0%2CN%3Bsearch%2C25.200.0%2CN&reqm=bitrix.sitecorporate&fullmoduleinfo=Y&SUPD_SRS=RU&SUPD_CMP=N
2026-06-15 13:07:46 -  - exec CUpdateClientPartner::GetHTTPPage
2026-06-15 13:07:46 -  - TIME GetUpdatesList(request) 0.133 sec
2026-06-15 13:07:46 -  - exec CUpdateClientPartner::ParseServerData
2026-06-15 13:09:12 -  - exec CUpdateClientPartner::GetUpdatesList
2026-06-15 13:09:12 -  - exec CUpdateClientPartner::__CollectRequestData
2026-06-15 13:09:12 -  - utf=Y&lang=ru&stable=Y&CANGZIP=Y&SUPD_DBS=MYSQL&XE=N&CLIENT_SITE=localhost&LICENSE_KEY=X&SUPD_STS=2&SUPD_URS=0&TYPENC=D&CLIENT_PHPVER=8.5.7&NGINX=Y&dbv=8.0.45&instm=main%2C26.150.0%2CY%3Bmobileapp%2C25.0.100%2CN%3Bblog%2C26.400.0%2CN%3Bb24connector%2C25.0.0%2CN%3Bhighloadblock%2C25.100.0%2CN%3Biblock%2C25.300.0%2CN%3Bsocialservices%2C26.0.0%2CN%3Brest%2C26.0.0%2CN%3Bfileman%2C25.200.200%2CN%3Bforum%2C26.0.0%2CN%3Blanding%2C26.200.0%2CN%3Bclouds%2C25.100.0%2CN%3Bphotogallery%2C25.100.0%2CN%3Bform%2C26.0.0%2CN%3Bbitrixcloud%2C25.100.0%2CN%3Bsubscribe%2C25.0.0%2CN%3Bmessageservice%2C25.200.100%2CN%3Bui%2C26.150.0%2CN%3Blocation%2C25.400.0%2CN%3Bperfmon%2C25.300.0%2CN%3Bseo%2C25.100.400%2CN%3Bvote%2C26.0.0%2CN%3Btranslate%2C25.100.0%2CN%3Bsecurity%2C25.0.0%2CN%3Bbitrix.sitecorporate%2C26.0.0%2CN%3Bsearch%2C25.200.0%2CN&reqm=bitrix.sitecorporate&fullmoduleinfo=Y&SUPD_SRS=RU&SUPD_CMP=N
2026-06-15 13:09:12 -  - exec CUpdateClientPartner::GetHTTPPage
2026-06-15 13:09:12 -  - TIME GetUpdatesList(request) 0.134 sec
2026-06-15 13:09:12 -  - exec CUpdateClientPartner::ParseServerData
2026-06-15 13:09:13 -  - exec CUpdateClientPartner::GetUpdatesList
2026-06-15 13:09:13 -  - exec CUpdateClientPartner::__CollectRequestData
2026-06-15 13:09:13 -  - utf=Y&lang=ru&stable=Y&CANGZIP=Y&SUPD_DBS=MYSQL&XE=N&CLIENT_SITE=localhost&LICENSE_KEY=X&SUPD_STS=2&SUPD_URS=0&TYPENC=D&CLIENT_PHPVER=8.5.7&NGINX=Y&dbv=8.0.45&instm=main%2C26.150.0%2CY%3Bmobileapp%2C25.0.100%2CN%3Bblog%2C26.400.0%2CN%3Bb24connector%2C25.0.0%2CN%3Bhighloadblock%2C25.100.0%2CN%3Biblock%2C25.300.0%2CN%3Bsocialservices%2C26.0.0%2CN%3Brest%2C26.0.0%2CN%3Bfileman%2C25.200.200%2CN%3Bforum%2C26.0.0%2CN%3Blanding%2C26.200.0%2CN%3Bclouds%2C25.100.0%2CN%3Bphotogallery%2C25.100.0%2CN%3Bform%2C26.0.0%2CN%3Bbitrixcloud%2C25.100.0%2CN%3Bsubscribe%2C25.0.0%2CN%3Bmessageservice%2C25.200.100%2CN%3Bui%2C26.150.0%2CN%3Blocation%2C25.400.0%2CN%3Bperfmon%2C25.300.0%2CN%3Bseo%2C25.100.400%2CN%3Bvote%2C26.0.0%2CN%3Btranslate%2C25.100.0%2CN%3Bsecurity%2C25.0.0%2CN%3Bbitrix.sitecorporate%2C26.0.0%2CN%3Bsearch%2C25.200.0%2CN&reqm=bitrix.sitecorporate&fullmoduleinfo=Y&SUPD_SRS=RU&SUPD_CMP=N
2026-06-15 13:09:13 -  - exec CUpdateClientPartner::GetHTTPPage
2026-06-15 13:09:13 -  - TIME GetUpdatesList(request) 0.154 sec
2026-06-15 13:09:13 -  - exec CUpdateClientPartner::ParseServerData
2026-06-15 13:09:13 -  - exec CUpdateClientPartner::GetUpdatesList
2026-06-15 13:09:13 -  - exec CUpdateClientPartner::__CollectRequestData
2026-06-15 13:09:14 -  - utf=Y&lang=ru&stable=Y&CANGZIP=Y&SUPD_DBS=MYSQL&XE=N&CLIENT_SITE=localhost&LICENSE_KEY=X&SUPD_STS=2&SUPD_URS=0&TYPENC=D&CLIENT_PHPVER=8.5.7&NGINX=Y&dbv=8.0.45&instm=main%2C26.150.0%2CY%3Bmobileapp%2C25.0.100%2CN%3Bblog%2C26.400.0%2CN%3Bb24connector%2C25.0.0%2CN%3Bhighloadblock%2C25.100.0%2CN%3Biblock%2C25.300.0%2CN%3Bsocialservices%2C26.0.0%2CN%3Brest%2C26.0.0%2CN%3Bfileman%2C25.200.200%2CN%3Bforum%2C26.0.0%2CN%3Blanding%2C26.200.0%2CN%3Bclouds%2C25.100.0%2CN%3Bphotogallery%2C25.100.0%2CN%3Bform%2C26.0.0%2CN%3Bbitrixcloud%2C25.100.0%2CN%3Bsubscribe%2C25.0.0%2CN%3Bmessageservice%2C25.200.100%2CN%3Bui%2C26.150.0%2CN%3Blocation%2C25.400.0%2CN%3Bperfmon%2C25.300.0%2CN%3Bseo%2C25.100.400%2CN%3Bvote%2C26.0.0%2CN%3Btranslate%2C25.100.0%2CN%3Bsecurity%2C25.0.0%2CN%3Bbitrix.sitecorporate%2C26.0.0%2CN%3Bsearch%2C25.200.0%2CN&reqm=bitrix.sitecorporate&fullmoduleinfo=Y&SUPD_SRS=RU&SUPD_CMP=N
2026-06-15 13:09:14 -  - exec CUpdateClientPartner::GetHTTPPage
2026-06-15 13:09:14 -  - TIME GetUpdatesList(request) 0.135 sec
2026-06-15 13:09:14 -  - exec CUpdateClientPartner::ParseServerData
2026-06-15 13:09:18 -  - exec CUpdateClientPartner::GetUpdatesList
2026-06-15 13:09:18 -  - exec CUpdateClientPartner::__CollectRequestData
2026-06-15 13:09:18 -  - utf=Y&lang=ru&stable=Y&CANGZIP=Y&SUPD_DBS=MYSQL&XE=N&CLIENT_SITE=localhost&LICENSE_KEY=X&SUPD_STS=2&SUPD_URS=0&TYPENC=D&CLIENT_PHPVER=8.5.7&NGINX=Y&dbv=8.0.45&instm=main%2C26.150.0%2CY%3Bmobileapp%2C25.0.100%2CN%3Bblog%2C26.400.0%2CN%3Bb24connector%2C25.0.0%2CN%3Bhighloadblock%2C25.100.0%2CN%3Biblock%2C25.300.0%2CN%3Bsocialservices%2C26.0.0%2CN%3Brest%2C26.0.0%2CN%3Bfileman%2C25.200.200%2CN%3Bforum%2C26.0.0%2CN%3Blanding%2C26.200.0%2CN%3Bclouds%2C25.100.0%2CN%3Bphotogallery%2C25.100.0%2CN%3Bform%2C26.0.0%2CN%3Bbitrixcloud%2C25.100.0%2CN%3Bsubscribe%2C25.0.0%2CN%3Bmessageservice%2C25.200.100%2CN%3Bui%2C26.150.0%2CN%3Blocation%2C25.400.0%2CN%3Bperfmon%2C25.300.0%2CN%3Bseo%2C25.100.400%2CN%3Bvote%2C26.0.0%2CN%3Btranslate%2C25.100.0%2CN%3Bsecurity%2C25.0.0%2CN%3Bbitrix.sitecorporate%2C26.0.0%2CN%3Bsearch%2C25.200.0%2CN&reqm=bitrix.sitecorporate&fullmoduleinfo=Y&SUPD_SRS=RU&SUPD_CMP=N
2026-06-15 13:09:18 -  - exec CUpdateClientPartner::GetHTTPPage
2026-06-15 13:09:18 -  - TIME GetUpdatesList(request) 0.15 sec
2026-06-15 13:09:18 -  - exec CUpdateClientPartner::ParseServerData
2026-06-15 13:09:23 -  - exec CUpdateClientPartner::GetUpdatesList
2026-06-15 13:09:23 -  - exec CUpdateClientPartner::__CollectRequestData
2026-06-15 13:09:23 -  - utf=Y&lang=ru&stable=Y&CANGZIP=Y&SUPD_DBS=MYSQL&XE=N&CLIENT_SITE=localhost&LICENSE_KEY=X&SUPD_STS=2&SUPD_URS=0&TYPENC=D&CLIENT_PHPVER=8.5.7&NGINX=Y&dbv=8.0.45&instm=main%2C26.150.0%2CY%3Bmobileapp%2C25.0.100%2CN%3Bblog%2C26.400.0%2CN%3Bb24connector%2C25.0.0%2CN%3Bhighloadblock%2C25.100.0%2CN%3Biblock%2C25.300.0%2CN%3Bsocialservices%2C26.0.0%2CN%3Brest%2C26.0.0%2CN%3Bfileman%2C25.200.200%2CN%3Bforum%2C26.0.0%2CN%3Blanding%2C26.200.0%2CN%3Bclouds%2C25.100.0%2CN%3Bphotogallery%2C25.100.0%2CN%3Bform%2C26.0.0%2CN%3Bbitrixcloud%2C25.100.0%2CN%3Bsubscribe%2C25.0.0%2CN%3Bmessageservice%2C25.200.100%2CN%3Bui%2C26.150.0%2CN%3Blocation%2C25.400.0%2CN%3Bperfmon%2C25.300.0%2CN%3Bseo%2C25.100.400%2CN%3Bvote%2C26.0.0%2CN%3Btranslate%2C25.100.0%2CN%3Bsecurity%2C25.0.0%2CN%3Bbitrix.sitecorporate%2C26.0.0%2CN%3Bsearch%2C25.200.0%2CN&reqm=bitrix.sitecorporate&fullmoduleinfo=Y&SUPD_SRS=RU&SUPD_CMP=N
2026-06-15 13:09:23 -  - exec CUpdateClientPartner::GetHTTPPage
2026-06-15 13:09:23 -  - TIME GetUpdatesList(request) 0.132 sec
2026-06-15 13:09:23 -  - exec CUpdateClientPartner::ParseServerData
2026-06-15 13:09:23 -  - exec CUpdateClientPartner::GetUpdatesList
2026-06-15 13:09:23 -  - exec CUpdateClientPartner::__CollectRequestData
2026-06-15 13:09:23 -  - utf=Y&lang=ru&stable=Y&CANGZIP=Y&SUPD_DBS=MYSQL&XE=N&CLIENT_SITE=localhost&LICENSE_KEY=X&SUPD_STS=2&SUPD_URS=0&TYPENC=D&CLIENT_PHPVER=8.5.7&NGINX=Y&dbv=8.0.45&instm=main%2C26.150.0%2CY%3Bmobileapp%2C25.0.100%2CN%3Bblog%2C26.400.0%2CN%3Bb24connector%2C25.0.0%2CN%3Bhighloadblock%2C25.100.0%2CN%3Biblock%2C25.300.0%2CN%3Bsocialservices%2C26.0.0%2CN%3Brest%2C26.0.0%2CN%3Bfileman%2C25.200.200%2CN%3Bforum%2C26.0.0%2CN%3Blanding%2C26.200.0%2CN%3Bclouds%2C25.100.0%2CN%3Bphotogallery%2C25.100.0%2CN%3Bform%2C26.0.0%2CN%3Bbitrixcloud%2C25.100.0%2CN%3Bsubscribe%2C25.0.0%2CN%3Bmessageservice%2C25.200.100%2CN%3Bui%2C26.150.0%2CN%3Blocation%2C25.400.0%2CN%3Bperfmon%2C25.300.0%2CN%3Bseo%2C25.100.400%2CN%3Bvote%2C26.0.0%2CN%3Btranslate%2C25.100.0%2CN%3Bsecurity%2C25.0.0%2CN%3Bbitrix.sitecorporate%2C26.0.0%2CN%3Bsearch%2C25.200.0%2CN&reqm=bitrix.sitecorporate&fullmoduleinfo=Y&SUPD_SRS=RU&SUPD_CMP=N
2026-06-15 13:09:23 -  - exec CUpdateClientPartner::GetHTTPPage
2026-06-15 13:09:24 -  - TIME GetUpdatesList(request) 0.166 sec
2026-06-15 13:09:24 -  - exec CUpdateClientPartner::ParseServerData
2026-06-15 13:09:34 -  - exec CUpdateClientPartner::GetUpdatesList
2026-06-15 13:09:34 -  - exec CUpdateClientPartner::__CollectRequestData
2026-06-15 13:09:34 -  - utf=Y&lang=ru&stable=Y&CANGZIP=Y&SUPD_DBS=MYSQL&XE=N&CLIENT_SITE=localhost&LICENSE_KEY=X&SUPD_STS=2&SUPD_URS=0&TYPENC=D&CLIENT_PHPVER=8.5.7&NGINX=Y&dbv=8.0.45&instm=main%2C26.150.0%2CY%3Bmobileapp%2C25.0.100%2CN%3Bblog%2C26.400.0%2CN%3Bb24connector%2C25.0.0%2CN%3Bhighloadblock%2C25.100.0%2CN%3Biblock%2C25.300.0%2CN%3Bsocialservices%2C26.0.0%2CN%3Brest%2C26.0.0%2CN%3Bfileman%2C25.200.200%2CN%3Bforum%2C26.0.0%2CN%3Blanding%2C26.200.0%2CN%3Bclouds%2C25.100.0%2CN%3Bphotogallery%2C25.100.0%2CN%3Bform%2C26.0.0%2CN%3Bbitrixcloud%2C25.100.0%2CN%3Bsubscribe%2C25.0.0%2CN%3Bmessageservice%2C25.200.100%2CN%3Bui%2C26.150.0%2CN%3Blocation%2C25.400.0%2CN%3Bperfmon%2C25.300.0%2CN%3Bseo%2C25.100.400%2CN%3Bvote%2C26.0.0%2CN%3Btranslate%2C25.100.0%2CN%3Bsecurity%2C25.0.0%2CN%3Bbitrix.sitecorporate%2C26.0.0%2CN%3Bsearch%2C25.200.0%2CN&reqm=bitrix.sitecorporate&fullmoduleinfo=Y&SUPD_SRS=RU&SUPD_CMP=N
2026-06-15 13:09:34 -  - exec CUpdateClientPartner::GetHTTPPage
2026-06-15 13:09:34 -  - TIME GetUpdatesList(request) 0.169 sec
2026-06-15 13:09:34 -  - exec CUpdateClientPartner::ParseServerData
2026-06-15 13:09:35 -  - exec CUpdateClientPartner::GetUpdatesList
2026-06-15 13:09:35 -  - exec CUpdateClientPartner::__CollectRequestData
2026-06-15 13:09:35 -  - utf=Y&lang=ru&stable=Y&CANGZIP=Y&SUPD_DBS=MYSQL&XE=N&CLIENT_SITE=localhost&LICENSE_KEY=X&SUPD_STS=2&SUPD_URS=0&TYPENC=D&CLIENT_PHPVER=8.5.7&NGINX=Y&dbv=8.0.45&instm=main%2C26.150.0%2CY%3Bmobileapp%2C25.0.100%2CN%3Bblog%2C26.400.0%2CN%3Bb24connector%2C25.0.0%2CN%3Bhighloadblock%2C25.100.0%2CN%3Biblock%2C25.300.0%2CN%3Bsocialservices%2C26.0.0%2CN%3Brest%2C26.0.0%2CN%3Bfileman%2C25.200.200%2CN%3Bforum%2C26.0.0%2CN%3Blanding%2C26.200.0%2CN%3Bclouds%2C25.100.0%2CN%3Bphotogallery%2C25.100.0%2CN%3Bform%2C26.0.0%2CN%3Bbitrixcloud%2C25.100.0%2CN%3Bsubscribe%2C25.0.0%2CN%3Bmessageservice%2C25.200.100%2CN%3Bui%2C26.150.0%2CN%3Blocation%2C25.400.0%2CN%3Bperfmon%2C25.300.0%2CN%3Bseo%2C25.100.400%2CN%3Bvote%2C26.0.0%2CN%3Btranslate%2C25.100.0%2CN%3Bsecurity%2C25.0.0%2CN%3Bbitrix.sitecorporate%2C26.0.0%2CN%3Bsearch%2C25.200.0%2CN&reqm=bitrix.sitecorporate&fullmoduleinfo=Y&SUPD_SRS=RU&SUPD_CMP=N
2026-06-15 13:09:35 -  - exec CUpdateClientPartner::GetHTTPPage
2026-06-15 13:09:35 -  - TIME GetUpdatesList(request) 0.129 sec
2026-06-15 13:09:35 -  - exec CUpdateClientPartner::ParseServerData
2026-06-15 13:32:39 -  - exec CUpdateClientPartner::GetUpdatesList
2026-06-15 13:32:39 -  - exec CUpdateClientPartner::__CollectRequestData
2026-06-15 13:32:39 -  - utf=Y&lang=ru&stable=Y&CANGZIP=Y&SUPD_DBS=MYSQL&XE=N&CLIENT_SITE=localhost&LICENSE_KEY=X&SUPD_STS=2&SUPD_URS=0&TYPENC=D&CLIENT_PHPVER=8.5.7&NGINX=Y&dbv=8.0.45&instm=main%2C26.150.0%2CY%3Bmobileapp%2C25.0.100%2CN%3Bblog%2C26.400.0%2CN%3Bb24connector%2C25.0.0%2CN%3Bhighloadblock%2C25.100.0%2CN%3Biblock%2C25.300.0%2CN%3Bsocialservices%2C26.0.0%2CN%3Brest%2C26.0.0%2CN%3Bfileman%2C25.200.200%2CN%3Bforum%2C26.0.0%2CN%3Blanding%2C26.200.0%2CN%3Bclouds%2C25.100.0%2CN%3Bphotogallery%2C25.100.0%2CN%3Bform%2C26.0.0%2CN%3Bbitrixcloud%2C25.100.0%2CN%3Bsubscribe%2C25.0.0%2CN%3Bmessageservice%2C25.200.100%2CN%3Bui%2C26.150.0%2CN%3Blocation%2C25.400.0%2CN%3Bperfmon%2C25.300.0%2CN%3Bseo%2C25.100.400%2CN%3Bvote%2C26.0.0%2CN%3Btranslate%2C25.100.0%2CN%3Bsecurity%2C25.0.0%2CN%3Bbitrix.sitecorporate%2C26.0.0%2CN%3Bsearch%2C25.200.0%2CN&reqm=bitrix.sitecorporate&fullmoduleinfo=Y&SUPD_SRS=RU&SUPD_CMP=N
2026-06-15 13:32:39 -  - exec CUpdateClientPartner::GetHTTPPage
2026-06-15 13:32:39 -  - TIME GetUpdatesList(request) 0.241 sec
2026-06-15 13:32:39 -  - exec CUpdateClientPartner::ParseServerData
2026-06-15 13:32:42 -  - exec CUpdateClientPartner::GetUpdatesList
2026-06-15 13:32:42 -  - exec CUpdateClientPartner::__CollectRequestData
2026-06-15 13:32:42 -  - utf=Y&lang=ru&stable=Y&CANGZIP=Y&SUPD_DBS=MYSQL&XE=N&CLIENT_SITE=localhost&LICENSE_KEY=X&SUPD_STS=2&SUPD_URS=0&TYPENC=D&CLIENT_PHPVER=8.5.7&NGINX=Y&dbv=8.0.45&instm=main%2C26.150.0%2CY%3Bmobileapp%2C25.0.100%2CN%3Bblog%2C26.400.0%2CN%3Bb24connector%2C25.0.0%2CN%3Bhighloadblock%2C25.100.0%2CN%3Biblock%2C25.300.0%2CN%3Bsocialservices%2C26.0.0%2CN%3Brest%2C26.0.0%2CN%3Bfileman%2C25.200.200%2CN%3Bforum%2C26.0.0%2CN%3Blanding%2C26.200.0%2CN%3Bclouds%2C25.100.0%2CN%3Bphotogallery%2C25.100.0%2CN%3Bform%2C26.0.0%2CN%3Bbitrixcloud%2C25.100.0%2CN%3Bsubscribe%2C25.0.0%2CN%3Bmessageservice%2C25.200.100%2CN%3Bui%2C26.150.0%2CN%3Blocation%2C25.400.0%2CN%3Bperfmon%2C25.300.0%2CN%3Bseo%2C25.100.400%2CN%3Bvote%2C26.0.0%2CN%3Btranslate%2C25.100.0%2CN%3Bsecurity%2C25.0.0%2CN%3Bbitrix.sitecorporate%2C26.0.0%2CN%3Bsearch%2C25.200.0%2CN&reqm=bitrix.sitecorporate&fullmoduleinfo=Y&SUPD_SRS=RU&SUPD_CMP=N
2026-06-15 13:32:42 -  - exec CUpdateClientPartner::GetHTTPPage
2026-06-15 13:32:42 -  - TIME GetUpdatesList(request) 0.172 sec
2026-06-15 13:32:42 -  - exec CUpdateClientPartner::ParseServerData
2026-06-15 13:32:43 -  - exec CUpdateClientPartner::GetUpdatesList
2026-06-15 13:32:43 -  - exec CUpdateClientPartner::__CollectRequestData
2026-06-15 13:32:43 -  - utf=Y&lang=ru&stable=Y&CANGZIP=Y&SUPD_DBS=MYSQL&XE=N&CLIENT_SITE=localhost&LICENSE_KEY=X&SUPD_STS=2&SUPD_URS=0&TYPENC=D&CLIENT_PHPVER=8.5.7&NGINX=Y&dbv=8.0.45&instm=main%2C26.150.0%2CY%3Bmobileapp%2C25.0.100%2CN%3Bblog%2C26.400.0%2CN%3Bb24connector%2C25.0.0%2CN%3Bhighloadblock%2C25.100.0%2CN%3Biblock%2C25.300.0%2CN%3Bsocialservices%2C26.0.0%2CN%3Brest%2C26.0.0%2CN%3Bfileman%2C25.200.200%2CN%3Bforum%2C26.0.0%2CN%3Blanding%2C26.200.0%2CN%3Bclouds%2C25.100.0%2CN%3Bphotogallery%2C25.100.0%2CN%3Bform%2C26.0.0%2CN%3Bbitrixcloud%2C25.100.0%2CN%3Bsubscribe%2C25.0.0%2CN%3Bmessageservice%2C25.200.100%2CN%3Bui%2C26.150.0%2CN%3Blocation%2C25.400.0%2CN%3Bperfmon%2C25.300.0%2CN%3Bseo%2C25.100.400%2CN%3Bvote%2C26.0.0%2CN%3Btranslate%2C25.100.0%2CN%3Bsecurity%2C25.0.0%2CN%3Bbitrix.sitecorporate%2C26.0.0%2CN%3Bsearch%2C25.200.0%2CN&reqm=bitrix.sitecorporate&fullmoduleinfo=Y&SUPD_SRS=RU&SUPD_CMP=N
2026-06-15 13:32:43 -  - exec CUpdateClientPartner::GetHTTPPage
2026-06-15 13:32:43 -  - TIME GetUpdatesList(request) 0.165 sec
2026-06-15 13:32:43 -  - exec CUpdateClientPartner::ParseServerData
2026-06-15 13:32:47 -  - exec CUpdateClientPartner::GetUpdatesList
2026-06-15 13:32:47 -  - exec CUpdateClientPartner::__CollectRequestData
2026-06-15 13:32:47 -  - utf=Y&lang=ru&stable=Y&CANGZIP=Y&SUPD_DBS=MYSQL&XE=N&CLIENT_SITE=localhost&LICENSE_KEY=X&SUPD_STS=2&SUPD_URS=0&TYPENC=D&CLIENT_PHPVER=8.5.7&NGINX=Y&dbv=8.0.45&instm=main%2C26.150.0%2CY%3Bmobileapp%2C25.0.100%2CN%3Bblog%2C26.400.0%2CN%3Bb24connector%2C25.0.0%2CN%3Bhighloadblock%2C25.100.0%2CN%3Biblock%2C25.300.0%2CN%3Bsocialservices%2C26.0.0%2CN%3Brest%2C26.0.0%2CN%3Bfileman%2C25.200.200%2CN%3Bforum%2C26.0.0%2CN%3Blanding%2C26.200.0%2CN%3Bclouds%2C25.100.0%2CN%3Bphotogallery%2C25.100.0%2CN%3Bform%2C26.0.0%2CN%3Bbitrixcloud%2C25.100.0%2CN%3Bsubscribe%2C25.0.0%2CN%3Bmessageservice%2C25.200.100%2CN%3Bui%2C26.150.0%2CN%3Blocation%2C25.400.0%2CN%3Bperfmon%2C25.300.0%2CN%3Bseo%2C25.100.400%2CN%3Bvote%2C26.0.0%2CN%3Btranslate%2C25.100.0%2CN%3Bsecurity%2C25.0.0%2CN%3Bbitrix.sitecorporate%2C26.0.0%2CN%3Bsearch%2C25.200.0%2CN&reqm=bitrix.sitecorporate&fullmoduleinfo=Y&SUPD_SRS=RU&SUPD_CMP=N
2026-06-15 13:32:47 -  - exec CUpdateClientPartner::GetHTTPPage
2026-06-15 13:32:48 -  - TIME GetUpdatesList(request) 0.141 sec
2026-06-15 13:32:48 -  - exec CUpdateClientPartner::ParseServerData
2026-06-15 13:32:57 -  - exec CUpdateClientPartner::GetUpdatesList
2026-06-15 13:32:57 -  - exec CUpdateClientPartner::__CollectRequestData
2026-06-15 13:32:57 -  - utf=Y&lang=ru&stable=Y&CANGZIP=Y&SUPD_DBS=MYSQL&XE=N&CLIENT_SITE=localhost&LICENSE_KEY=X&SUPD_STS=2&SUPD_URS=0&TYPENC=D&CLIENT_PHPVER=8.5.7&NGINX=Y&dbv=8.0.45&instm=main%2C26.150.0%2CY%3Bmobileapp%2C25.0.100%2CN%3Bblog%2C26.400.0%2CN%3Bb24connector%2C25.0.0%2CN%3Bhighloadblock%2C25.100.0%2CN%3Biblock%2C25.300.0%2CN%3Bsocialservices%2C26.0.0%2CN%3Brest%2C26.0.0%2CN%3Bfileman%2C25.200.200%2CN%3Bforum%2C26.0.0%2CN%3Blanding%2C26.200.0%2CN%3Bclouds%2C25.100.0%2CN%3Bphotogallery%2C25.100.0%2CN%3Bform%2C26.0.0%2CN%3Bbitrixcloud%2C25.100.0%2CN%3Bsubscribe%2C25.0.0%2CN%3Bmessageservice%2C25.200.100%2CN%3Bui%2C26.150.0%2CN%3Blocation%2C25.400.0%2CN%3Bperfmon%2C25.300.0%2CN%3Bseo%2C25.100.400%2CN%3Bvote%2C26.0.0%2CN%3Btranslate%2C25.100.0%2CN%3Bsecurity%2C25.0.0%2CN%3Bbitrix.sitecorporate%2C26.0.0%2CN%3Bsearch%2C25.200.0%2CN&reqm=bitrix.sitecorporate&fullmoduleinfo=Y&SUPD_SRS=RU&SUPD_CMP=N
2026-06-15 13:32:57 -  - exec CUpdateClientPartner::GetHTTPPage
2026-06-15 13:32:57 -  - TIME GetUpdatesList(request) 0.152 sec
2026-06-15 13:32:57 -  - exec CUpdateClientPartner::ParseServerData
2026-06-15 13:32:58 -  - exec CUpdateClientPartner::GetUpdatesList
2026-06-15 13:32:58 -  - exec CUpdateClientPartner::__CollectRequestData
2026-06-15 13:32:58 -  - utf=Y&lang=ru&stable=Y&CANGZIP=Y&SUPD_DBS=MYSQL&XE=N&CLIENT_SITE=localhost&LICENSE_KEY=X&SUPD_STS=2&SUPD_URS=0&TYPENC=D&CLIENT_PHPVER=8.5.7&NGINX=Y&dbv=8.0.45&instm=main%2C26.150.0%2CY%3Bmobileapp%2C25.0.100%2CN%3Bblog%2C26.400.0%2CN%3Bb24connector%2C25.0.0%2CN%3Bhighloadblock%2C25.100.0%2CN%3Biblock%2C25.300.0%2CN%3Bsocialservices%2C26.0.0%2CN%3Brest%2C26.0.0%2CN%3Bfileman%2C25.200.200%2CN%3Bforum%2C26.0.0%2CN%3Blanding%2C26.200.0%2CN%3Bclouds%2C25.100.0%2CN%3Bphotogallery%2C25.100.0%2CN%3Bform%2C26.0.0%2CN%3Bbitrixcloud%2C25.100.0%2CN%3Bsubscribe%2C25.0.0%2CN%3Bmessageservice%2C25.200.100%2CN%3Bui%2C26.150.0%2CN%3Blocation%2C25.400.0%2CN%3Bperfmon%2C25.300.0%2CN%3Bseo%2C25.100.400%2CN%3Bvote%2C26.0.0%2CN%3Btranslate%2C25.100.0%2CN%3Bsecurity%2C25.0.0%2CN%3Bbitrix.sitecorporate%2C26.0.0%2CN%3Bsearch%2C25.200.0%2CN&reqm=bitrix.sitecorporate&fullmoduleinfo=Y&SUPD_SRS=RU&SUPD_CMP=N
2026-06-15 13:32:58 -  - exec CUpdateClientPartner::GetHTTPPage
2026-06-15 13:32:58 -  - TIME GetUpdatesList(request) 0.144 sec
2026-06-15 13:32:58 -  - exec CUpdateClientPartner::ParseServerData
2026-06-15 13:33:00 -  - exec CUpdateClientPartner::GetUpdatesList
2026-06-15 13:33:00 -  - exec CUpdateClientPartner::__CollectRequestData
2026-06-15 13:33:00 -  - utf=Y&lang=ru&stable=Y&CANGZIP=Y&SUPD_DBS=MYSQL&XE=N&CLIENT_SITE=localhost&LICENSE_KEY=X&SUPD_STS=2&SUPD_URS=0&TYPENC=D&CLIENT_PHPVER=8.5.7&NGINX=Y&dbv=8.0.45&instm=main%2C26.150.0%2CY%3Bmobileapp%2C25.0.100%2CN%3Bblog%2C26.400.0%2CN%3Bb24connector%2C25.0.0%2CN%3Bhighloadblock%2C25.100.0%2CN%3Biblock%2C25.300.0%2CN%3Bsocialservices%2C26.0.0%2CN%3Brest%2C26.0.0%2CN%3Bfileman%2C25.200.200%2CN%3Bforum%2C26.0.0%2CN%3Blanding%2C26.200.0%2CN%3Bclouds%2C25.100.0%2CN%3Bphotogallery%2C25.100.0%2CN%3Bform%2C26.0.0%2CN%3Bbitrixcloud%2C25.100.0%2CN%3Bsubscribe%2C25.0.0%2CN%3Bmessageservice%2C25.200.100%2CN%3Bui%2C26.150.0%2CN%3Blocation%2C25.400.0%2CN%3Bperfmon%2C25.300.0%2CN%3Bseo%2C25.100.400%2CN%3Bvote%2C26.0.0%2CN%3Btranslate%2C25.100.0%2CN%3Bsecurity%2C25.0.0%2CN%3Bbitrix.sitecorporate%2C26.0.0%2CN%3Bsearch%2C25.200.0%2CN&reqm=bitrix.sitecorporate&fullmoduleinfo=Y&SUPD_SRS=RU&SUPD_CMP=N
2026-06-15 13:33:00 -  - exec CUpdateClientPartner::GetHTTPPage
2026-06-15 13:33:00 -  - TIME GetUpdatesList(request) 0.151 sec
2026-06-15 13:33:00 -  - exec CUpdateClientPartner::ParseServerData
2026-06-15 13:33:00 -  - exec CUpdateClientPartner::GetUpdatesList
2026-06-15 13:33:00 -  - exec CUpdateClientPartner::__CollectRequestData
2026-06-15 13:33:00 -  - utf=Y&lang=ru&stable=Y&CANGZIP=Y&SUPD_DBS=MYSQL&XE=N&CLIENT_SITE=localhost&LICENSE_KEY=X&SUPD_STS=2&SUPD_URS=0&TYPENC=D&CLIENT_PHPVER=8.5.7&NGINX=Y&dbv=8.0.45&instm=main%2C26.150.0%2CY%3Bmobileapp%2C25.0.100%2CN%3Bblog%2C26.400.0%2CN%3Bb24connector%2C25.0.0%2CN%3Bhighloadblock%2C25.100.0%2CN%3Biblock%2C25.300.0%2CN%3Bsocialservices%2C26.0.0%2CN%3Brest%2C26.0.0%2CN%3Bfileman%2C25.200.200%2CN%3Bforum%2C26.0.0%2CN%3Blanding%2C26.200.0%2CN%3Bclouds%2C25.100.0%2CN%3Bphotogallery%2C25.100.0%2CN%3Bform%2C26.0.0%2CN%3Bbitrixcloud%2C25.100.0%2CN%3Bsubscribe%2C25.0.0%2CN%3Bmessageservice%2C25.200.100%2CN%3Bui%2C26.150.0%2CN%3Blocation%2C25.400.0%2CN%3Bperfmon%2C25.300.0%2CN%3Bseo%2C25.100.400%2CN%3Bvote%2C26.0.0%2CN%3Btranslate%2C25.100.0%2CN%3Bsecurity%2C25.0.0%2CN%3Bbitrix.sitecorporate%2C26.0.0%2CN%3Bsearch%2C25.200.0%2CN&reqm=bitrix.sitecorporate&fullmoduleinfo=Y&SUPD_SRS=RU&SUPD_CMP=N
2026-06-15 13:33:00 -  - exec CUpdateClientPartner::GetHTTPPage
2026-06-15 13:33:00 -  - TIME GetUpdatesList(request) 0.15 sec
2026-06-15 13:33:00 -  - exec CUpdateClientPartner::ParseServerData
2026-06-15 13:35:04 -  - exec CUpdateClientPartner::GetUpdatesList
2026-06-15 13:35:04 -  - exec CUpdateClientPartner::__CollectRequestData
2026-06-15 13:35:04 -  - utf=Y&lang=ru&stable=Y&CANGZIP=Y&SUPD_DBS=MYSQL&XE=N&CLIENT_SITE=localhost&LICENSE_KEY=X&SUPD_STS=2&SUPD_URS=0&TYPENC=D&CLIENT_PHPVER=8.5.7&NGINX=Y&dbv=8.0.45&instm=main%2C26.150.0%2CY%3Bmobileapp%2C25.0.100%2CN%3Bblog%2C26.400.0%2CN%3Bb24connector%2C25.0.0%2CN%3Bhighloadblock%2C25.100.0%2CN%3Biblock%2C25.300.0%2CN%3Bsocialservices%2C26.0.0%2CN%3Brest%2C26.0.0%2CN%3Bfileman%2C25.200.200%2CN%3Bforum%2C26.0.0%2CN%3Blanding%2C26.200.0%2CN%3Bclouds%2C25.100.0%2CN%3Bphotogallery%2C25.100.0%2CN%3Bform%2C26.0.0%2CN%3Bbitrixcloud%2C25.100.0%2CN%3Bsubscribe%2C25.0.0%2CN%3Bmessageservice%2C25.200.100%2CN%3Bui%2C26.150.0%2CN%3Blocation%2C25.400.0%2CN%3Bperfmon%2C25.300.0%2CN%3Bseo%2C25.100.400%2CN%3Bvote%2C26.0.0%2CN%3Btranslate%2C25.100.0%2CN%3Bsecurity%2C25.0.0%2CN%3Bbitrix.sitecorporate%2C26.0.0%2CN%3Bsearch%2C25.200.0%2CN&reqm=bitrix.sitecorporate&fullmoduleinfo=Y&SUPD_SRS=RU&SUPD_CMP=N
2026-06-15 13:35:04 -  - exec CUpdateClientPartner::GetHTTPPage
2026-06-15 13:35:04 -  - TIME GetUpdatesList(request) 0.234 sec
2026-06-15 13:35:04 -  - exec CUpdateClientPartner::ParseServerData
2026-06-15 13:35:05 -  - exec CUpdateClientPartner::GetUpdatesList
2026-06-15 13:35:05 -  - exec CUpdateClientPartner::__CollectRequestData
2026-06-15 13:35:05 -  - utf=Y&lang=ru&stable=Y&CANGZIP=Y&SUPD_DBS=MYSQL&XE=N&CLIENT_SITE=localhost&LICENSE_KEY=X&SUPD_STS=2&SUPD_URS=0&TYPENC=D&CLIENT_PHPVER=8.5.7&NGINX=Y&dbv=8.0.45&instm=main%2C26.150.0%2CY%3Bmobileapp%2C25.0.100%2CN%3Bblog%2C26.400.0%2CN%3Bb24connector%2C25.0.0%2CN%3Bhighloadblock%2C25.100.0%2CN%3Biblock%2C25.300.0%2CN%3Bsocialservices%2C26.0.0%2CN%3Brest%2C26.0.0%2CN%3Bfileman%2C25.200.200%2CN%3Bforum%2C26.0.0%2CN%3Blanding%2C26.200.0%2CN%3Bclouds%2C25.100.0%2CN%3Bphotogallery%2C25.100.0%2CN%3Bform%2C26.0.0%2CN%3Bbitrixcloud%2C25.100.0%2CN%3Bsubscribe%2C25.0.0%2CN%3Bmessageservice%2C25.200.100%2CN%3Bui%2C26.150.0%2CN%3Blocation%2C25.400.0%2CN%3Bperfmon%2C25.300.0%2CN%3Bseo%2C25.100.400%2CN%3Bvote%2C26.0.0%2CN%3Btranslate%2C25.100.0%2CN%3Bsecurity%2C25.0.0%2CN%3Bbitrix.sitecorporate%2C26.0.0%2CN%3Bsearch%2C25.200.0%2CN&reqm=bitrix.sitecorporate&fullmoduleinfo=Y&SUPD_SRS=RU&SUPD_CMP=N
2026-06-15 13:35:05 -  - exec CUpdateClientPartner::GetHTTPPage
2026-06-15 13:35:05 -  - TIME GetUpdatesList(request) 0.227 sec
2026-06-15 13:35:05 -  - exec CUpdateClientPartner::ParseServerData
2026-06-15 13:35:12 -  - exec CUpdateClientPartner::GetUpdatesList
2026-06-15 13:35:12 -  - exec CUpdateClientPartner::__CollectRequestData
2026-06-15 13:35:12 -  - utf=Y&lang=ru&stable=Y&CANGZIP=Y&SUPD_DBS=MYSQL&XE=N&CLIENT_SITE=localhost&LICENSE_KEY=X&SUPD_STS=2&SUPD_URS=0&TYPENC=D&CLIENT_PHPVER=8.5.7&NGINX=Y&dbv=8.0.45&instm=main%2C26.150.0%2CY%3Bmobileapp%2C25.0.100%2CN%3Bblog%2C26.400.0%2CN%3Bb24connector%2C25.0.0%2CN%3Bhighloadblock%2C25.100.0%2CN%3Biblock%2C25.300.0%2CN%3Bsocialservices%2C26.0.0%2CN%3Brest%2C26.0.0%2CN%3Bfileman%2C25.200.200%2CN%3Bforum%2C26.0.0%2CN%3Blanding%2C26.200.0%2CN%3Bclouds%2C25.100.0%2CN%3Bphotogallery%2C25.100.0%2CN%3Bform%2C26.0.0%2CN%3Bbitrixcloud%2C25.100.0%2CN%3Bsubscribe%2C25.0.0%2CN%3Bmessageservice%2C25.200.100%2CN%3Bui%2C26.150.0%2CN%3Blocation%2C25.400.0%2CN%3Bperfmon%2C25.300.0%2CN%3Bseo%2C25.100.400%2CN%3Bvote%2C26.0.0%2CN%3Btranslate%2C25.100.0%2CN%3Bsecurity%2C25.0.0%2CN%3Bbitrix.sitecorporate%2C26.0.0%2CN%3Bsearch%2C25.200.0%2CN&reqm=bitrix.sitecorporate&fullmoduleinfo=Y&SUPD_SRS=RU&SUPD_CMP=N
2026-06-15 13:35:12 -  - exec CUpdateClientPartner::GetHTTPPage
2026-06-15 13:35:13 -  - TIME GetUpdatesList(request) 0.168 sec
2026-06-15 13:35:13 -  - exec CUpdateClientPartner::ParseServerData
2026-06-15 13:35:13 -  - exec CUpdateClientPartner::GetUpdatesList
2026-06-15 13:35:13 -  - exec CUpdateClientPartner::__CollectRequestData
2026-06-15 13:35:13 -  - utf=Y&lang=ru&stable=Y&CANGZIP=Y&SUPD_DBS=MYSQL&XE=N&CLIENT_SITE=localhost&LICENSE_KEY=X&SUPD_STS=2&SUPD_URS=0&TYPENC=D&CLIENT_PHPVER=8.5.7&NGINX=Y&dbv=8.0.45&instm=main%2C26.150.0%2CY%3Bmobileapp%2C25.0.100%2CN%3Bblog%2C26.400.0%2CN%3Bb24connector%2C25.0.0%2CN%3Bhighloadblock%2C25.100.0%2CN%3Biblock%2C25.300.0%2CN%3Bsocialservices%2C26.0.0%2CN%3Brest%2C26.0.0%2CN%3Bfileman%2C25.200.200%2CN%3Bforum%2C26.0.0%2CN%3Blanding%2C26.200.0%2CN%3Bclouds%2C25.100.0%2CN%3Bphotogallery%2C25.100.0%2CN%3Bform%2C26.0.0%2CN%3Bbitrixcloud%2C25.100.0%2CN%3Bsubscribe%2C25.0.0%2CN%3Bmessageservice%2C25.200.100%2CN%3Bui%2C26.150.0%2CN%3Blocation%2C25.400.0%2CN%3Bperfmon%2C25.300.0%2CN%3Bseo%2C25.100.400%2CN%3Bvote%2C26.0.0%2CN%3Btranslate%2C25.100.0%2CN%3Bsecurity%2C25.0.0%2CN%3Bbitrix.sitecorporate%2C26.0.0%2CN%3Bsearch%2C25.200.0%2CN&reqm=bitrix.sitecorporate&fullmoduleinfo=Y&SUPD_SRS=RU&SUPD_CMP=N
2026-06-15 13:35:13 -  - exec CUpdateClientPartner::GetHTTPPage
2026-06-15 13:35:13 -  - TIME GetUpdatesList(request) 0.177 sec
2026-06-15 13:35:13 -  - exec CUpdateClientPartner::ParseServerData
2026-06-15 13:36:08 -  - exec CUpdateClientPartner::GetUpdatesList
2026-06-15 13:36:08 -  - exec CUpdateClientPartner::__CollectRequestData
2026-06-15 13:36:08 -  - utf=Y&lang=ru&stable=Y&CANGZIP=Y&SUPD_DBS=MYSQL&XE=N&CLIENT_SITE=localhost&LICENSE_KEY=X&SUPD_STS=2&SUPD_URS=0&TYPENC=D&CLIENT_PHPVER=8.5.7&NGINX=Y&dbv=8.0.45&instm=main%2C26.150.0%2CY%3Bmobileapp%2C25.0.100%2CN%3Bblog%2C26.400.0%2CN%3Bb24connector%2C25.0.0%2CN%3Bhighloadblock%2C25.100.0%2CN%3Biblock%2C25.300.0%2CN%3Bsocialservices%2C26.0.0%2CN%3Brest%2C26.0.0%2CN%3Bfileman%2C25.200.200%2CN%3Bforum%2C26.0.0%2CN%3Blanding%2C26.200.0%2CN%3Bclouds%2C25.100.0%2CN%3Bphotogallery%2C25.100.0%2CN%3Bform%2C26.0.0%2CN%3Bbitrixcloud%2C25.100.0%2CN%3Bsubscribe%2C25.0.0%2CN%3Bmessageservice%2C25.200.100%2CN%3Bui%2C26.150.0%2CN%3Blocation%2C25.400.0%2CN%3Bperfmon%2C25.300.0%2CN%3Bseo%2C25.100.400%2CN%3Bvote%2C26.0.0%2CN%3Btranslate%2C25.100.0%2CN%3Bsecurity%2C25.0.0%2CN%3Bbitrix.sitecorporate%2C26.0.0%2CN%3Bsearch%2C25.200.0%2CN&reqm=bitrix.sitecorporate&fullmoduleinfo=Y&SUPD_SRS=RU&SUPD_CMP=N
2026-06-15 13:36:08 -  - exec CUpdateClientPartner::GetHTTPPage
2026-06-15 13:36:08 -  - TIME GetUpdatesList(request) 0.159 sec
2026-06-15 13:36:08 -  - exec CUpdateClientPartner::ParseServerData
2026-06-15 13:36:08 -  - exec CUpdateClientPartner::GetUpdatesList
2026-06-15 13:36:08 -  - exec CUpdateClientPartner::__CollectRequestData
2026-06-15 13:36:08 -  - utf=Y&lang=ru&stable=Y&CANGZIP=Y&SUPD_DBS=MYSQL&XE=N&CLIENT_SITE=localhost&LICENSE_KEY=X&SUPD_STS=2&SUPD_URS=0&TYPENC=D&CLIENT_PHPVER=8.5.7&NGINX=Y&dbv=8.0.45&instm=main%2C26.150.0%2CY%3Bmobileapp%2C25.0.100%2CN%3Bblog%2C26.400.0%2CN%3Bb24connector%2C25.0.0%2CN%3Bhighloadblock%2C25.100.0%2CN%3Biblock%2C25.300.0%2CN%3Bsocialservices%2C26.0.0%2CN%3Brest%2C26.0.0%2CN%3Bfileman%2C25.200.200%2CN%3Bforum%2C26.0.0%2CN%3Blanding%2C26.200.0%2CN%3Bclouds%2C25.100.0%2CN%3Bphotogallery%2C25.100.0%2CN%3Bform%2C26.0.0%2CN%3Bbitrixcloud%2C25.100.0%2CN%3Bsubscribe%2C25.0.0%2CN%3Bmessageservice%2C25.200.100%2CN%3Bui%2C26.150.0%2CN%3Blocation%2C25.400.0%2CN%3Bperfmon%2C25.300.0%2CN%3Bseo%2C25.100.400%2CN%3Bvote%2C26.0.0%2CN%3Btranslate%2C25.100.0%2CN%3Bsecurity%2C25.0.0%2CN%3Bbitrix.sitecorporate%2C26.0.0%2CN%3Bsearch%2C25.200.0%2CN&reqm=bitrix.sitecorporate&fullmoduleinfo=Y&SUPD_SRS=RU&SUPD_CMP=N
2026-06-15 13:36:08 -  - exec CUpdateClientPartner::GetHTTPPage
2026-06-15 13:36:08 -  - TIME GetUpdatesList(request) 0.163 sec
2026-06-15 13:36:08 -  - exec CUpdateClientPartner::ParseServerData
2026-06-15 13:36:11 -  - exec CUpdateClientPartner::GetUpdatesList
2026-06-15 13:36:11 -  - exec CUpdateClientPartner::__CollectRequestData
2026-06-15 13:36:11 -  - utf=Y&lang=ru&stable=Y&CANGZIP=Y&SUPD_DBS=MYSQL&XE=N&CLIENT_SITE=localhost&LICENSE_KEY=X&SUPD_STS=2&SUPD_URS=0&TYPENC=D&CLIENT_PHPVER=8.5.7&NGINX=Y&dbv=8.0.45&instm=main%2C26.150.0%2CY%3Bmobileapp%2C25.0.100%2CN%3Bblog%2C26.400.0%2CN%3Bb24connector%2C25.0.0%2CN%3Bhighloadblock%2C25.100.0%2CN%3Biblock%2C25.300.0%2CN%3Bsocialservices%2C26.0.0%2CN%3Brest%2C26.0.0%2CN%3Bfileman%2C25.200.200%2CN%3Bforum%2C26.0.0%2CN%3Blanding%2C26.200.0%2CN%3Bclouds%2C25.100.0%2CN%3Bphotogallery%2C25.100.0%2CN%3Bform%2C26.0.0%2CN%3Bbitrixcloud%2C25.100.0%2CN%3Bsubscribe%2C25.0.0%2CN%3Bmessageservice%2C25.200.100%2CN%3Bui%2C26.150.0%2CN%3Blocation%2C25.400.0%2CN%3Bperfmon%2C25.300.0%2CN%3Bseo%2C25.100.400%2CN%3Bvote%2C26.0.0%2CN%3Btranslate%2C25.100.0%2CN%3Bsecurity%2C25.0.0%2CN%3Bbitrix.sitecorporate%2C26.0.0%2CN%3Bsearch%2C25.200.0%2CN&reqm=bitrix.sitecorporate&fullmoduleinfo=Y&SUPD_SRS=RU&SUPD_CMP=N
2026-06-15 13:36:11 -  - exec CUpdateClientPartner::GetHTTPPage
2026-06-15 13:36:12 -  - TIME GetUpdatesList(request) 0.169 sec
2026-06-15 13:36:12 -  - exec CUpdateClientPartner::ParseServerData
2026-06-15 13:36:12 -  - exec CUpdateClientPartner::GetUpdatesList
2026-06-15 13:36:12 -  - exec CUpdateClientPartner::__CollectRequestData
2026-06-15 13:36:12 -  - utf=Y&lang=ru&stable=Y&CANGZIP=Y&SUPD_DBS=MYSQL&XE=N&CLIENT_SITE=localhost&LICENSE_KEY=X&SUPD_STS=2&SUPD_URS=0&TYPENC=D&CLIENT_PHPVER=8.5.7&NGINX=Y&dbv=8.0.45&instm=main%2C26.150.0%2CY%3Bmobileapp%2C25.0.100%2CN%3Bblog%2C26.400.0%2CN%3Bb24connector%2C25.0.0%2CN%3Bhighloadblock%2C25.100.0%2CN%3Biblock%2C25.300.0%2CN%3Bsocialservices%2C26.0.0%2CN%3Brest%2C26.0.0%2CN%3Bfileman%2C25.200.200%2CN%3Bforum%2C26.0.0%2CN%3Blanding%2C26.200.0%2CN%3Bclouds%2C25.100.0%2CN%3Bphotogallery%2C25.100.0%2CN%3Bform%2C26.0.0%2CN%3Bbitrixcloud%2C25.100.0%2CN%3Bsubscribe%2C25.0.0%2CN%3Bmessageservice%2C25.200.100%2CN%3Bui%2C26.150.0%2CN%3Blocation%2C25.400.0%2CN%3Bperfmon%2C25.300.0%2CN%3Bseo%2C25.100.400%2CN%3Bvote%2C26.0.0%2CN%3Btranslate%2C25.100.0%2CN%3Bsecurity%2C25.0.0%2CN%3Bbitrix.sitecorporate%2C26.0.0%2CN%3Bsearch%2C25.200.0%2CN&reqm=bitrix.sitecorporate&fullmoduleinfo=Y&SUPD_SRS=RU&SUPD_CMP=N
2026-06-15 13:36:12 -  - exec CUpdateClientPartner::GetHTTPPage
2026-06-15 13:36:12 -  - TIME GetUpdatesList(request) 0.166 sec
2026-06-15 13:36:12 -  - exec CUpdateClientPartner::ParseServerData
2026-06-15 13:36:17 -  - exec CUpdateClientPartner::GetUpdatesList
2026-06-15 13:36:17 -  - exec CUpdateClientPartner::__CollectRequestData
2026-06-15 13:36:17 -  - utf=Y&lang=ru&stable=Y&CANGZIP=Y&SUPD_DBS=MYSQL&XE=N&CLIENT_SITE=localhost&LICENSE_KEY=X&SUPD_STS=2&SUPD_URS=0&TYPENC=D&CLIENT_PHPVER=8.5.7&NGINX=Y&dbv=8.0.45&instm=main%2C26.150.0%2CY%3Bmobileapp%2C25.0.100%2CN%3Bblog%2C26.400.0%2CN%3Bb24connector%2C25.0.0%2CN%3Bhighloadblock%2C25.100.0%2CN%3Biblock%2C25.300.0%2CN%3Bsocialservices%2C26.0.0%2CN%3Brest%2C26.0.0%2CN%3Bfileman%2C25.200.200%2CN%3Bforum%2C26.0.0%2CN%3Blanding%2C26.200.0%2CN%3Bclouds%2C25.100.0%2CN%3Bphotogallery%2C25.100.0%2CN%3Bform%2C26.0.0%2CN%3Bbitrixcloud%2C25.100.0%2CN%3Bsubscribe%2C25.0.0%2CN%3Bmessageservice%2C25.200.100%2CN%3Bui%2C26.150.0%2CN%3Blocation%2C25.400.0%2CN%3Bperfmon%2C25.300.0%2CN%3Bseo%2C25.100.400%2CN%3Bvote%2C26.0.0%2CN%3Btranslate%2C25.100.0%2CN%3Bsecurity%2C25.0.0%2CN%3Bbitrix.sitecorporate%2C26.0.0%2CN%3Bsearch%2C25.200.0%2CN&reqm=bitrix.sitecorporate&fullmoduleinfo=Y&SUPD_SRS=RU&SUPD_CMP=N
2026-06-15 13:36:17 -  - exec CUpdateClientPartner::GetHTTPPage
2026-06-15 13:36:17 -  - TIME GetUpdatesList(request) 0.163 sec
2026-06-15 13:36:17 -  - exec CUpdateClientPartner::ParseServerData
2026-06-15 13:36:17 -  - exec CUpdateClientPartner::GetUpdatesList
2026-06-15 13:36:17 -  - exec CUpdateClientPartner::__CollectRequestData
2026-06-15 13:36:17 -  - utf=Y&lang=ru&stable=Y&CANGZIP=Y&SUPD_DBS=MYSQL&XE=N&CLIENT_SITE=localhost&LICENSE_KEY=X&SUPD_STS=2&SUPD_URS=0&TYPENC=D&CLIENT_PHPVER=8.5.7&NGINX=Y&dbv=8.0.45&instm=main%2C26.150.0%2CY%3Bmobileapp%2C25.0.100%2CN%3Bblog%2C26.400.0%2CN%3Bb24connector%2C25.0.0%2CN%3Bhighloadblock%2C25.100.0%2CN%3Biblock%2C25.300.0%2CN%3Bsocialservices%2C26.0.0%2CN%3Brest%2C26.0.0%2CN%3Bfileman%2C25.200.200%2CN%3Bforum%2C26.0.0%2CN%3Blanding%2C26.200.0%2CN%3Bclouds%2C25.100.0%2CN%3Bphotogallery%2C25.100.0%2CN%3Bform%2C26.0.0%2CN%3Bbitrixcloud%2C25.100.0%2CN%3Bsubscribe%2C25.0.0%2CN%3Bmessageservice%2C25.200.100%2CN%3Bui%2C26.150.0%2CN%3Blocation%2C25.400.0%2CN%3Bperfmon%2C25.300.0%2CN%3Bseo%2C25.100.400%2CN%3Bvote%2C26.0.0%2CN%3Btranslate%2C25.100.0%2CN%3Bsecurity%2C25.0.0%2CN%3Bbitrix.sitecorporate%2C26.0.0%2CN%3Bsearch%2C25.200.0%2CN&reqm=bitrix.sitecorporate&fullmoduleinfo=Y&SUPD_SRS=RU&SUPD_CMP=N
2026-06-15 13:36:17 -  - exec CUpdateClientPartner::GetHTTPPage
2026-06-15 13:36:17 -  - TIME GetUpdatesList(request) 0.144 sec
2026-06-15 13:36:17 -  - exec CUpdateClientPartner::ParseServerData
2026-06-15 13:36:21 -  - exec CUpdateClientPartner::GetUpdatesList
2026-06-15 13:36:21 -  - exec CUpdateClientPartner::__CollectRequestData
2026-06-15 13:36:21 -  - utf=Y&lang=ru&stable=Y&CANGZIP=Y&SUPD_DBS=MYSQL&XE=N&CLIENT_SITE=localhost&LICENSE_KEY=X&SUPD_STS=2&SUPD_URS=0&TYPENC=D&CLIENT_PHPVER=8.5.7&NGINX=Y&dbv=8.0.45&instm=main%2C26.150.0%2CY%3Bmobileapp%2C25.0.100%2CN%3Bblog%2C26.400.0%2CN%3Bb24connector%2C25.0.0%2CN%3Bhighloadblock%2C25.100.0%2CN%3Biblock%2C25.300.0%2CN%3Bsocialservices%2C26.0.0%2CN%3Brest%2C26.0.0%2CN%3Bfileman%2C25.200.200%2CN%3Bforum%2C26.0.0%2CN%3Blanding%2C26.200.0%2CN%3Bclouds%2C25.100.0%2CN%3Bphotogallery%2C25.100.0%2CN%3Bform%2C26.0.0%2CN%3Bbitrixcloud%2C25.100.0%2CN%3Bsubscribe%2C25.0.0%2CN%3Bmessageservice%2C25.200.100%2CN%3Bui%2C26.150.0%2CN%3Blocation%2C25.400.0%2CN%3Bperfmon%2C25.300.0%2CN%3Bseo%2C25.100.400%2CN%3Bvote%2C26.0.0%2CN%3Btranslate%2C25.100.0%2CN%3Bsecurity%2C25.0.0%2CN%3Bbitrix.sitecorporate%2C26.0.0%2CN%3Bsearch%2C25.200.0%2CN&reqm=bitrix.sitecorporate&fullmoduleinfo=Y&SUPD_SRS=RU&SUPD_CMP=N
2026-06-15 13:36:21 -  - exec CUpdateClientPartner::GetHTTPPage
2026-06-15 13:36:21 -  - TIME GetUpdatesList(request) 0.158 sec
2026-06-15 13:36:21 -  - exec CUpdateClientPartner::ParseServerData
2026-06-15 13:36:21 -  - exec CUpdateClientPartner::GetUpdatesList
2026-06-15 13:36:21 -  - exec CUpdateClientPartner::__CollectRequestData
2026-06-15 13:36:21 -  - utf=Y&lang=ru&stable=Y&CANGZIP=Y&SUPD_DBS=MYSQL&XE=N&CLIENT_SITE=localhost&LICENSE_KEY=X&SUPD_STS=2&SUPD_URS=0&TYPENC=D&CLIENT_PHPVER=8.5.7&NGINX=Y&dbv=8.0.45&instm=main%2C26.150.0%2CY%3Bmobileapp%2C25.0.100%2CN%3Bblog%2C26.400.0%2CN%3Bb24connector%2C25.0.0%2CN%3Bhighloadblock%2C25.100.0%2CN%3Biblock%2C25.300.0%2CN%3Bsocialservices%2C26.0.0%2CN%3Brest%2C26.0.0%2CN%3Bfileman%2C25.200.200%2CN%3Bforum%2C26.0.0%2CN%3Blanding%2C26.200.0%2CN%3Bclouds%2C25.100.0%2CN%3Bphotogallery%2C25.100.0%2CN%3Bform%2C26.0.0%2CN%3Bbitrixcloud%2C25.100.0%2CN%3Bsubscribe%2C25.0.0%2CN%3Bmessageservice%2C25.200.100%2CN%3Bui%2C26.150.0%2CN%3Blocation%2C25.400.0%2CN%3Bperfmon%2C25.300.0%2CN%3Bseo%2C25.100.400%2CN%3Bvote%2C26.0.0%2CN%3Btranslate%2C25.100.0%2CN%3Bsecurity%2C25.0.0%2CN%3Bbitrix.sitecorporate%2C26.0.0%2CN%3Bsearch%2C25.200.0%2CN&reqm=bitrix.sitecorporate&fullmoduleinfo=Y&SUPD_SRS=RU&SUPD_CMP=N
2026-06-15 13:36:21 -  - exec CUpdateClientPartner::GetHTTPPage
2026-06-15 13:36:22 -  - TIME GetUpdatesList(request) 0.155 sec
2026-06-15 13:36:22 -  - exec CUpdateClientPartner::ParseServerData
2026-06-15 13:40:45 -  - exec CUpdateClientPartner::GetUpdatesList
2026-06-15 13:40:45 -  - exec CUpdateClientPartner::__CollectRequestData
2026-06-15 13:40:45 -  - utf=Y&lang=ru&stable=Y&CANGZIP=Y&SUPD_DBS=MYSQL&XE=N&CLIENT_SITE=localhost&LICENSE_KEY=X&SUPD_STS=2&SUPD_URS=0&TYPENC=D&CLIENT_PHPVER=8.5.7&NGINX=Y&dbv=8.0.45&instm=main%2C26.150.0%2CY%3Bmobileapp%2C25.0.100%2CN%3Bblog%2C26.400.0%2CN%3Bb24connector%2C25.0.0%2CN%3Bhighloadblock%2C25.100.0%2CN%3Biblock%2C25.300.0%2CN%3Bsocialservices%2C26.0.0%2CN%3Brest%2C26.0.0%2CN%3Bfileman%2C25.200.200%2CN%3Bforum%2C26.0.0%2CN%3Blanding%2C26.200.0%2CN%3Bclouds%2C25.100.0%2CN%3Bphotogallery%2C25.100.0%2CN%3Bform%2C26.0.0%2CN%3Bbitrixcloud%2C25.100.0%2CN%3Bsubscribe%2C25.0.0%2CN%3Bmessageservice%2C25.200.100%2CN%3Bui%2C26.150.0%2CN%3Blocation%2C25.400.0%2CN%3Bperfmon%2C25.300.0%2CN%3Bseo%2C25.100.400%2CN%3Bvote%2C26.0.0%2CN%3Btranslate%2C25.100.0%2CN%3Bsecurity%2C25.0.0%2CN%3Bbitrix.sitecorporate%2C26.0.0%2CN%3Bsearch%2C25.200.0%2CN&reqm=bitrix.sitecorporate&fullmoduleinfo=Y&SUPD_SRS=RU&SUPD_CMP=N
2026-06-15 13:40:45 -  - exec CUpdateClientPartner::GetHTTPPage
2026-06-15 13:40:45 -  - TIME GetUpdatesList(request) 0.162 sec
2026-06-15 13:40:45 -  - exec CUpdateClientPartner::ParseServerData
2026-06-15 13:40:46 -  - exec CUpdateClientPartner::GetUpdatesList
2026-06-15 13:40:46 -  - exec CUpdateClientPartner::__CollectRequestData
2026-06-15 13:40:46 -  - utf=Y&lang=ru&stable=Y&CANGZIP=Y&SUPD_DBS=MYSQL&XE=N&CLIENT_SITE=localhost&LICENSE_KEY=X&SUPD_STS=2&SUPD_URS=0&TYPENC=D&CLIENT_PHPVER=8.5.7&NGINX=Y&dbv=8.0.45&instm=main%2C26.150.0%2CY%3Bmobileapp%2C25.0.100%2CN%3Bblog%2C26.400.0%2CN%3Bb24connector%2C25.0.0%2CN%3Bhighloadblock%2C25.100.0%2CN%3Biblock%2C25.300.0%2CN%3Bsocialservices%2C26.0.0%2CN%3Brest%2C26.0.0%2CN%3Bfileman%2C25.200.200%2CN%3Bforum%2C26.0.0%2CN%3Blanding%2C26.200.0%2CN%3Bclouds%2C25.100.0%2CN%3Bphotogallery%2C25.100.0%2CN%3Bform%2C26.0.0%2CN%3Bbitrixcloud%2C25.100.0%2CN%3Bsubscribe%2C25.0.0%2CN%3Bmessageservice%2C25.200.100%2CN%3Bui%2C26.150.0%2CN%3Blocation%2C25.400.0%2CN%3Bperfmon%2C25.300.0%2CN%3Bseo%2C25.100.400%2CN%3Bvote%2C26.0.0%2CN%3Btranslate%2C25.100.0%2CN%3Bsecurity%2C25.0.0%2CN%3Bbitrix.sitecorporate%2C26.0.0%2CN%3Bsearch%2C25.200.0%2CN&reqm=bitrix.sitecorporate&fullmoduleinfo=Y&SUPD_SRS=RU&SUPD_CMP=N
2026-06-15 13:40:46 -  - exec CUpdateClientPartner::GetHTTPPage
2026-06-15 13:40:46 -  - TIME GetUpdatesList(request) 0.174 sec
2026-06-15 13:40:46 -  - exec CUpdateClientPartner::ParseServerData
2026-06-15 13:40:49 -  - exec CUpdateClientPartner::GetUpdatesList
2026-06-15 13:40:49 -  - exec CUpdateClientPartner::__CollectRequestData
2026-06-15 13:40:49 -  - utf=Y&lang=ru&stable=Y&CANGZIP=Y&SUPD_DBS=MYSQL&XE=N&CLIENT_SITE=localhost&LICENSE_KEY=X&SUPD_STS=2&SUPD_URS=0&TYPENC=D&CLIENT_PHPVER=8.5.7&NGINX=Y&dbv=8.0.45&instm=main%2C26.150.0%2CY%3Bmobileapp%2C25.0.100%2CN%3Bblog%2C26.400.0%2CN%3Bb24connector%2C25.0.0%2CN%3Bhighloadblock%2C25.100.0%2CN%3Biblock%2C25.300.0%2CN%3Bsocialservices%2C26.0.0%2CN%3Brest%2C26.0.0%2CN%3Bfileman%2C25.200.200%2CN%3Bforum%2C26.0.0%2CN%3Blanding%2C26.200.0%2CN%3Bclouds%2C25.100.0%2CN%3Bphotogallery%2C25.100.0%2CN%3Bform%2C26.0.0%2CN%3Bbitrixcloud%2C25.100.0%2CN%3Bsubscribe%2C25.0.0%2CN%3Bmessageservice%2C25.200.100%2CN%3Bui%2C26.150.0%2CN%3Blocation%2C25.400.0%2CN%3Bperfmon%2C25.300.0%2CN%3Bseo%2C25.100.400%2CN%3Bvote%2C26.0.0%2CN%3Btranslate%2C25.100.0%2CN%3Bsecurity%2C25.0.0%2CN%3Bbitrix.sitecorporate%2C26.0.0%2CN%3Bsearch%2C25.200.0%2CN&reqm=bitrix.sitecorporate&fullmoduleinfo=Y&SUPD_SRS=RU&SUPD_CMP=N
2026-06-15 13:40:49 -  - exec CUpdateClientPartner::GetHTTPPage
2026-06-15 13:40:49 -  - TIME GetUpdatesList(request) 0.173 sec
2026-06-15 13:40:49 -  - exec CUpdateClientPartner::ParseServerData
2026-06-15 13:40:49 -  - exec CUpdateClientPartner::GetUpdatesList
2026-06-15 13:40:49 -  - exec CUpdateClientPartner::__CollectRequestData
2026-06-15 13:40:49 -  - utf=Y&lang=ru&stable=Y&CANGZIP=Y&SUPD_DBS=MYSQL&XE=N&CLIENT_SITE=localhost&LICENSE_KEY=X&SUPD_STS=2&SUPD_URS=0&TYPENC=D&CLIENT_PHPVER=8.5.7&NGINX=Y&dbv=8.0.45&instm=main%2C26.150.0%2CY%3Bmobileapp%2C25.0.100%2CN%3Bblog%2C26.400.0%2CN%3Bb24connector%2C25.0.0%2CN%3Bhighloadblock%2C25.100.0%2CN%3Biblock%2C25.300.0%2CN%3Bsocialservices%2C26.0.0%2CN%3Brest%2C26.0.0%2CN%3Bfileman%2C25.200.200%2CN%3Bforum%2C26.0.0%2CN%3Blanding%2C26.200.0%2CN%3Bclouds%2C25.100.0%2CN%3Bphotogallery%2C25.100.0%2CN%3Bform%2C26.0.0%2CN%3Bbitrixcloud%2C25.100.0%2CN%3Bsubscribe%2C25.0.0%2CN%3Bmessageservice%2C25.200.100%2CN%3Bui%2C26.150.0%2CN%3Blocation%2C25.400.0%2CN%3Bperfmon%2C25.300.0%2CN%3Bseo%2C25.100.400%2CN%3Bvote%2C26.0.0%2CN%3Btranslate%2C25.100.0%2CN%3Bsecurity%2C25.0.0%2CN%3Bbitrix.sitecorporate%2C26.0.0%2CN%3Bsearch%2C25.200.0%2CN&reqm=bitrix.sitecorporate&fullmoduleinfo=Y&SUPD_SRS=RU&SUPD_CMP=N
2026-06-15 13:40:49 -  - exec CUpdateClientPartner::GetHTTPPage
2026-06-15 13:40:50 -  - TIME GetUpdatesList(request) 0.153 sec
2026-06-15 13:40:50 -  - exec CUpdateClientPartner::ParseServerData
2026-06-15 13:42:14 -  - exec CUpdateClientPartner::GetUpdatesList
2026-06-15 13:42:14 -  - exec CUpdateClientPartner::__CollectRequestData
2026-06-15 13:42:14 -  - utf=Y&lang=ru&stable=Y&CANGZIP=Y&SUPD_DBS=MYSQL&XE=N&CLIENT_SITE=localhost&LICENSE_KEY=X&SUPD_STS=2&SUPD_URS=0&TYPENC=D&CLIENT_PHPVER=8.5.7&NGINX=Y&dbv=8.0.45&instm=main%2C26.150.0%2CY%3Bmobileapp%2C25.0.100%2CN%3Bblog%2C26.400.0%2CN%3Bb24connector%2C25.0.0%2CN%3Bhighloadblock%2C25.100.0%2CN%3Biblock%2C25.300.0%2CN%3Bsocialservices%2C26.0.0%2CN%3Brest%2C26.0.0%2CN%3Bfileman%2C25.200.200%2CN%3Bforum%2C26.0.0%2CN%3Blanding%2C26.200.0%2CN%3Bclouds%2C25.100.0%2CN%3Bphotogallery%2C25.100.0%2CN%3Bform%2C26.0.0%2CN%3Bbitrixcloud%2C25.100.0%2CN%3Bsubscribe%2C25.0.0%2CN%3Bmessageservice%2C25.200.100%2CN%3Bui%2C26.150.0%2CN%3Blocation%2C25.400.0%2CN%3Bperfmon%2C25.300.0%2CN%3Bseo%2C25.100.400%2CN%3Bvote%2C26.0.0%2CN%3Btranslate%2C25.100.0%2CN%3Bsecurity%2C25.0.0%2CN%3Bbitrix.sitecorporate%2C26.0.0%2CN%3Bsearch%2C25.200.0%2CN&reqm=bitrix.sitecorporate&fullmoduleinfo=Y&SUPD_SRS=RU&SUPD_CMP=N
2026-06-15 13:42:14 -  - exec CUpdateClientPartner::GetHTTPPage
2026-06-15 13:42:14 -  - TIME GetUpdatesList(request) 0.183 sec
2026-06-15 13:42:14 -  - exec CUpdateClientPartner::ParseServerData
2026-06-15 13:42:14 -  - exec CUpdateClientPartner::GetUpdatesList
2026-06-15 13:42:14 -  - exec CUpdateClientPartner::__CollectRequestData
2026-06-15 13:42:14 -  - utf=Y&lang=ru&stable=Y&CANGZIP=Y&SUPD_DBS=MYSQL&XE=N&CLIENT_SITE=localhost&LICENSE_KEY=X&SUPD_STS=2&SUPD_URS=0&TYPENC=D&CLIENT_PHPVER=8.5.7&NGINX=Y&dbv=8.0.45&instm=main%2C26.150.0%2CY%3Bmobileapp%2C25.0.100%2CN%3Bblog%2C26.400.0%2CN%3Bb24connector%2C25.0.0%2CN%3Bhighloadblock%2C25.100.0%2CN%3Biblock%2C25.300.0%2CN%3Bsocialservices%2C26.0.0%2CN%3Brest%2C26.0.0%2CN%3Bfileman%2C25.200.200%2CN%3Bforum%2C26.0.0%2CN%3Blanding%2C26.200.0%2CN%3Bclouds%2C25.100.0%2CN%3Bphotogallery%2C25.100.0%2CN%3Bform%2C26.0.0%2CN%3Bbitrixcloud%2C25.100.0%2CN%3Bsubscribe%2C25.0.0%2CN%3Bmessageservice%2C25.200.100%2CN%3Bui%2C26.150.0%2CN%3Blocation%2C25.400.0%2CN%3Bperfmon%2C25.300.0%2CN%3Bseo%2C25.100.400%2CN%3Bvote%2C26.0.0%2CN%3Btranslate%2C25.100.0%2CN%3Bsecurity%2C25.0.0%2CN%3Bbitrix.sitecorporate%2C26.0.0%2CN%3Bsearch%2C25.200.0%2CN&reqm=bitrix.sitecorporate&fullmoduleinfo=Y&SUPD_SRS=RU&SUPD_CMP=N
2026-06-15 13:42:14 -  - exec CUpdateClientPartner::GetHTTPPage
2026-06-15 13:42:14 -  - TIME GetUpdatesList(request) 0.166 sec
2026-06-15 13:42:14 -  - exec CUpdateClientPartner::ParseServerData
2026-06-15 13:42:17 -  - exec CUpdateClientPartner::GetUpdatesList
2026-06-15 13:42:17 -  - exec CUpdateClientPartner::__CollectRequestData
2026-06-15 13:42:17 -  - utf=Y&lang=ru&stable=Y&CANGZIP=Y&SUPD_DBS=MYSQL&XE=N&CLIENT_SITE=localhost&LICENSE_KEY=X&SUPD_STS=2&SUPD_URS=0&TYPENC=D&CLIENT_PHPVER=8.5.7&NGINX=Y&dbv=8.0.45&instm=main%2C26.150.0%2CY%3Bmobileapp%2C25.0.100%2CN%3Bblog%2C26.400.0%2CN%3Bb24connector%2C25.0.0%2CN%3Bhighloadblock%2C25.100.0%2CN%3Biblock%2C25.300.0%2CN%3Bsocialservices%2C26.0.0%2CN%3Brest%2C26.0.0%2CN%3Bfileman%2C25.200.200%2CN%3Bforum%2C26.0.0%2CN%3Blanding%2C26.200.0%2CN%3Bclouds%2C25.100.0%2CN%3Bphotogallery%2C25.100.0%2CN%3Bform%2C26.0.0%2CN%3Bbitrixcloud%2C25.100.0%2CN%3Bsubscribe%2C25.0.0%2CN%3Bmessageservice%2C25.200.100%2CN%3Bui%2C26.150.0%2CN%3Blocation%2C25.400.0%2CN%3Bperfmon%2C25.300.0%2CN%3Bseo%2C25.100.400%2CN%3Bvote%2C26.0.0%2CN%3Btranslate%2C25.100.0%2CN%3Bsecurity%2C25.0.0%2CN%3Bbitrix.sitecorporate%2C26.0.0%2CN%3Bsearch%2C25.200.0%2CN&reqm=bitrix.sitecorporate&fullmoduleinfo=Y&SUPD_SRS=RU&SUPD_CMP=N
2026-06-15 13:42:17 -  - exec CUpdateClientPartner::GetHTTPPage
2026-06-15 13:42:17 -  - TIME GetUpdatesList(request) 0.167 sec
2026-06-15 13:42:17 -  - exec CUpdateClientPartner::ParseServerData
2026-06-15 13:42:17 -  - exec CUpdateClientPartner::GetUpdatesList
2026-06-15 13:42:17 -  - exec CUpdateClientPartner::__CollectRequestData
2026-06-15 13:42:17 -  - utf=Y&lang=ru&stable=Y&CANGZIP=Y&SUPD_DBS=MYSQL&XE=N&CLIENT_SITE=localhost&LICENSE_KEY=X&SUPD_STS=2&SUPD_URS=0&TYPENC=D&CLIENT_PHPVER=8.5.7&NGINX=Y&dbv=8.0.45&instm=main%2C26.150.0%2CY%3Bmobileapp%2C25.0.100%2CN%3Bblog%2C26.400.0%2CN%3Bb24connector%2C25.0.0%2CN%3Bhighloadblock%2C25.100.0%2CN%3Biblock%2C25.300.0%2CN%3Bsocialservices%2C26.0.0%2CN%3Brest%2C26.0.0%2CN%3Bfileman%2C25.200.200%2CN%3Bforum%2C26.0.0%2CN%3Blanding%2C26.200.0%2CN%3Bclouds%2C25.100.0%2CN%3Bphotogallery%2C25.100.0%2CN%3Bform%2C26.0.0%2CN%3Bbitrixcloud%2C25.100.0%2CN%3Bsubscribe%2C25.0.0%2CN%3Bmessageservice%2C25.200.100%2CN%3Bui%2C26.150.0%2CN%3Blocation%2C25.400.0%2CN%3Bperfmon%2C25.300.0%2CN%3Bseo%2C25.100.400%2CN%3Bvote%2C26.0.0%2CN%3Btranslate%2C25.100.0%2CN%3Bsecurity%2C25.0.0%2CN%3Bbitrix.sitecorporate%2C26.0.0%2CN%3Bsearch%2C25.200.0%2CN&reqm=bitrix.sitecorporate&fullmoduleinfo=Y&SUPD_SRS=RU&SUPD_CMP=N
2026-06-15 13:42:17 -  - exec CUpdateClientPartner::GetHTTPPage
2026-06-15 13:42:18 -  - TIME GetUpdatesList(request) 0.149 sec
2026-06-15 13:42:18 -  - exec CUpdateClientPartner::ParseServerData
2026-06-15 13:43:52 -  - exec CUpdateClientPartner::GetUpdatesList
2026-06-15 13:43:52 -  - exec CUpdateClientPartner::__CollectRequestData
2026-06-15 13:43:52 -  - utf=Y&lang=ru&stable=Y&CANGZIP=Y&SUPD_DBS=MYSQL&XE=N&CLIENT_SITE=localhost&LICENSE_KEY=X&SUPD_STS=2&SUPD_URS=0&TYPENC=D&CLIENT_PHPVER=8.5.7&NGINX=Y&dbv=8.0.45&instm=main%2C26.150.0%2CY%3Bmobileapp%2C25.0.100%2CN%3Bblog%2C26.400.0%2CN%3Bb24connector%2C25.0.0%2CN%3Bhighloadblock%2C25.100.0%2CN%3Biblock%2C25.300.0%2CN%3Bsocialservices%2C26.0.0%2CN%3Brest%2C26.0.0%2CN%3Bfileman%2C25.200.200%2CN%3Bforum%2C26.0.0%2CN%3Blanding%2C26.200.0%2CN%3Bclouds%2C25.100.0%2CN%3Bphotogallery%2C25.100.0%2CN%3Bform%2C26.0.0%2CN%3Bbitrixcloud%2C25.100.0%2CN%3Bsubscribe%2C25.0.0%2CN%3Bmessageservice%2C25.200.100%2CN%3Bui%2C26.150.0%2CN%3Blocation%2C25.400.0%2CN%3Bperfmon%2C25.300.0%2CN%3Bseo%2C25.100.400%2CN%3Bvote%2C26.0.0%2CN%3Btranslate%2C25.100.0%2CN%3Bsecurity%2C25.0.0%2CN%3Bbitrix.sitecorporate%2C26.0.0%2CN%3Bsearch%2C25.200.0%2CN&reqm=bitrix.sitecorporate&fullmoduleinfo=Y&SUPD_SRS=RU&SUPD_CMP=N
2026-06-15 13:43:52 -  - exec CUpdateClientPartner::GetHTTPPage
2026-06-15 13:43:53 -  - TIME GetUpdatesList(request) 0.164 sec
2026-06-15 13:43:53 -  - exec CUpdateClientPartner::ParseServerData
2026-06-15 13:43:53 -  - exec CUpdateClientPartner::GetUpdatesList
2026-06-15 13:43:53 -  - exec CUpdateClientPartner::__CollectRequestData
2026-06-15 13:43:53 -  - utf=Y&lang=ru&stable=Y&CANGZIP=Y&SUPD_DBS=MYSQL&XE=N&CLIENT_SITE=localhost&LICENSE_KEY=X&SUPD_STS=2&SUPD_URS=0&TYPENC=D&CLIENT_PHPVER=8.5.7&NGINX=Y&dbv=8.0.45&instm=main%2C26.150.0%2CY%3Bmobileapp%2C25.0.100%2CN%3Bblog%2C26.400.0%2CN%3Bb24connector%2C25.0.0%2CN%3Bhighloadblock%2C25.100.0%2CN%3Biblock%2C25.300.0%2CN%3Bsocialservices%2C26.0.0%2CN%3Brest%2C26.0.0%2CN%3Bfileman%2C25.200.200%2CN%3Bforum%2C26.0.0%2CN%3Blanding%2C26.200.0%2CN%3Bclouds%2C25.100.0%2CN%3Bphotogallery%2C25.100.0%2CN%3Bform%2C26.0.0%2CN%3Bbitrixcloud%2C25.100.0%2CN%3Bsubscribe%2C25.0.0%2CN%3Bmessageservice%2C25.200.100%2CN%3Bui%2C26.150.0%2CN%3Blocation%2C25.400.0%2CN%3Bperfmon%2C25.300.0%2CN%3Bseo%2C25.100.400%2CN%3Bvote%2C26.0.0%2CN%3Btranslate%2C25.100.0%2CN%3Bsecurity%2C25.0.0%2CN%3Bbitrix.sitecorporate%2C26.0.0%2CN%3Bsearch%2C25.200.0%2CN&reqm=bitrix.sitecorporate&fullmoduleinfo=Y&SUPD_SRS=RU&SUPD_CMP=N
2026-06-15 13:43:53 -  - exec CUpdateClientPartner::GetHTTPPage
2026-06-15 13:43:53 -  - TIME GetUpdatesList(request) 0.16 sec
2026-06-15 13:43:53 -  - exec CUpdateClientPartner::ParseServerData
2026-06-15 13:43:56 -  - exec CUpdateClientPartner::GetUpdatesList
2026-06-15 13:43:56 -  - exec CUpdateClientPartner::__CollectRequestData
2026-06-15 13:43:56 -  - utf=Y&lang=ru&stable=Y&CANGZIP=Y&SUPD_DBS=MYSQL&XE=N&CLIENT_SITE=localhost&LICENSE_KEY=X&SUPD_STS=2&SUPD_URS=0&TYPENC=D&CLIENT_PHPVER=8.5.7&NGINX=Y&dbv=8.0.45&instm=main%2C26.150.0%2CY%3Bmobileapp%2C25.0.100%2CN%3Bblog%2C26.400.0%2CN%3Bb24connector%2C25.0.0%2CN%3Bhighloadblock%2C25.100.0%2CN%3Biblock%2C25.300.0%2CN%3Bsocialservices%2C26.0.0%2CN%3Brest%2C26.0.0%2CN%3Bfileman%2C25.200.200%2CN%3Bforum%2C26.0.0%2CN%3Blanding%2C26.200.0%2CN%3Bclouds%2C25.100.0%2CN%3Bphotogallery%2C25.100.0%2CN%3Bform%2C26.0.0%2CN%3Bbitrixcloud%2C25.100.0%2CN%3Bsubscribe%2C25.0.0%2CN%3Bmessageservice%2C25.200.100%2CN%3Bui%2C26.150.0%2CN%3Blocation%2C25.400.0%2CN%3Bperfmon%2C25.300.0%2CN%3Bseo%2C25.100.400%2CN%3Bvote%2C26.0.0%2CN%3Btranslate%2C25.100.0%2CN%3Bsecurity%2C25.0.0%2CN%3Bbitrix.sitecorporate%2C26.0.0%2CN%3Bsearch%2C25.200.0%2CN&reqm=bitrix.sitecorporate&fullmoduleinfo=Y&SUPD_SRS=RU&SUPD_CMP=N
2026-06-15 13:43:56 -  - exec CUpdateClientPartner::GetHTTPPage
2026-06-15 13:43:56 -  - TIME GetUpdatesList(request) 0.143 sec
2026-06-15 13:43:56 -  - exec CUpdateClientPartner::ParseServerData
2026-06-15 13:43:56 -  - exec CUpdateClientPartner::GetUpdatesList
2026-06-15 13:43:56 -  - exec CUpdateClientPartner::__CollectRequestData
2026-06-15 13:43:56 -  - utf=Y&lang=ru&stable=Y&CANGZIP=Y&SUPD_DBS=MYSQL&XE=N&CLIENT_SITE=localhost&LICENSE_KEY=X&SUPD_STS=2&SUPD_URS=0&TYPENC=D&CLIENT_PHPVER=8.5.7&NGINX=Y&dbv=8.0.45&instm=main%2C26.150.0%2CY%3Bmobileapp%2C25.0.100%2CN%3Bblog%2C26.400.0%2CN%3Bb24connector%2C25.0.0%2CN%3Bhighloadblock%2C25.100.0%2CN%3Biblock%2C25.300.0%2CN%3Bsocialservices%2C26.0.0%2CN%3Brest%2C26.0.0%2CN%3Bfileman%2C25.200.200%2CN%3Bforum%2C26.0.0%2CN%3Blanding%2C26.200.0%2CN%3Bclouds%2C25.100.0%2CN%3Bphotogallery%2C25.100.0%2CN%3Bform%2C26.0.0%2CN%3Bbitrixcloud%2C25.100.0%2CN%3Bsubscribe%2C25.0.0%2CN%3Bmessageservice%2C25.200.100%2CN%3Bui%2C26.150.0%2CN%3Blocation%2C25.400.0%2CN%3Bperfmon%2C25.300.0%2CN%3Bseo%2C25.100.400%2CN%3Bvote%2C26.0.0%2CN%3Btranslate%2C25.100.0%2CN%3Bsecurity%2C25.0.0%2CN%3Bbitrix.sitecorporate%2C26.0.0%2CN%3Bsearch%2C25.200.0%2CN&reqm=bitrix.sitecorporate&fullmoduleinfo=Y&SUPD_SRS=RU&SUPD_CMP=N
2026-06-15 13:43:56 -  - exec CUpdateClientPartner::GetHTTPPage
2026-06-15 13:43:56 -  - TIME GetUpdatesList(request) 0.177 sec
2026-06-15 13:43:56 -  - exec CUpdateClientPartner::ParseServerData
2026-06-15 13:45:43 -  - exec CUpdateClientPartner::GetUpdatesList
2026-06-15 13:45:43 -  - exec CUpdateClientPartner::__CollectRequestData
2026-06-15 13:45:43 -  - utf=Y&lang=ru&stable=Y&CANGZIP=Y&SUPD_DBS=MYSQL&XE=N&CLIENT_SITE=localhost&LICENSE_KEY=X&SUPD_STS=2&SUPD_URS=0&TYPENC=D&CLIENT_PHPVER=8.5.7&NGINX=Y&dbv=8.0.45&instm=main%2C26.150.0%2CY%3Bmobileapp%2C25.0.100%2CN%3Bblog%2C26.400.0%2CN%3Bb24connector%2C25.0.0%2CN%3Bhighloadblock%2C25.100.0%2CN%3Biblock%2C25.300.0%2CN%3Bsocialservices%2C26.0.0%2CN%3Brest%2C26.0.0%2CN%3Bfileman%2C25.200.200%2CN%3Bforum%2C26.0.0%2CN%3Blanding%2C26.200.0%2CN%3Bclouds%2C25.100.0%2CN%3Bphotogallery%2C25.100.0%2CN%3Bform%2C26.0.0%2CN%3Bbitrixcloud%2C25.100.0%2CN%3Bsubscribe%2C25.0.0%2CN%3Bmessageservice%2C25.200.100%2CN%3Bui%2C26.150.0%2CN%3Blocation%2C25.400.0%2CN%3Bperfmon%2C25.300.0%2CN%3Bseo%2C25.100.400%2CN%3Bvote%2C26.0.0%2CN%3Btranslate%2C25.100.0%2CN%3Bsecurity%2C25.0.0%2CN%3Bbitrix.sitecorporate%2C26.0.0%2CN%3Bsearch%2C25.200.0%2CN&reqm=bitrix.sitecorporate&fullmoduleinfo=Y&SUPD_SRS=RU&SUPD_CMP=N
2026-06-15 13:45:43 -  - exec CUpdateClientPartner::GetHTTPPage
2026-06-15 13:45:43 -  - TIME GetUpdatesList(request) 0.162 sec
2026-06-15 13:45:43 -  - exec CUpdateClientPartner::ParseServerData
2026-06-15 13:45:44 -  - exec CUpdateClientPartner::GetUpdatesList
2026-06-15 13:45:44 -  - exec CUpdateClientPartner::__CollectRequestData
2026-06-15 13:45:44 -  - utf=Y&lang=ru&stable=Y&CANGZIP=Y&SUPD_DBS=MYSQL&XE=N&CLIENT_SITE=localhost&LICENSE_KEY=X&SUPD_STS=2&SUPD_URS=0&TYPENC=D&CLIENT_PHPVER=8.5.7&NGINX=Y&dbv=8.0.45&instm=main%2C26.150.0%2CY%3Bmobileapp%2C25.0.100%2CN%3Bblog%2C26.400.0%2CN%3Bb24connector%2C25.0.0%2CN%3Bhighloadblock%2C25.100.0%2CN%3Biblock%2C25.300.0%2CN%3Bsocialservices%2C26.0.0%2CN%3Brest%2C26.0.0%2CN%3Bfileman%2C25.200.200%2CN%3Bforum%2C26.0.0%2CN%3Blanding%2C26.200.0%2CN%3Bclouds%2C25.100.0%2CN%3Bphotogallery%2C25.100.0%2CN%3Bform%2C26.0.0%2CN%3Bbitrixcloud%2C25.100.0%2CN%3Bsubscribe%2C25.0.0%2CN%3Bmessageservice%2C25.200.100%2CN%3Bui%2C26.150.0%2CN%3Blocation%2C25.400.0%2CN%3Bperfmon%2C25.300.0%2CN%3Bseo%2C25.100.400%2CN%3Bvote%2C26.0.0%2CN%3Btranslate%2C25.100.0%2CN%3Bsecurity%2C25.0.0%2CN%3Bbitrix.sitecorporate%2C26.0.0%2CN%3Bsearch%2C25.200.0%2CN&reqm=bitrix.sitecorporate&fullmoduleinfo=Y&SUPD_SRS=RU&SUPD_CMP=N
2026-06-15 13:45:44 -  - exec CUpdateClientPartner::GetHTTPPage
2026-06-15 13:45:44 -  - TIME GetUpdatesList(request) 0.163 sec
2026-06-15 13:45:44 -  - exec CUpdateClientPartner::ParseServerData
2026-06-15 13:45:47 -  - exec CUpdateClientPartner::GetUpdatesList
2026-06-15 13:45:47 -  - exec CUpdateClientPartner::__CollectRequestData
2026-06-15 13:45:47 -  - utf=Y&lang=ru&stable=Y&CANGZIP=Y&SUPD_DBS=MYSQL&XE=N&CLIENT_SITE=localhost&LICENSE_KEY=X&SUPD_STS=2&SUPD_URS=0&TYPENC=D&CLIENT_PHPVER=8.5.7&NGINX=Y&dbv=8.0.45&instm=main%2C26.150.0%2CY%3Bmobileapp%2C25.0.100%2CN%3Bblog%2C26.400.0%2CN%3Bb24connector%2C25.0.0%2CN%3Bhighloadblock%2C25.100.0%2CN%3Biblock%2C25.300.0%2CN%3Bsocialservices%2C26.0.0%2CN%3Brest%2C26.0.0%2CN%3Bfileman%2C25.200.200%2CN%3Bforum%2C26.0.0%2CN%3Blanding%2C26.200.0%2CN%3Bclouds%2C25.100.0%2CN%3Bphotogallery%2C25.100.0%2CN%3Bform%2C26.0.0%2CN%3Bbitrixcloud%2C25.100.0%2CN%3Bsubscribe%2C25.0.0%2CN%3Bmessageservice%2C25.200.100%2CN%3Bui%2C26.150.0%2CN%3Blocation%2C25.400.0%2CN%3Bperfmon%2C25.300.0%2CN%3Bseo%2C25.100.400%2CN%3Bvote%2C26.0.0%2CN%3Btranslate%2C25.100.0%2CN%3Bsecurity%2C25.0.0%2CN%3Bbitrix.sitecorporate%2C26.0.0%2CN%3Bsearch%2C25.200.0%2CN&reqm=bitrix.sitecorporate&fullmoduleinfo=Y&SUPD_SRS=RU&SUPD_CMP=N
2026-06-15 13:45:47 -  - exec CUpdateClientPartner::GetHTTPPage
2026-06-15 13:45:47 -  - TIME GetUpdatesList(request) 0.161 sec
2026-06-15 13:45:47 -  - exec CUpdateClientPartner::ParseServerData
2026-06-15 13:45:48 -  - exec CUpdateClientPartner::GetUpdatesList
2026-06-15 13:45:48 -  - exec CUpdateClientPartner::__CollectRequestData
2026-06-15 13:45:48 -  - utf=Y&lang=ru&stable=Y&CANGZIP=Y&SUPD_DBS=MYSQL&XE=N&CLIENT_SITE=localhost&LICENSE_KEY=X&SUPD_STS=2&SUPD_URS=0&TYPENC=D&CLIENT_PHPVER=8.5.7&NGINX=Y&dbv=8.0.45&instm=main%2C26.150.0%2CY%3Bmobileapp%2C25.0.100%2CN%3Bblog%2C26.400.0%2CN%3Bb24connector%2C25.0.0%2CN%3Bhighloadblock%2C25.100.0%2CN%3Biblock%2C25.300.0%2CN%3Bsocialservices%2C26.0.0%2CN%3Brest%2C26.0.0%2CN%3Bfileman%2C25.200.200%2CN%3Bforum%2C26.0.0%2CN%3Blanding%2C26.200.0%2CN%3Bclouds%2C25.100.0%2CN%3Bphotogallery%2C25.100.0%2CN%3Bform%2C26.0.0%2CN%3Bbitrixcloud%2C25.100.0%2CN%3Bsubscribe%2C25.0.0%2CN%3Bmessageservice%2C25.200.100%2CN%3Bui%2C26.150.0%2CN%3Blocation%2C25.400.0%2CN%3Bperfmon%2C25.300.0%2CN%3Bseo%2C25.100.400%2CN%3Bvote%2C26.0.0%2CN%3Btranslate%2C25.100.0%2CN%3Bsecurity%2C25.0.0%2CN%3Bbitrix.sitecorporate%2C26.0.0%2CN%3Bsearch%2C25.200.0%2CN&reqm=bitrix.sitecorporate&fullmoduleinfo=Y&SUPD_SRS=RU&SUPD_CMP=N
2026-06-15 13:45:48 -  - exec CUpdateClientPartner::GetHTTPPage
2026-06-15 13:45:48 -  - TIME GetUpdatesList(request) 0.186 sec
2026-06-15 13:45:48 -  - exec CUpdateClientPartner::ParseServerData
2026-06-15 13:46:18 -  - exec CUpdateClientPartner::GetUpdatesList
2026-06-15 13:46:18 -  - exec CUpdateClientPartner::__CollectRequestData
2026-06-15 13:46:18 -  - utf=Y&lang=ru&stable=Y&CANGZIP=Y&SUPD_DBS=MYSQL&XE=N&CLIENT_SITE=localhost&LICENSE_KEY=X&SUPD_STS=2&SUPD_URS=0&TYPENC=D&CLIENT_PHPVER=8.5.7&NGINX=Y&dbv=8.0.45&instm=main%2C26.150.0%2CY%3Bmobileapp%2C25.0.100%2CN%3Bblog%2C26.400.0%2CN%3Bb24connector%2C25.0.0%2CN%3Bhighloadblock%2C25.100.0%2CN%3Biblock%2C25.300.0%2CN%3Bsocialservices%2C26.0.0%2CN%3Brest%2C26.0.0%2CN%3Bfileman%2C25.200.200%2CN%3Bforum%2C26.0.0%2CN%3Blanding%2C26.200.0%2CN%3Bclouds%2C25.100.0%2CN%3Bphotogallery%2C25.100.0%2CN%3Bform%2C26.0.0%2CN%3Bbitrixcloud%2C25.100.0%2CN%3Bsubscribe%2C25.0.0%2CN%3Bmessageservice%2C25.200.100%2CN%3Bui%2C26.150.0%2CN%3Blocation%2C25.400.0%2CN%3Bperfmon%2C25.300.0%2CN%3Bseo%2C25.100.400%2CN%3Bvote%2C26.0.0%2CN%3Btranslate%2C25.100.0%2CN%3Bsecurity%2C25.0.0%2CN%3Bbitrix.sitecorporate%2C26.0.0%2CN%3Bsearch%2C25.200.0%2CN&reqm=bitrix.sitecorporate&fullmoduleinfo=Y&SUPD_SRS=RU&SUPD_CMP=N
2026-06-15 13:46:18 -  - exec CUpdateClientPartner::GetHTTPPage
2026-06-15 13:46:18 -  - TIME GetUpdatesList(request) 0.135 sec
2026-06-15 13:46:18 -  - exec CUpdateClientPartner::ParseServerData
2026-06-15 13:46:24 -  - exec CUpdateClientPartner::GetUpdatesList
2026-06-15 13:46:24 -  - exec CUpdateClientPartner::__CollectRequestData
2026-06-15 13:46:24 -  - utf=Y&lang=ru&stable=Y&CANGZIP=Y&SUPD_DBS=MYSQL&XE=N&CLIENT_SITE=localhost&LICENSE_KEY=X&SUPD_STS=2&SUPD_URS=0&TYPENC=D&CLIENT_PHPVER=8.5.7&NGINX=Y&dbv=8.0.45&instm=main%2C26.150.0%2CY%3Bmobileapp%2C25.0.100%2CN%3Bblog%2C26.400.0%2CN%3Bb24connector%2C25.0.0%2CN%3Bhighloadblock%2C25.100.0%2CN%3Biblock%2C25.300.0%2CN%3Bsocialservices%2C26.0.0%2CN%3Brest%2C26.0.0%2CN%3Bfileman%2C25.200.200%2CN%3Bforum%2C26.0.0%2CN%3Blanding%2C26.200.0%2CN%3Bclouds%2C25.100.0%2CN%3Bphotogallery%2C25.100.0%2CN%3Bform%2C26.0.0%2CN%3Bbitrixcloud%2C25.100.0%2CN%3Bsubscribe%2C25.0.0%2CN%3Bmessageservice%2C25.200.100%2CN%3Bui%2C26.150.0%2CN%3Blocation%2C25.400.0%2CN%3Bperfmon%2C25.300.0%2CN%3Bseo%2C25.100.400%2CN%3Bvote%2C26.0.0%2CN%3Btranslate%2C25.100.0%2CN%3Bsecurity%2C25.0.0%2CN%3Bbitrix.sitecorporate%2C26.0.0%2CN%3Bsearch%2C25.200.0%2CN&reqm=bitrix.sitecorporate&fullmoduleinfo=Y&SUPD_SRS=RU&SUPD_CMP=N
2026-06-15 13:46:24 -  - exec CUpdateClientPartner::GetHTTPPage
2026-06-15 13:46:24 -  - TIME GetUpdatesList(request) 0.158 sec
2026-06-15 13:46:24 -  - exec CUpdateClientPartner::ParseServerData
2026-06-15 13:46:25 -  - exec CUpdateClientPartner::GetUpdatesList
2026-06-15 13:46:25 -  - exec CUpdateClientPartner::__CollectRequestData
2026-06-15 13:46:25 -  - utf=Y&lang=ru&stable=Y&CANGZIP=Y&SUPD_DBS=MYSQL&XE=N&CLIENT_SITE=localhost&LICENSE_KEY=X&SUPD_STS=2&SUPD_URS=0&TYPENC=D&CLIENT_PHPVER=8.5.7&NGINX=Y&dbv=8.0.45&instm=main%2C26.150.0%2CY%3Bmobileapp%2C25.0.100%2CN%3Bblog%2C26.400.0%2CN%3Bb24connector%2C25.0.0%2CN%3Bhighloadblock%2C25.100.0%2CN%3Biblock%2C25.300.0%2CN%3Bsocialservices%2C26.0.0%2CN%3Brest%2C26.0.0%2CN%3Bfileman%2C25.200.200%2CN%3Bforum%2C26.0.0%2CN%3Blanding%2C26.200.0%2CN%3Bclouds%2C25.100.0%2CN%3Bphotogallery%2C25.100.0%2CN%3Bform%2C26.0.0%2CN%3Bbitrixcloud%2C25.100.0%2CN%3Bsubscribe%2C25.0.0%2CN%3Bmessageservice%2C25.200.100%2CN%3Bui%2C26.150.0%2CN%3Blocation%2C25.400.0%2CN%3Bperfmon%2C25.300.0%2CN%3Bseo%2C25.100.400%2CN%3Bvote%2C26.0.0%2CN%3Btranslate%2C25.100.0%2CN%3Bsecurity%2C25.0.0%2CN%3Bbitrix.sitecorporate%2C26.0.0%2CN%3Bsearch%2C25.200.0%2CN&reqm=bitrix.sitecorporate&fullmoduleinfo=Y&SUPD_SRS=RU&SUPD_CMP=N
2026-06-15 13:46:25 -  - exec CUpdateClientPartner::GetHTTPPage
2026-06-15 13:46:25 -  - TIME GetUpdatesList(request) 0.155 sec
2026-06-15 13:46:25 -  - exec CUpdateClientPartner::ParseServerData
2026-06-15 13:46:27 -  - exec CUpdateClientPartner::GetUpdatesList
2026-06-15 13:46:27 -  - exec CUpdateClientPartner::__CollectRequestData
2026-06-15 13:46:27 -  - utf=Y&lang=ru&stable=Y&CANGZIP=Y&SUPD_DBS=MYSQL&XE=N&CLIENT_SITE=localhost&LICENSE_KEY=X&SUPD_STS=2&SUPD_URS=0&TYPENC=D&CLIENT_PHPVER=8.5.7&NGINX=Y&dbv=8.0.45&instm=main%2C26.150.0%2CY%3Bmobileapp%2C25.0.100%2CN%3Bblog%2C26.400.0%2CN%3Bb24connector%2C25.0.0%2CN%3Bhighloadblock%2C25.100.0%2CN%3Biblock%2C25.300.0%2CN%3Bsocialservices%2C26.0.0%2CN%3Brest%2C26.0.0%2CN%3Bfileman%2C25.200.200%2CN%3Bforum%2C26.0.0%2CN%3Blanding%2C26.200.0%2CN%3Bclouds%2C25.100.0%2CN%3Bphotogallery%2C25.100.0%2CN%3Bform%2C26.0.0%2CN%3Bbitrixcloud%2C25.100.0%2CN%3Bsubscribe%2C25.0.0%2CN%3Bmessageservice%2C25.200.100%2CN%3Bui%2C26.150.0%2CN%3Blocation%2C25.400.0%2CN%3Bperfmon%2C25.300.0%2CN%3Bseo%2C25.100.400%2CN%3Bvote%2C26.0.0%2CN%3Btranslate%2C25.100.0%2CN%3Bsecurity%2C25.0.0%2CN%3Bbitrix.sitecorporate%2C26.0.0%2CN%3Bsearch%2C25.200.0%2CN&reqm=bitrix.sitecorporate&fullmoduleinfo=Y&SUPD_SRS=RU&SUPD_CMP=N
2026-06-15 13:46:27 -  - exec CUpdateClientPartner::GetHTTPPage
2026-06-15 13:46:27 -  - TIME GetUpdatesList(request) 0.164 sec
2026-06-15 13:46:27 -  - exec CUpdateClientPartner::ParseServerData
2026-06-15 13:47:26 -  - exec CUpdateClientPartner::GetUpdatesList
2026-06-15 13:47:26 -  - exec CUpdateClientPartner::__CollectRequestData
2026-06-15 13:47:26 -  - utf=Y&lang=ru&stable=Y&CANGZIP=Y&SUPD_DBS=MYSQL&XE=N&CLIENT_SITE=localhost&LICENSE_KEY=X&SUPD_STS=2&SUPD_URS=0&TYPENC=D&CLIENT_PHPVER=8.5.7&NGINX=Y&dbv=8.0.45&instm=main%2C26.150.0%2CY%3Bmobileapp%2C25.0.100%2CN%3Bblog%2C26.400.0%2CN%3Bb24connector%2C25.0.0%2CN%3Bhighloadblock%2C25.100.0%2CN%3Biblock%2C25.300.0%2CN%3Bsocialservices%2C26.0.0%2CN%3Brest%2C26.0.0%2CN%3Bfileman%2C25.200.200%2CN%3Bforum%2C26.0.0%2CN%3Blanding%2C26.200.0%2CN%3Bclouds%2C25.100.0%2CN%3Bphotogallery%2C25.100.0%2CN%3Bform%2C26.0.0%2CN%3Bbitrixcloud%2C25.100.0%2CN%3Bsubscribe%2C25.0.0%2CN%3Bmessageservice%2C25.200.100%2CN%3Bui%2C26.150.0%2CN%3Blocation%2C25.400.0%2CN%3Bperfmon%2C25.300.0%2CN%3Bseo%2C25.100.400%2CN%3Bvote%2C26.0.0%2CN%3Btranslate%2C25.100.0%2CN%3Bsecurity%2C25.0.0%2CN%3Bbitrix.sitecorporate%2C26.0.0%2CN%3Bsearch%2C25.200.0%2CN&reqm=bitrix.sitecorporate&fullmoduleinfo=Y&SUPD_SRS=RU&SUPD_CMP=N
2026-06-15 13:47:26 -  - exec CUpdateClientPartner::GetHTTPPage
2026-06-15 13:47:26 -  - TIME GetUpdatesList(request) 0.134 sec
2026-06-15 13:47:26 -  - exec CUpdateClientPartner::ParseServerData
2026-06-15 13:47:26 -  - exec CUpdateClientPartner::GetUpdatesList
2026-06-15 13:47:26 -  - exec CUpdateClientPartner::__CollectRequestData
2026-06-15 13:47:26 -  - utf=Y&lang=ru&stable=Y&CANGZIP=Y&SUPD_DBS=MYSQL&XE=N&CLIENT_SITE=localhost&LICENSE_KEY=X&SUPD_STS=2&SUPD_URS=0&TYPENC=D&CLIENT_PHPVER=8.5.7&NGINX=Y&dbv=8.0.45&instm=main%2C26.150.0%2CY%3Bmobileapp%2C25.0.100%2CN%3Bblog%2C26.400.0%2CN%3Bb24connector%2C25.0.0%2CN%3Bhighloadblock%2C25.100.0%2CN%3Biblock%2C25.300.0%2CN%3Bsocialservices%2C26.0.0%2CN%3Brest%2C26.0.0%2CN%3Bfileman%2C25.200.200%2CN%3Bforum%2C26.0.0%2CN%3Blanding%2C26.200.0%2CN%3Bclouds%2C25.100.0%2CN%3Bphotogallery%2C25.100.0%2CN%3Bform%2C26.0.0%2CN%3Bbitrixcloud%2C25.100.0%2CN%3Bsubscribe%2C25.0.0%2CN%3Bmessageservice%2C25.200.100%2CN%3Bui%2C26.150.0%2CN%3Blocation%2C25.400.0%2CN%3Bperfmon%2C25.300.0%2CN%3Bseo%2C25.100.400%2CN%3Bvote%2C26.0.0%2CN%3Btranslate%2C25.100.0%2CN%3Bsecurity%2C25.0.0%2CN%3Bbitrix.sitecorporate%2C26.0.0%2CN%3Bsearch%2C25.200.0%2CN&reqm=bitrix.sitecorporate&fullmoduleinfo=Y&SUPD_SRS=RU&SUPD_CMP=N
2026-06-15 13:47:26 -  - exec CUpdateClientPartner::GetHTTPPage
2026-06-15 13:47:27 -  - TIME GetUpdatesList(request) 0.143 sec
2026-06-15 13:47:27 -  - exec CUpdateClientPartner::ParseServerData
2026-06-15 13:47:29 -  - exec CUpdateClientPartner::GetUpdatesList
2026-06-15 13:47:29 -  - exec CUpdateClientPartner::__CollectRequestData
2026-06-15 13:47:29 -  - utf=Y&lang=ru&stable=Y&CANGZIP=Y&SUPD_DBS=MYSQL&XE=N&CLIENT_SITE=localhost&LICENSE_KEY=X&SUPD_STS=2&SUPD_URS=0&TYPENC=D&CLIENT_PHPVER=8.5.7&NGINX=Y&dbv=8.0.45&instm=main%2C26.150.0%2CY%3Bmobileapp%2C25.0.100%2CN%3Bblog%2C26.400.0%2CN%3Bb24connector%2C25.0.0%2CN%3Bhighloadblock%2C25.100.0%2CN%3Biblock%2C25.300.0%2CN%3Bsocialservices%2C26.0.0%2CN%3Brest%2C26.0.0%2CN%3Bfileman%2C25.200.200%2CN%3Bforum%2C26.0.0%2CN%3Blanding%2C26.200.0%2CN%3Bclouds%2C25.100.0%2CN%3Bphotogallery%2C25.100.0%2CN%3Bform%2C26.0.0%2CN%3Bbitrixcloud%2C25.100.0%2CN%3Bsubscribe%2C25.0.0%2CN%3Bmessageservice%2C25.200.100%2CN%3Bui%2C26.150.0%2CN%3Blocation%2C25.400.0%2CN%3Bperfmon%2C25.300.0%2CN%3Bseo%2C25.100.400%2CN%3Bvote%2C26.0.0%2CN%3Btranslate%2C25.100.0%2CN%3Bsecurity%2C25.0.0%2CN%3Bbitrix.sitecorporate%2C26.0.0%2CN%3Bsearch%2C25.200.0%2CN&reqm=bitrix.sitecorporate&fullmoduleinfo=Y&SUPD_SRS=RU&SUPD_CMP=N
2026-06-15 13:47:29 -  - exec CUpdateClientPartner::GetHTTPPage
2026-06-15 13:47:30 -  - TIME GetUpdatesList(request) 0.127 sec
2026-06-15 13:47:30 -  - exec CUpdateClientPartner::ParseServerData
2026-06-15 13:47:30 -  - exec CUpdateClientPartner::GetUpdatesList
2026-06-15 13:47:30 -  - exec CUpdateClientPartner::__CollectRequestData
2026-06-15 13:47:30 -  - utf=Y&lang=ru&stable=Y&CANGZIP=Y&SUPD_DBS=MYSQL&XE=N&CLIENT_SITE=localhost&LICENSE_KEY=X&SUPD_STS=2&SUPD_URS=0&TYPENC=D&CLIENT_PHPVER=8.5.7&NGINX=Y&dbv=8.0.45&instm=main%2C26.150.0%2CY%3Bmobileapp%2C25.0.100%2CN%3Bblog%2C26.400.0%2CN%3Bb24connector%2C25.0.0%2CN%3Bhighloadblock%2C25.100.0%2CN%3Biblock%2C25.300.0%2CN%3Bsocialservices%2C26.0.0%2CN%3Brest%2C26.0.0%2CN%3Bfileman%2C25.200.200%2CN%3Bforum%2C26.0.0%2CN%3Blanding%2C26.200.0%2CN%3Bclouds%2C25.100.0%2CN%3Bphotogallery%2C25.100.0%2CN%3Bform%2C26.0.0%2CN%3Bbitrixcloud%2C25.100.0%2CN%3Bsubscribe%2C25.0.0%2CN%3Bmessageservice%2C25.200.100%2CN%3Bui%2C26.150.0%2CN%3Blocation%2C25.400.0%2CN%3Bperfmon%2C25.300.0%2CN%3Bseo%2C25.100.400%2CN%3Bvote%2C26.0.0%2CN%3Btranslate%2C25.100.0%2CN%3Bsecurity%2C25.0.0%2CN%3Bbitrix.sitecorporate%2C26.0.0%2CN%3Bsearch%2C25.200.0%2CN&reqm=bitrix.sitecorporate&fullmoduleinfo=Y&SUPD_SRS=RU&SUPD_CMP=N
2026-06-15 13:47:30 -  - exec CUpdateClientPartner::GetHTTPPage
2026-06-15 13:47:30 -  - TIME GetUpdatesList(request) 0.146 sec
2026-06-15 13:47:30 -  - exec CUpdateClientPartner::ParseServerData
2026-06-15 13:47:53 -  - exec CUpdateClientPartner::GetUpdatesList
2026-06-15 13:47:53 -  - exec CUpdateClientPartner::__CollectRequestData
2026-06-15 13:47:53 -  - utf=Y&lang=ru&stable=Y&CANGZIP=Y&SUPD_DBS=MYSQL&XE=N&CLIENT_SITE=localhost&LICENSE_KEY=X&SUPD_STS=2&SUPD_URS=0&TYPENC=D&CLIENT_PHPVER=8.5.7&NGINX=Y&dbv=8.0.45&instm=main%2C26.150.0%2CY%3Bmobileapp%2C25.0.100%2CN%3Bblog%2C26.400.0%2CN%3Bb24connector%2C25.0.0%2CN%3Bhighloadblock%2C25.100.0%2CN%3Biblock%2C25.300.0%2CN%3Bsocialservices%2C26.0.0%2CN%3Brest%2C26.0.0%2CN%3Bfileman%2C25.200.200%2CN%3Bforum%2C26.0.0%2CN%3Blanding%2C26.200.0%2CN%3Bclouds%2C25.100.0%2CN%3Bphotogallery%2C25.100.0%2CN%3Bform%2C26.0.0%2CN%3Bbitrixcloud%2C25.100.0%2CN%3Bsubscribe%2C25.0.0%2CN%3Bmessageservice%2C25.200.100%2CN%3Bui%2C26.150.0%2CN%3Blocation%2C25.400.0%2CN%3Bperfmon%2C25.300.0%2CN%3Bseo%2C25.100.400%2CN%3Bvote%2C26.0.0%2CN%3Btranslate%2C25.100.0%2CN%3Bsecurity%2C25.0.0%2CN%3Bbitrix.sitecorporate%2C26.0.0%2CN%3Bsearch%2C25.200.0%2CN&reqm=bitrix.sitecorporate&fullmoduleinfo=Y&SUPD_SRS=RU&SUPD_CMP=N
2026-06-15 13:47:53 -  - exec CUpdateClientPartner::GetHTTPPage
2026-06-15 13:47:53 -  - TIME GetUpdatesList(request) 0.136 sec
2026-06-15 13:47:53 -  - exec CUpdateClientPartner::ParseServerData
2026-06-15 13:47:53 -  - exec CUpdateClientPartner::GetUpdatesList
2026-06-15 13:47:53 -  - exec CUpdateClientPartner::__CollectRequestData
2026-06-15 13:47:53 -  - utf=Y&lang=ru&stable=Y&CANGZIP=Y&SUPD_DBS=MYSQL&XE=N&CLIENT_SITE=localhost&LICENSE_KEY=X&SUPD_STS=2&SUPD_URS=0&TYPENC=D&CLIENT_PHPVER=8.5.7&NGINX=Y&dbv=8.0.45&instm=main%2C26.150.0%2CY%3Bmobileapp%2C25.0.100%2CN%3Bblog%2C26.400.0%2CN%3Bb24connector%2C25.0.0%2CN%3Bhighloadblock%2C25.100.0%2CN%3Biblock%2C25.300.0%2CN%3Bsocialservices%2C26.0.0%2CN%3Brest%2C26.0.0%2CN%3Bfileman%2C25.200.200%2CN%3Bforum%2C26.0.0%2CN%3Blanding%2C26.200.0%2CN%3Bclouds%2C25.100.0%2CN%3Bphotogallery%2C25.100.0%2CN%3Bform%2C26.0.0%2CN%3Bbitrixcloud%2C25.100.0%2CN%3Bsubscribe%2C25.0.0%2CN%3Bmessageservice%2C25.200.100%2CN%3Bui%2C26.150.0%2CN%3Blocation%2C25.400.0%2CN%3Bperfmon%2C25.300.0%2CN%3Bseo%2C25.100.400%2CN%3Bvote%2C26.0.0%2CN%3Btranslate%2C25.100.0%2CN%3Bsecurity%2C25.0.0%2CN%3Bbitrix.sitecorporate%2C26.0.0%2CN%3Bsearch%2C25.200.0%2CN&reqm=bitrix.sitecorporate&fullmoduleinfo=Y&SUPD_SRS=RU&SUPD_CMP=N
2026-06-15 13:47:53 -  - exec CUpdateClientPartner::GetHTTPPage
2026-06-15 13:47:53 -  - TIME GetUpdatesList(request) 0.142 sec
2026-06-15 13:47:53 -  - exec CUpdateClientPartner::ParseServerData
2026-06-15 13:47:56 -  - exec CUpdateClientPartner::GetUpdatesList
2026-06-15 13:47:56 -  - exec CUpdateClientPartner::__CollectRequestData
2026-06-15 13:47:56 -  - utf=Y&lang=ru&stable=Y&CANGZIP=Y&SUPD_DBS=MYSQL&XE=N&CLIENT_SITE=localhost&LICENSE_KEY=X&SUPD_STS=2&SUPD_URS=0&TYPENC=D&CLIENT_PHPVER=8.5.7&NGINX=Y&dbv=8.0.45&instm=main%2C26.150.0%2CY%3Bmobileapp%2C25.0.100%2CN%3Bblog%2C26.400.0%2CN%3Bb24connector%2C25.0.0%2CN%3Bhighloadblock%2C25.100.0%2CN%3Biblock%2C25.300.0%2CN%3Bsocialservices%2C26.0.0%2CN%3Brest%2C26.0.0%2CN%3Bfileman%2C25.200.200%2CN%3Bforum%2C26.0.0%2CN%3Blanding%2C26.200.0%2CN%3Bclouds%2C25.100.0%2CN%3Bphotogallery%2C25.100.0%2CN%3Bform%2C26.0.0%2CN%3Bbitrixcloud%2C25.100.0%2CN%3Bsubscribe%2C25.0.0%2CN%3Bmessageservice%2C25.200.100%2CN%3Bui%2C26.150.0%2CN%3Blocation%2C25.400.0%2CN%3Bperfmon%2C25.300.0%2CN%3Bseo%2C25.100.400%2CN%3Bvote%2C26.0.0%2CN%3Btranslate%2C25.100.0%2CN%3Bsecurity%2C25.0.0%2CN%3Bbitrix.sitecorporate%2C26.0.0%2CN%3Bsearch%2C25.200.0%2CN&reqm=bitrix.sitecorporate&fullmoduleinfo=Y&SUPD_SRS=RU&SUPD_CMP=N
2026-06-15 13:47:56 -  - exec CUpdateClientPartner::GetHTTPPage
2026-06-15 13:47:56 -  - TIME GetUpdatesList(request) 0.15 sec
2026-06-15 13:47:56 -  - exec CUpdateClientPartner::ParseServerData
2026-06-15 13:47:56 -  - exec CUpdateClientPartner::GetUpdatesList
2026-06-15 13:47:56 -  - exec CUpdateClientPartner::__CollectRequestData
2026-06-15 13:47:56 -  - utf=Y&lang=ru&stable=Y&CANGZIP=Y&SUPD_DBS=MYSQL&XE=N&CLIENT_SITE=localhost&LICENSE_KEY=X&SUPD_STS=2&SUPD_URS=0&TYPENC=D&CLIENT_PHPVER=8.5.7&NGINX=Y&dbv=8.0.45&instm=main%2C26.150.0%2CY%3Bmobileapp%2C25.0.100%2CN%3Bblog%2C26.400.0%2CN%3Bb24connector%2C25.0.0%2CN%3Bhighloadblock%2C25.100.0%2CN%3Biblock%2C25.300.0%2CN%3Bsocialservices%2C26.0.0%2CN%3Brest%2C26.0.0%2CN%3Bfileman%2C25.200.200%2CN%3Bforum%2C26.0.0%2CN%3Blanding%2C26.200.0%2CN%3Bclouds%2C25.100.0%2CN%3Bphotogallery%2C25.100.0%2CN%3Bform%2C26.0.0%2CN%3Bbitrixcloud%2C25.100.0%2CN%3Bsubscribe%2C25.0.0%2CN%3Bmessageservice%2C25.200.100%2CN%3Bui%2C26.150.0%2CN%3Blocation%2C25.400.0%2CN%3Bperfmon%2C25.300.0%2CN%3Bseo%2C25.100.400%2CN%3Bvote%2C26.0.0%2CN%3Btranslate%2C25.100.0%2CN%3Bsecurity%2C25.0.0%2CN%3Bbitrix.sitecorporate%2C26.0.0%2CN%3Bsearch%2C25.200.0%2CN&reqm=bitrix.sitecorporate&fullmoduleinfo=Y&SUPD_SRS=RU&SUPD_CMP=N
2026-06-15 13:47:56 -  - exec CUpdateClientPartner::GetHTTPPage
2026-06-15 13:47:57 -  - TIME GetUpdatesList(request) 0.146 sec
2026-06-15 13:47:57 -  - exec CUpdateClientPartner::ParseServerData
2026-06-15 14:05:57 -  - exec CUpdateClientPartner::GetUpdatesList
2026-06-15 14:05:57 -  - exec CUpdateClientPartner::__CollectRequestData
2026-06-15 14:05:57 -  - utf=Y&lang=ru&stable=Y&CANGZIP=Y&SUPD_DBS=MYSQL&XE=N&CLIENT_SITE=localhost&LICENSE_KEY=X&SUPD_STS=2&SUPD_URS=0&TYPENC=D&CLIENT_PHPVER=8.5.7&NGINX=Y&dbv=8.0.45&instm=main%2C26.150.0%2CY%3Bmobileapp%2C25.0.100%2CN%3Bblog%2C26.400.0%2CN%3Bb24connector%2C25.0.0%2CN%3Bhighloadblock%2C25.100.0%2CN%3Biblock%2C25.300.0%2CN%3Bsocialservices%2C26.0.0%2CN%3Brest%2C26.0.0%2CN%3Bfileman%2C25.200.200%2CN%3Bforum%2C26.0.0%2CN%3Blanding%2C26.200.0%2CN%3Bclouds%2C25.100.0%2CN%3Bphotogallery%2C25.100.0%2CN%3Bform%2C26.0.0%2CN%3Bbitrixcloud%2C25.100.0%2CN%3Bsubscribe%2C25.0.0%2CN%3Bmessageservice%2C25.200.100%2CN%3Bui%2C26.150.0%2CN%3Blocation%2C25.400.0%2CN%3Bperfmon%2C25.300.0%2CN%3Bseo%2C25.100.400%2CN%3Bvote%2C26.0.0%2CN%3Btranslate%2C25.100.0%2CN%3Bsecurity%2C25.0.0%2CN%3Bbitrix.sitecorporate%2C26.0.0%2CN%3Bsearch%2C25.200.0%2CN&reqm=bitrix.sitecorporate&SUPD_SRS=RU&SUPD_CMP=N
2026-06-15 14:05:57 -  - exec CUpdateClientPartner::GetHTTPPage
2026-06-15 14:05:57 -  - TIME GetUpdatesList(request) 0.16 sec
2026-06-15 14:05:57 -  - exec CUpdateClientPartner::ParseServerData
2026-06-15 14:06:00 -  - exec CUpdateClientPartner::GetUpdatesList
2026-06-15 14:06:00 -  - exec CUpdateClientPartner::__CollectRequestData
2026-06-15 14:06:00 -  - utf=Y&lang=ru&stable=Y&CANGZIP=Y&SUPD_DBS=MYSQL&XE=N&CLIENT_SITE=localhost&LICENSE_KEY=X&SUPD_STS=2&SUPD_URS=0&TYPENC=D&CLIENT_PHPVER=8.5.7&NGINX=Y&dbv=8.0.45&instm=main%2C26.150.0%2CY%3Bmobileapp%2C25.0.100%2CN%3Bblog%2C26.400.0%2CN%3Bb24connector%2C25.0.0%2CN%3Bhighloadblock%2C25.100.0%2CN%3Biblock%2C25.300.0%2CN%3Bsocialservices%2C26.0.0%2CN%3Brest%2C26.0.0%2CN%3Bfileman%2C25.200.200%2CN%3Bforum%2C26.0.0%2CN%3Blanding%2C26.200.0%2CN%3Bclouds%2C25.100.0%2CN%3Bphotogallery%2C25.100.0%2CN%3Bform%2C26.0.0%2CN%3Bbitrixcloud%2C25.100.0%2CN%3Bsubscribe%2C25.0.0%2CN%3Bmessageservice%2C25.200.100%2CN%3Bui%2C26.150.0%2CN%3Blocation%2C25.400.0%2CN%3Bperfmon%2C25.300.0%2CN%3Bseo%2C25.100.400%2CN%3Bvote%2C26.0.0%2CN%3Btranslate%2C25.100.0%2CN%3Bsecurity%2C25.0.0%2CN%3Bbitrix.sitecorporate%2C26.0.0%2CN%3Bsearch%2C25.200.0%2CN&reqm=bitrix.sitecorporate&fullmoduleinfo=Y&SUPD_SRS=RU&SUPD_CMP=N
2026-06-15 14:06:00 -  - exec CUpdateClientPartner::GetHTTPPage
2026-06-15 14:06:00 -  - TIME GetUpdatesList(request) 0.135 sec
2026-06-15 14:06:00 -  - exec CUpdateClientPartner::ParseServerData
2026-06-15 14:06:02 -  - exec CUpdateClientPartner::GetUpdatesList
2026-06-15 14:06:02 -  - exec CUpdateClientPartner::__CollectRequestData
2026-06-15 14:06:02 -  - utf=Y&lang=ru&stable=Y&CANGZIP=Y&SUPD_DBS=MYSQL&XE=N&CLIENT_SITE=localhost&LICENSE_KEY=X&SUPD_STS=2&SUPD_URS=0&TYPENC=D&CLIENT_PHPVER=8.5.7&NGINX=Y&dbv=8.0.45&instm=main%2C26.150.0%2CY%3Bmobileapp%2C25.0.100%2CN%3Bblog%2C26.400.0%2CN%3Bb24connector%2C25.0.0%2CN%3Bhighloadblock%2C25.100.0%2CN%3Biblock%2C25.300.0%2CN%3Bsocialservices%2C26.0.0%2CN%3Brest%2C26.0.0%2CN%3Bfileman%2C25.200.200%2CN%3Bforum%2C26.0.0%2CN%3Blanding%2C26.200.0%2CN%3Bclouds%2C25.100.0%2CN%3Bphotogallery%2C25.100.0%2CN%3Bform%2C26.0.0%2CN%3Bbitrixcloud%2C25.100.0%2CN%3Bsubscribe%2C25.0.0%2CN%3Bmessageservice%2C25.200.100%2CN%3Bui%2C26.150.0%2CN%3Blocation%2C25.400.0%2CN%3Bperfmon%2C25.300.0%2CN%3Bseo%2C25.100.400%2CN%3Bvote%2C26.0.0%2CN%3Btranslate%2C25.100.0%2CN%3Bsecurity%2C25.0.0%2CN%3Bbitrix.sitecorporate%2C26.0.0%2CN%3Bsearch%2C25.200.0%2CN&reqm=bitrix.sitecorporate&fullmoduleinfo=Y&SUPD_SRS=RU&SUPD_CMP=N
2026-06-15 14:06:02 -  - exec CUpdateClientPartner::GetHTTPPage
2026-06-15 14:06:03 -  - TIME GetUpdatesList(request) 0.16 sec
2026-06-15 14:06:03 -  - exec CUpdateClientPartner::ParseServerData
2026-06-15 14:06:03 -  - exec CUpdateClientPartner::GetUpdatesList
2026-06-15 14:06:03 -  - exec CUpdateClientPartner::__CollectRequestData
2026-06-15 14:06:03 -  - utf=Y&lang=ru&stable=Y&CANGZIP=Y&SUPD_DBS=MYSQL&XE=N&CLIENT_SITE=localhost&LICENSE_KEY=X&SUPD_STS=2&SUPD_URS=0&TYPENC=D&CLIENT_PHPVER=8.5.7&NGINX=Y&dbv=8.0.45&instm=main%2C26.150.0%2CY%3Bmobileapp%2C25.0.100%2CN%3Bblog%2C26.400.0%2CN%3Bb24connector%2C25.0.0%2CN%3Bhighloadblock%2C25.100.0%2CN%3Biblock%2C25.300.0%2CN%3Bsocialservices%2C26.0.0%2CN%3Brest%2C26.0.0%2CN%3Bfileman%2C25.200.200%2CN%3Bforum%2C26.0.0%2CN%3Blanding%2C26.200.0%2CN%3Bclouds%2C25.100.0%2CN%3Bphotogallery%2C25.100.0%2CN%3Bform%2C26.0.0%2CN%3Bbitrixcloud%2C25.100.0%2CN%3Bsubscribe%2C25.0.0%2CN%3Bmessageservice%2C25.200.100%2CN%3Bui%2C26.150.0%2CN%3Blocation%2C25.400.0%2CN%3Bperfmon%2C25.300.0%2CN%3Bseo%2C25.100.400%2CN%3Bvote%2C26.0.0%2CN%3Btranslate%2C25.100.0%2CN%3Bsecurity%2C25.0.0%2CN%3Bbitrix.sitecorporate%2C26.0.0%2CN%3Bsearch%2C25.200.0%2CN&reqm=bitrix.sitecorporate&fullmoduleinfo=Y&SUPD_SRS=RU&SUPD_CMP=N
2026-06-15 14:06:03 -  - exec CUpdateClientPartner::GetHTTPPage
2026-06-15 14:06:03 -  - TIME GetUpdatesList(request) 0.163 sec
2026-06-15 14:06:03 -  - exec CUpdateClientPartner::ParseServerData
2026-06-15 14:06:06 -  - exec CUpdateClientPartner::GetUpdatesList
2026-06-15 14:06:06 -  - exec CUpdateClientPartner::__CollectRequestData
2026-06-15 14:06:06 -  - utf=Y&lang=ru&stable=Y&CANGZIP=Y&SUPD_DBS=MYSQL&XE=N&CLIENT_SITE=localhost&LICENSE_KEY=X&SUPD_STS=2&SUPD_URS=0&TYPENC=D&CLIENT_PHPVER=8.5.7&NGINX=Y&dbv=8.0.45&instm=main%2C26.150.0%2CY%3Bmobileapp%2C25.0.100%2CN%3Bblog%2C26.400.0%2CN%3Bb24connector%2C25.0.0%2CN%3Bhighloadblock%2C25.100.0%2CN%3Biblock%2C25.300.0%2CN%3Bsocialservices%2C26.0.0%2CN%3Brest%2C26.0.0%2CN%3Bfileman%2C25.200.200%2CN%3Bforum%2C26.0.0%2CN%3Blanding%2C26.200.0%2CN%3Bclouds%2C25.100.0%2CN%3Bphotogallery%2C25.100.0%2CN%3Bform%2C26.0.0%2CN%3Bbitrixcloud%2C25.100.0%2CN%3Bsubscribe%2C25.0.0%2CN%3Bmessageservice%2C25.200.100%2CN%3Bui%2C26.150.0%2CN%3Blocation%2C25.400.0%2CN%3Bperfmon%2C25.300.0%2CN%3Bseo%2C25.100.400%2CN%3Bvote%2C26.0.0%2CN%3Btranslate%2C25.100.0%2CN%3Bsecurity%2C25.0.0%2CN%3Bbitrix.sitecorporate%2C26.0.0%2CN%3Bsearch%2C25.200.0%2CN&reqm=bitrix.sitecorporate&fullmoduleinfo=Y&SUPD_SRS=RU&SUPD_CMP=N
2026-06-15 14:06:06 -  - exec CUpdateClientPartner::GetHTTPPage
2026-06-15 14:06:06 -  - TIME GetUpdatesList(request) 0.165 sec
2026-06-15 14:06:06 -  - exec CUpdateClientPartner::ParseServerData
2026-06-15 14:06:07 -  - exec CUpdateClientPartner::GetUpdatesList
2026-06-15 14:06:07 -  - exec CUpdateClientPartner::__CollectRequestData
2026-06-15 14:06:07 -  - utf=Y&lang=ru&stable=Y&CANGZIP=Y&SUPD_DBS=MYSQL&XE=N&CLIENT_SITE=localhost&LICENSE_KEY=X&SUPD_STS=2&SUPD_URS=0&TYPENC=D&CLIENT_PHPVER=8.5.7&NGINX=Y&dbv=8.0.45&instm=main%2C26.150.0%2CY%3Bmobileapp%2C25.0.100%2CN%3Bblog%2C26.400.0%2CN%3Bb24connector%2C25.0.0%2CN%3Bhighloadblock%2C25.100.0%2CN%3Biblock%2C25.300.0%2CN%3Bsocialservices%2C26.0.0%2CN%3Brest%2C26.0.0%2CN%3Bfileman%2C25.200.200%2CN%3Bforum%2C26.0.0%2CN%3Blanding%2C26.200.0%2CN%3Bclouds%2C25.100.0%2CN%3Bphotogallery%2C25.100.0%2CN%3Bform%2C26.0.0%2CN%3Bbitrixcloud%2C25.100.0%2CN%3Bsubscribe%2C25.0.0%2CN%3Bmessageservice%2C25.200.100%2CN%3Bui%2C26.150.0%2CN%3Blocation%2C25.400.0%2CN%3Bperfmon%2C25.300.0%2CN%3Bseo%2C25.100.400%2CN%3Bvote%2C26.0.0%2CN%3Btranslate%2C25.100.0%2CN%3Bsecurity%2C25.0.0%2CN%3Bbitrix.sitecorporate%2C26.0.0%2CN%3Bsearch%2C25.200.0%2CN&reqm=bitrix.sitecorporate&fullmoduleinfo=Y&SUPD_SRS=RU&SUPD_CMP=N
2026-06-15 14:06:07 -  - exec CUpdateClientPartner::GetHTTPPage
2026-06-15 14:06:07 -  - TIME GetUpdatesList(request) 0.162 sec
2026-06-15 14:06:07 -  - exec CUpdateClientPartner::ParseServerData
2026-06-15 14:09:35 -  - exec CUpdateClientPartner::GetUpdatesList
2026-06-15 14:09:35 -  - exec CUpdateClientPartner::__CollectRequestData
2026-06-15 14:09:35 -  - utf=Y&lang=ru&stable=Y&CANGZIP=Y&SUPD_DBS=MYSQL&XE=N&CLIENT_SITE=localhost&LICENSE_KEY=X&SUPD_STS=2&SUPD_URS=0&TYPENC=D&CLIENT_PHPVER=8.5.7&NGINX=Y&dbv=8.0.45&instm=main%2C26.150.0%2CY%3Bmobileapp%2C25.0.100%2CN%3Bblog%2C26.400.0%2CN%3Bb24connector%2C25.0.0%2CN%3Bhighloadblock%2C25.100.0%2CN%3Biblock%2C25.300.0%2CN%3Bsocialservices%2C26.0.0%2CN%3Brest%2C26.0.0%2CN%3Bfileman%2C25.200.200%2CN%3Bforum%2C26.0.0%2CN%3Blanding%2C26.200.0%2CN%3Bclouds%2C25.100.0%2CN%3Bphotogallery%2C25.100.0%2CN%3Bform%2C26.0.0%2CN%3Bbitrixcloud%2C25.100.0%2CN%3Bsubscribe%2C25.0.0%2CN%3Bmessageservice%2C25.200.100%2CN%3Bui%2C26.150.0%2CN%3Blocation%2C25.400.0%2CN%3Bperfmon%2C25.300.0%2CN%3Bseo%2C25.100.400%2CN%3Bvote%2C26.0.0%2CN%3Btranslate%2C25.100.0%2CN%3Bsecurity%2C25.0.0%2CN%3Bbitrix.sitecorporate%2C26.0.0%2CN%3Bsearch%2C25.200.0%2CN&reqm=bitrix.sitecorporate&fullmoduleinfo=Y&SUPD_SRS=RU&SUPD_CMP=N
2026-06-15 14:09:35 -  - exec CUpdateClientPartner::GetHTTPPage
2026-06-15 14:09:35 -  - TIME GetUpdatesList(request) 0.136 sec
2026-06-15 14:09:35 -  - exec CUpdateClientPartner::ParseServerData
2026-06-15 14:09:37 -  - exec CUpdateClientPartner::GetUpdatesList
2026-06-15 14:09:37 -  - exec CUpdateClientPartner::__CollectRequestData
2026-06-15 14:09:37 -  - utf=Y&lang=ru&stable=Y&CANGZIP=Y&SUPD_DBS=MYSQL&XE=N&CLIENT_SITE=localhost&LICENSE_KEY=X&SUPD_STS=2&SUPD_URS=0&TYPENC=D&CLIENT_PHPVER=8.5.7&NGINX=Y&dbv=8.0.45&instm=main%2C26.150.0%2CY%3Bmobileapp%2C25.0.100%2CN%3Bblog%2C26.400.0%2CN%3Bb24connector%2C25.0.0%2CN%3Bhighloadblock%2C25.100.0%2CN%3Biblock%2C25.300.0%2CN%3Bsocialservices%2C26.0.0%2CN%3Brest%2C26.0.0%2CN%3Bfileman%2C25.200.200%2CN%3Bforum%2C26.0.0%2CN%3Blanding%2C26.200.0%2CN%3Bclouds%2C25.100.0%2CN%3Bphotogallery%2C25.100.0%2CN%3Bform%2C26.0.0%2CN%3Bbitrixcloud%2C25.100.0%2CN%3Bsubscribe%2C25.0.0%2CN%3Bmessageservice%2C25.200.100%2CN%3Bui%2C26.150.0%2CN%3Blocation%2C25.400.0%2CN%3Bperfmon%2C25.300.0%2CN%3Bseo%2C25.100.400%2CN%3Bvote%2C26.0.0%2CN%3Btranslate%2C25.100.0%2CN%3Bsecurity%2C25.0.0%2CN%3Bbitrix.sitecorporate%2C26.0.0%2CN%3Bsearch%2C25.200.0%2CN&reqm=bitrix.sitecorporate&fullmoduleinfo=Y&SUPD_SRS=RU&SUPD_CMP=N
2026-06-15 14:09:37 -  - exec CUpdateClientPartner::GetHTTPPage
2026-06-15 14:09:38 -  - TIME GetUpdatesList(request) 0.168 sec
2026-06-15 14:09:38 -  - exec CUpdateClientPartner::ParseServerData
2026-06-15 14:09:38 -  - exec CUpdateClientPartner::GetUpdatesList
2026-06-15 14:09:38 -  - exec CUpdateClientPartner::__CollectRequestData
2026-06-15 14:09:38 -  - utf=Y&lang=ru&stable=Y&CANGZIP=Y&SUPD_DBS=MYSQL&XE=N&CLIENT_SITE=localhost&LICENSE_KEY=X&SUPD_STS=2&SUPD_URS=0&TYPENC=D&CLIENT_PHPVER=8.5.7&NGINX=Y&dbv=8.0.45&instm=main%2C26.150.0%2CY%3Bmobileapp%2C25.0.100%2CN%3Bblog%2C26.400.0%2CN%3Bb24connector%2C25.0.0%2CN%3Bhighloadblock%2C25.100.0%2CN%3Biblock%2C25.300.0%2CN%3Bsocialservices%2C26.0.0%2CN%3Brest%2C26.0.0%2CN%3Bfileman%2C25.200.200%2CN%3Bforum%2C26.0.0%2CN%3Blanding%2C26.200.0%2CN%3Bclouds%2C25.100.0%2CN%3Bphotogallery%2C25.100.0%2CN%3Bform%2C26.0.0%2CN%3Bbitrixcloud%2C25.100.0%2CN%3Bsubscribe%2C25.0.0%2CN%3Bmessageservice%2C25.200.100%2CN%3Bui%2C26.150.0%2CN%3Blocation%2C25.400.0%2CN%3Bperfmon%2C25.300.0%2CN%3Bseo%2C25.100.400%2CN%3Bvote%2C26.0.0%2CN%3Btranslate%2C25.100.0%2CN%3Bsecurity%2C25.0.0%2CN%3Bbitrix.sitecorporate%2C26.0.0%2CN%3Bsearch%2C25.200.0%2CN&reqm=bitrix.sitecorporate&fullmoduleinfo=Y&SUPD_SRS=RU&SUPD_CMP=N
2026-06-15 14:09:38 -  - exec CUpdateClientPartner::GetHTTPPage
2026-06-15 14:09:38 -  - TIME GetUpdatesList(request) 0.153 sec
2026-06-15 14:09:38 -  - exec CUpdateClientPartner::ParseServerData
2026-06-15 14:09:41 -  - exec CUpdateClientPartner::GetUpdatesList
2026-06-15 14:09:41 -  - exec CUpdateClientPartner::__CollectRequestData
2026-06-15 14:09:41 -  - utf=Y&lang=ru&stable=Y&CANGZIP=Y&SUPD_DBS=MYSQL&XE=N&CLIENT_SITE=localhost&LICENSE_KEY=X&SUPD_STS=2&SUPD_URS=0&TYPENC=D&CLIENT_PHPVER=8.5.7&NGINX=Y&dbv=8.0.45&instm=main%2C26.150.0%2CY%3Bmobileapp%2C25.0.100%2CN%3Bblog%2C26.400.0%2CN%3Bb24connector%2C25.0.0%2CN%3Bhighloadblock%2C25.100.0%2CN%3Biblock%2C25.300.0%2CN%3Bsocialservices%2C26.0.0%2CN%3Brest%2C26.0.0%2CN%3Bfileman%2C25.200.200%2CN%3Bforum%2C26.0.0%2CN%3Blanding%2C26.200.0%2CN%3Bclouds%2C25.100.0%2CN%3Bphotogallery%2C25.100.0%2CN%3Bform%2C26.0.0%2CN%3Bbitrixcloud%2C25.100.0%2CN%3Bsubscribe%2C25.0.0%2CN%3Bmessageservice%2C25.200.100%2CN%3Bui%2C26.150.0%2CN%3Blocation%2C25.400.0%2CN%3Bperfmon%2C25.300.0%2CN%3Bseo%2C25.100.400%2CN%3Bvote%2C26.0.0%2CN%3Btranslate%2C25.100.0%2CN%3Bsecurity%2C25.0.0%2CN%3Bbitrix.sitecorporate%2C26.0.0%2CN%3Bsearch%2C25.200.0%2CN&reqm=bitrix.sitecorporate&fullmoduleinfo=Y&SUPD_SRS=RU&SUPD_CMP=N
2026-06-15 14:09:41 -  - exec CUpdateClientPartner::GetHTTPPage
2026-06-15 14:09:41 -  - TIME GetUpdatesList(request) 0.179 sec
2026-06-15 14:09:41 -  - exec CUpdateClientPartner::ParseServerData
2026-06-15 14:09:42 -  - exec CUpdateClientPartner::GetUpdatesList
2026-06-15 14:09:42 -  - exec CUpdateClientPartner::__CollectRequestData
2026-06-15 14:09:42 -  - utf=Y&lang=ru&stable=Y&CANGZIP=Y&SUPD_DBS=MYSQL&XE=N&CLIENT_SITE=localhost&LICENSE_KEY=X&SUPD_STS=2&SUPD_URS=0&TYPENC=D&CLIENT_PHPVER=8.5.7&NGINX=Y&dbv=8.0.45&instm=main%2C26.150.0%2CY%3Bmobileapp%2C25.0.100%2CN%3Bblog%2C26.400.0%2CN%3Bb24connector%2C25.0.0%2CN%3Bhighloadblock%2C25.100.0%2CN%3Biblock%2C25.300.0%2CN%3Bsocialservices%2C26.0.0%2CN%3Brest%2C26.0.0%2CN%3Bfileman%2C25.200.200%2CN%3Bforum%2C26.0.0%2CN%3Blanding%2C26.200.0%2CN%3Bclouds%2C25.100.0%2CN%3Bphotogallery%2C25.100.0%2CN%3Bform%2C26.0.0%2CN%3Bbitrixcloud%2C25.100.0%2CN%3Bsubscribe%2C25.0.0%2CN%3Bmessageservice%2C25.200.100%2CN%3Bui%2C26.150.0%2CN%3Blocation%2C25.400.0%2CN%3Bperfmon%2C25.300.0%2CN%3Bseo%2C25.100.400%2CN%3Bvote%2C26.0.0%2CN%3Btranslate%2C25.100.0%2CN%3Bsecurity%2C25.0.0%2CN%3Bbitrix.sitecorporate%2C26.0.0%2CN%3Bsearch%2C25.200.0%2CN&reqm=bitrix.sitecorporate&fullmoduleinfo=Y&SUPD_SRS=RU&SUPD_CMP=N
2026-06-15 14:09:42 -  - exec CUpdateClientPartner::GetHTTPPage
2026-06-15 14:09:42 -  - TIME GetUpdatesList(request) 0.178 sec
2026-06-15 14:09:42 -  - exec CUpdateClientPartner::ParseServerData
2026-06-15 14:09:47 -  - exec CUpdateClientPartner::GetUpdatesList
2026-06-15 14:09:47 -  - exec CUpdateClientPartner::__CollectRequestData
2026-06-15 14:09:47 -  - utf=Y&lang=ru&stable=Y&CANGZIP=Y&SUPD_DBS=MYSQL&XE=N&CLIENT_SITE=localhost&LICENSE_KEY=X&SUPD_STS=2&SUPD_URS=0&TYPENC=D&CLIENT_PHPVER=8.5.7&NGINX=Y&dbv=8.0.45&instm=main%2C26.150.0%2CY%3Bmobileapp%2C25.0.100%2CN%3Bblog%2C26.400.0%2CN%3Bb24connector%2C25.0.0%2CN%3Bhighloadblock%2C25.100.0%2CN%3Biblock%2C25.300.0%2CN%3Bsocialservices%2C26.0.0%2CN%3Brest%2C26.0.0%2CN%3Bfileman%2C25.200.200%2CN%3Bforum%2C26.0.0%2CN%3Blanding%2C26.200.0%2CN%3Bclouds%2C25.100.0%2CN%3Bphotogallery%2C25.100.0%2CN%3Bform%2C26.0.0%2CN%3Bbitrixcloud%2C25.100.0%2CN%3Bsubscribe%2C25.0.0%2CN%3Bmessageservice%2C25.200.100%2CN%3Bui%2C26.150.0%2CN%3Blocation%2C25.400.0%2CN%3Bperfmon%2C25.300.0%2CN%3Bseo%2C25.100.400%2CN%3Bvote%2C26.0.0%2CN%3Btranslate%2C25.100.0%2CN%3Bsecurity%2C25.0.0%2CN%3Bbitrix.sitecorporate%2C26.0.0%2CN%3Bsearch%2C25.200.0%2CN&reqm=bitrix.sitecorporate&fullmoduleinfo=Y&SUPD_SRS=RU&SUPD_CMP=N
2026-06-15 14:09:47 -  - exec CUpdateClientPartner::GetHTTPPage
2026-06-15 14:09:47 -  - TIME GetUpdatesList(request) 0.151 sec
2026-06-15 14:09:47 -  - exec CUpdateClientPartner::ParseServerData
2026-06-15 14:10:51 -  - exec CUpdateClientPartner::GetUpdatesList
2026-06-15 14:10:51 -  - exec CUpdateClientPartner::__CollectRequestData
2026-06-15 14:10:51 -  - utf=Y&lang=ru&stable=Y&CANGZIP=Y&SUPD_DBS=MYSQL&XE=N&CLIENT_SITE=localhost&LICENSE_KEY=X&SUPD_STS=2&SUPD_URS=0&TYPENC=D&CLIENT_PHPVER=8.5.7&NGINX=Y&dbv=8.0.45&instm=main%2C26.150.0%2CY%3Bmobileapp%2C25.0.100%2CN%3Bblog%2C26.400.0%2CN%3Bb24connector%2C25.0.0%2CN%3Bhighloadblock%2C25.100.0%2CN%3Biblock%2C25.300.0%2CN%3Bsocialservices%2C26.0.0%2CN%3Brest%2C26.0.0%2CN%3Bfileman%2C25.200.200%2CN%3Bforum%2C26.0.0%2CN%3Blanding%2C26.200.0%2CN%3Bclouds%2C25.100.0%2CN%3Bphotogallery%2C25.100.0%2CN%3Bform%2C26.0.0%2CN%3Bbitrixcloud%2C25.100.0%2CN%3Bsubscribe%2C25.0.0%2CN%3Bmessageservice%2C25.200.100%2CN%3Bui%2C26.150.0%2CN%3Blocation%2C25.400.0%2CN%3Bperfmon%2C25.300.0%2CN%3Bseo%2C25.100.400%2CN%3Bvote%2C26.0.0%2CN%3Btranslate%2C25.100.0%2CN%3Bsecurity%2C25.0.0%2CN%3Bbitrix.sitecorporate%2C26.0.0%2CN%3Bsearch%2C25.200.0%2CN&reqm=bitrix.sitecorporate&fullmoduleinfo=Y&SUPD_SRS=RU&SUPD_CMP=N
2026-06-15 14:10:51 -  - exec CUpdateClientPartner::GetHTTPPage
2026-06-15 14:10:52 -  - TIME GetUpdatesList(request) 0.156 sec
2026-06-15 14:10:52 -  - exec CUpdateClientPartner::ParseServerData
2026-06-15 14:19:13 -  - exec CUpdateClientPartner::GetUpdatesList
2026-06-15 14:19:13 -  - exec CUpdateClientPartner::__CollectRequestData
2026-06-15 14:19:13 -  - utf=Y&lang=ru&stable=Y&CANGZIP=Y&SUPD_DBS=MYSQL&XE=N&CLIENT_SITE=localhost&LICENSE_KEY=X&SUPD_STS=2&SUPD_URS=0&TYPENC=D&CLIENT_PHPVER=8.5.7&NGINX=Y&dbv=8.0.45&instm=main%2C26.150.0%2CY%3Bmobileapp%2C25.0.100%2CN%3Bblog%2C26.400.0%2CN%3Bb24connector%2C25.0.0%2CN%3Bhighloadblock%2C25.100.0%2CN%3Biblock%2C25.300.0%2CN%3Bsocialservices%2C26.0.0%2CN%3Brest%2C26.0.0%2CN%3Bfileman%2C25.200.200%2CN%3Bforum%2C26.0.0%2CN%3Blanding%2C26.200.0%2CN%3Bclouds%2C25.100.0%2CN%3Bphotogallery%2C25.100.0%2CN%3Bform%2C26.0.0%2CN%3Bbitrixcloud%2C25.100.0%2CN%3Bsubscribe%2C25.0.0%2CN%3Bmessageservice%2C25.200.100%2CN%3Bui%2C26.150.0%2CN%3Blocation%2C25.400.0%2CN%3Bperfmon%2C25.300.0%2CN%3Bseo%2C25.100.400%2CN%3Bvote%2C26.0.0%2CN%3Btranslate%2C25.100.0%2CN%3Bsecurity%2C25.0.0%2CN%3Bbitrix.sitecorporate%2C26.0.0%2CN%3Bsearch%2C25.200.0%2CN&reqm=bitrix.sitecorporate&fullmoduleinfo=Y&SUPD_SRS=RU&SUPD_CMP=N
2026-06-15 14:19:13 -  - exec CUpdateClientPartner::GetHTTPPage
2026-06-15 14:19:13 -  - TIME GetUpdatesList(request) 0.138 sec
2026-06-15 14:19:13 -  - exec CUpdateClientPartner::ParseServerData
2026-06-15 14:20:36 -  - exec CUpdateClientPartner::GetUpdatesList
2026-06-15 14:20:36 -  - exec CUpdateClientPartner::__CollectRequestData
2026-06-15 14:20:36 -  - utf=Y&lang=ru&stable=Y&CANGZIP=Y&SUPD_DBS=MYSQL&XE=N&CLIENT_SITE=localhost&LICENSE_KEY=X&SUPD_STS=2&SUPD_URS=0&TYPENC=D&CLIENT_PHPVER=8.5.7&NGINX=Y&dbv=8.0.45&instm=main%2C26.150.0%2CY%3Bmobileapp%2C25.0.100%2CN%3Bblog%2C26.400.0%2CN%3Bb24connector%2C25.0.0%2CN%3Bhighloadblock%2C25.100.0%2CN%3Biblock%2C25.300.0%2CN%3Bsocialservices%2C26.0.0%2CN%3Brest%2C26.0.0%2CN%3Bfileman%2C25.200.200%2CN%3Bforum%2C26.0.0%2CN%3Blanding%2C26.200.0%2CN%3Bclouds%2C25.100.0%2CN%3Bphotogallery%2C25.100.0%2CN%3Bform%2C26.0.0%2CN%3Bbitrixcloud%2C25.100.0%2CN%3Bsubscribe%2C25.0.0%2CN%3Bmessageservice%2C25.200.100%2CN%3Bui%2C26.150.0%2CN%3Blocation%2C25.400.0%2CN%3Bperfmon%2C25.300.0%2CN%3Bseo%2C25.100.400%2CN%3Bvote%2C26.0.0%2CN%3Btranslate%2C25.100.0%2CN%3Bsecurity%2C25.0.0%2CN%3Bbitrix.sitecorporate%2C26.0.0%2CN%3Bsearch%2C25.200.0%2CN&reqm=bitrix.sitecorporate&fullmoduleinfo=Y&SUPD_SRS=RU&SUPD_CMP=N
2026-06-15 14:20:36 -  - exec CUpdateClientPartner::GetHTTPPage
2026-06-15 14:20:36 -  - TIME GetUpdatesList(request) 0.152 sec
2026-06-15 14:20:36 -  - exec CUpdateClientPartner::ParseServerData
2026-06-15 14:20:37 -  - exec CUpdateClientPartner::GetUpdatesList
2026-06-15 14:20:37 -  - exec CUpdateClientPartner::__CollectRequestData
2026-06-15 14:20:37 -  - utf=Y&lang=ru&stable=Y&CANGZIP=Y&SUPD_DBS=MYSQL&XE=N&CLIENT_SITE=localhost&LICENSE_KEY=X&SUPD_STS=2&SUPD_URS=0&TYPENC=D&CLIENT_PHPVER=8.5.7&NGINX=Y&dbv=8.0.45&instm=main%2C26.150.0%2CY%3Bmobileapp%2C25.0.100%2CN%3Bblog%2C26.400.0%2CN%3Bb24connector%2C25.0.0%2CN%3Bhighloadblock%2C25.100.0%2CN%3Biblock%2C25.300.0%2CN%3Bsocialservices%2C26.0.0%2CN%3Brest%2C26.0.0%2CN%3Bfileman%2C25.200.200%2CN%3Bforum%2C26.0.0%2CN%3Blanding%2C26.200.0%2CN%3Bclouds%2C25.100.0%2CN%3Bphotogallery%2C25.100.0%2CN%3Bform%2C26.0.0%2CN%3Bbitrixcloud%2C25.100.0%2CN%3Bsubscribe%2C25.0.0%2CN%3Bmessageservice%2C25.200.100%2CN%3Bui%2C26.150.0%2CN%3Blocation%2C25.400.0%2CN%3Bperfmon%2C25.300.0%2CN%3Bseo%2C25.100.400%2CN%3Bvote%2C26.0.0%2CN%3Btranslate%2C25.100.0%2CN%3Bsecurity%2C25.0.0%2CN%3Bbitrix.sitecorporate%2C26.0.0%2CN%3Bsearch%2C25.200.0%2CN&reqm=bitrix.sitecorporate&fullmoduleinfo=Y&SUPD_SRS=RU&SUPD_CMP=N
2026-06-15 14:20:37 -  - exec CUpdateClientPartner::GetHTTPPage
2026-06-15 14:20:37 -  - TIME GetUpdatesList(request) 0.165 sec
2026-06-15 14:20:37 -  - exec CUpdateClientPartner::ParseServerData
2026-06-15 14:20:40 -  - exec CUpdateClientPartner::GetUpdatesList
2026-06-15 14:20:40 -  - exec CUpdateClientPartner::__CollectRequestData
2026-06-15 14:20:40 -  - utf=Y&lang=ru&stable=Y&CANGZIP=Y&SUPD_DBS=MYSQL&XE=N&CLIENT_SITE=localhost&LICENSE_KEY=X&SUPD_STS=2&SUPD_URS=0&TYPENC=D&CLIENT_PHPVER=8.5.7&NGINX=Y&dbv=8.0.45&instm=main%2C26.150.0%2CY%3Bmobileapp%2C25.0.100%2CN%3Bblog%2C26.400.0%2CN%3Bb24connector%2C25.0.0%2CN%3Bhighloadblock%2C25.100.0%2CN%3Biblock%2C25.300.0%2CN%3Bsocialservices%2C26.0.0%2CN%3Brest%2C26.0.0%2CN%3Bfileman%2C25.200.200%2CN%3Bforum%2C26.0.0%2CN%3Blanding%2C26.200.0%2CN%3Bclouds%2C25.100.0%2CN%3Bphotogallery%2C25.100.0%2CN%3Bform%2C26.0.0%2CN%3Bbitrixcloud%2C25.100.0%2CN%3Bsubscribe%2C25.0.0%2CN%3Bmessageservice%2C25.200.100%2CN%3Bui%2C26.150.0%2CN%3Blocation%2C25.400.0%2CN%3Bperfmon%2C25.300.0%2CN%3Bseo%2C25.100.400%2CN%3Bvote%2C26.0.0%2CN%3Btranslate%2C25.100.0%2CN%3Bsecurity%2C25.0.0%2CN%3Bbitrix.sitecorporate%2C26.0.0%2CN%3Bsearch%2C25.200.0%2CN&reqm=bitrix.sitecorporate&fullmoduleinfo=Y&SUPD_SRS=RU&SUPD_CMP=N
2026-06-15 14:20:40 -  - exec CUpdateClientPartner::GetHTTPPage
2026-06-15 14:20:40 -  - TIME GetUpdatesList(request) 0.148 sec
2026-06-15 14:20:40 -  - exec CUpdateClientPartner::ParseServerData
2026-06-15 14:20:41 -  - exec CUpdateClientPartner::GetUpdatesList
2026-06-15 14:20:41 -  - exec CUpdateClientPartner::__CollectRequestData
2026-06-15 14:20:41 -  - utf=Y&lang=ru&stable=Y&CANGZIP=Y&SUPD_DBS=MYSQL&XE=N&CLIENT_SITE=localhost&LICENSE_KEY=X&SUPD_STS=2&SUPD_URS=0&TYPENC=D&CLIENT_PHPVER=8.5.7&NGINX=Y&dbv=8.0.45&instm=main%2C26.150.0%2CY%3Bmobileapp%2C25.0.100%2CN%3Bblog%2C26.400.0%2CN%3Bb24connector%2C25.0.0%2CN%3Bhighloadblock%2C25.100.0%2CN%3Biblock%2C25.300.0%2CN%3Bsocialservices%2C26.0.0%2CN%3Brest%2C26.0.0%2CN%3Bfileman%2C25.200.200%2CN%3Bforum%2C26.0.0%2CN%3Blanding%2C26.200.0%2CN%3Bclouds%2C25.100.0%2CN%3Bphotogallery%2C25.100.0%2CN%3Bform%2C26.0.0%2CN%3Bbitrixcloud%2C25.100.0%2CN%3Bsubscribe%2C25.0.0%2CN%3Bmessageservice%2C25.200.100%2CN%3Bui%2C26.150.0%2CN%3Blocation%2C25.400.0%2CN%3Bperfmon%2C25.300.0%2CN%3Bseo%2C25.100.400%2CN%3Bvote%2C26.0.0%2CN%3Btranslate%2C25.100.0%2CN%3Bsecurity%2C25.0.0%2CN%3Bbitrix.sitecorporate%2C26.0.0%2CN%3Bsearch%2C25.200.0%2CN&reqm=bitrix.sitecorporate&fullmoduleinfo=Y&SUPD_SRS=RU&SUPD_CMP=N
2026-06-15 14:20:41 -  - exec CUpdateClientPartner::GetHTTPPage
2026-06-15 14:20:41 -  - TIME GetUpdatesList(request) 0.243 sec
2026-06-15 14:20:41 -  - exec CUpdateClientPartner::ParseServerData
2026-06-15 14:20:49 -  - exec CUpdateClientPartner::GetUpdatesList
2026-06-15 14:20:49 -  - exec CUpdateClientPartner::__CollectRequestData
2026-06-15 14:20:49 -  - utf=Y&lang=ru&stable=Y&CANGZIP=Y&SUPD_DBS=MYSQL&XE=N&CLIENT_SITE=localhost&LICENSE_KEY=X&SUPD_STS=2&SUPD_URS=0&TYPENC=D&CLIENT_PHPVER=8.5.7&NGINX=Y&dbv=8.0.45&instm=main%2C26.150.0%2CY%3Bmobileapp%2C25.0.100%2CN%3Bblog%2C26.400.0%2CN%3Bb24connector%2C25.0.0%2CN%3Bhighloadblock%2C25.100.0%2CN%3Biblock%2C25.300.0%2CN%3Bsocialservices%2C26.0.0%2CN%3Brest%2C26.0.0%2CN%3Bfileman%2C25.200.200%2CN%3Bforum%2C26.0.0%2CN%3Blanding%2C26.200.0%2CN%3Bclouds%2C25.100.0%2CN%3Bphotogallery%2C25.100.0%2CN%3Bform%2C26.0.0%2CN%3Bbitrixcloud%2C25.100.0%2CN%3Bsubscribe%2C25.0.0%2CN%3Bmessageservice%2C25.200.100%2CN%3Bui%2C26.150.0%2CN%3Blocation%2C25.400.0%2CN%3Bperfmon%2C25.300.0%2CN%3Bseo%2C25.100.400%2CN%3Bvote%2C26.0.0%2CN%3Btranslate%2C25.100.0%2CN%3Bsecurity%2C25.0.0%2CN%3Bbitrix.sitecorporate%2C26.0.0%2CN%3Bsearch%2C25.200.0%2CN&reqm=bitrix.sitecorporate&fullmoduleinfo=Y&SUPD_SRS=RU&SUPD_CMP=N
2026-06-15 14:20:49 -  - exec CUpdateClientPartner::GetHTTPPage
2026-06-15 14:20:49 -  - TIME GetUpdatesList(request) 0.168 sec
2026-06-15 14:20:49 -  - exec CUpdateClientPartner::ParseServerData
2026-06-15 14:20:49 -  - exec CUpdateClientPartner::GetUpdatesList
2026-06-15 14:20:49 -  - exec CUpdateClientPartner::__CollectRequestData
2026-06-15 14:20:49 -  - utf=Y&lang=ru&stable=Y&CANGZIP=Y&SUPD_DBS=MYSQL&XE=N&CLIENT_SITE=localhost&LICENSE_KEY=X&SUPD_STS=2&SUPD_URS=0&TYPENC=D&CLIENT_PHPVER=8.5.7&NGINX=Y&dbv=8.0.45&instm=main%2C26.150.0%2CY%3Bmobileapp%2C25.0.100%2CN%3Bblog%2C26.400.0%2CN%3Bb24connector%2C25.0.0%2CN%3Bhighloadblock%2C25.100.0%2CN%3Biblock%2C25.300.0%2CN%3Bsocialservices%2C26.0.0%2CN%3Brest%2C26.0.0%2CN%3Bfileman%2C25.200.200%2CN%3Bforum%2C26.0.0%2CN%3Blanding%2C26.200.0%2CN%3Bclouds%2C25.100.0%2CN%3Bphotogallery%2C25.100.0%2CN%3Bform%2C26.0.0%2CN%3Bbitrixcloud%2C25.100.0%2CN%3Bsubscribe%2C25.0.0%2CN%3Bmessageservice%2C25.200.100%2CN%3Bui%2C26.150.0%2CN%3Blocation%2C25.400.0%2CN%3Bperfmon%2C25.300.0%2CN%3Bseo%2C25.100.400%2CN%3Bvote%2C26.0.0%2CN%3Btranslate%2C25.100.0%2CN%3Bsecurity%2C25.0.0%2CN%3Bbitrix.sitecorporate%2C26.0.0%2CN%3Bsearch%2C25.200.0%2CN&reqm=bitrix.sitecorporate&fullmoduleinfo=Y&SUPD_SRS=RU&SUPD_CMP=N
2026-06-15 14:20:49 -  - exec CUpdateClientPartner::GetHTTPPage
2026-06-15 14:20:49 -  - TIME GetUpdatesList(request) 0.139 sec
2026-06-15 14:20:49 -  - exec CUpdateClientPartner::ParseServerData
2026-06-15 14:20:56 -  - exec CUpdateClientPartner::GetUpdatesList
2026-06-15 14:20:56 -  - exec CUpdateClientPartner::__CollectRequestData
2026-06-15 14:20:56 -  - utf=Y&lang=ru&stable=Y&CANGZIP=Y&SUPD_DBS=MYSQL&XE=N&CLIENT_SITE=localhost&LICENSE_KEY=X&SUPD_STS=2&SUPD_URS=0&TYPENC=D&CLIENT_PHPVER=8.5.7&NGINX=Y&dbv=8.0.45&instm=main%2C26.150.0%2CY%3Bmobileapp%2C25.0.100%2CN%3Bblog%2C26.400.0%2CN%3Bb24connector%2C25.0.0%2CN%3Bhighloadblock%2C25.100.0%2CN%3Biblock%2C25.300.0%2CN%3Bsocialservices%2C26.0.0%2CN%3Brest%2C26.0.0%2CN%3Bfileman%2C25.200.200%2CN%3Bforum%2C26.0.0%2CN%3Blanding%2C26.200.0%2CN%3Bclouds%2C25.100.0%2CN%3Bphotogallery%2C25.100.0%2CN%3Bform%2C26.0.0%2CN%3Bbitrixcloud%2C25.100.0%2CN%3Bsubscribe%2C25.0.0%2CN%3Bmessageservice%2C25.200.100%2CN%3Bui%2C26.150.0%2CN%3Blocation%2C25.400.0%2CN%3Bperfmon%2C25.300.0%2CN%3Bseo%2C25.100.400%2CN%3Bvote%2C26.0.0%2CN%3Btranslate%2C25.100.0%2CN%3Bsecurity%2C25.0.0%2CN%3Bbitrix.sitecorporate%2C26.0.0%2CN%3Bsearch%2C25.200.0%2CN&reqm=bitrix.sitecorporate&fullmoduleinfo=Y&SUPD_SRS=RU&SUPD_CMP=N
2026-06-15 14:20:56 -  - exec CUpdateClientPartner::GetHTTPPage
2026-06-15 14:20:56 -  - TIME GetUpdatesList(request) 0.158 sec
2026-06-15 14:20:56 -  - exec CUpdateClientPartner::ParseServerData
2026-06-15 14:20:57 -  - exec CUpdateClientPartner::GetUpdatesList
2026-06-15 14:20:57 -  - exec CUpdateClientPartner::__CollectRequestData
2026-06-15 14:20:57 -  - utf=Y&lang=ru&stable=Y&CANGZIP=Y&SUPD_DBS=MYSQL&XE=N&CLIENT_SITE=localhost&LICENSE_KEY=X&SUPD_STS=2&SUPD_URS=0&TYPENC=D&CLIENT_PHPVER=8.5.7&NGINX=Y&dbv=8.0.45&instm=main%2C26.150.0%2CY%3Bmobileapp%2C25.0.100%2CN%3Bblog%2C26.400.0%2CN%3Bb24connector%2C25.0.0%2CN%3Bhighloadblock%2C25.100.0%2CN%3Biblock%2C25.300.0%2CN%3Bsocialservices%2C26.0.0%2CN%3Brest%2C26.0.0%2CN%3Bfileman%2C25.200.200%2CN%3Bforum%2C26.0.0%2CN%3Blanding%2C26.200.0%2CN%3Bclouds%2C25.100.0%2CN%3Bphotogallery%2C25.100.0%2CN%3Bform%2C26.0.0%2CN%3Bbitrixcloud%2C25.100.0%2CN%3Bsubscribe%2C25.0.0%2CN%3Bmessageservice%2C25.200.100%2CN%3Bui%2C26.150.0%2CN%3Blocation%2C25.400.0%2CN%3Bperfmon%2C25.300.0%2CN%3Bseo%2C25.100.400%2CN%3Bvote%2C26.0.0%2CN%3Btranslate%2C25.100.0%2CN%3Bsecurity%2C25.0.0%2CN%3Bbitrix.sitecorporate%2C26.0.0%2CN%3Bsearch%2C25.200.0%2CN&reqm=bitrix.sitecorporate&fullmoduleinfo=Y&SUPD_SRS=RU&SUPD_CMP=N
2026-06-15 14:20:57 -  - exec CUpdateClientPartner::GetHTTPPage
2026-06-15 14:20:57 -  - TIME GetUpdatesList(request) 0.163 sec
2026-06-15 14:20:57 -  - exec CUpdateClientPartner::ParseServerData
2026-06-15 14:23:53 -  - exec CUpdateClientPartner::GetUpdatesList
2026-06-15 14:23:53 -  - exec CUpdateClientPartner::__CollectRequestData
2026-06-15 14:23:53 -  - utf=Y&lang=ru&stable=Y&CANGZIP=Y&SUPD_DBS=MYSQL&XE=N&CLIENT_SITE=localhost&LICENSE_KEY=X&SUPD_STS=2&SUPD_URS=0&TYPENC=D&CLIENT_PHPVER=8.5.7&NGINX=Y&dbv=8.0.45&instm=main%2C26.150.0%2CY%3Bmobileapp%2C25.0.100%2CN%3Bblog%2C26.400.0%2CN%3Bb24connector%2C25.0.0%2CN%3Bhighloadblock%2C25.100.0%2CN%3Biblock%2C25.300.0%2CN%3Bsocialservices%2C26.0.0%2CN%3Brest%2C26.0.0%2CN%3Bfileman%2C25.200.200%2CN%3Bforum%2C26.0.0%2CN%3Blanding%2C26.200.0%2CN%3Bclouds%2C25.100.0%2CN%3Bphotogallery%2C25.100.0%2CN%3Bform%2C26.0.0%2CN%3Bbitrixcloud%2C25.100.0%2CN%3Bsubscribe%2C25.0.0%2CN%3Bmessageservice%2C25.200.100%2CN%3Bui%2C26.150.0%2CN%3Blocation%2C25.400.0%2CN%3Bperfmon%2C25.300.0%2CN%3Bseo%2C25.100.400%2CN%3Bvote%2C26.0.0%2CN%3Btranslate%2C25.100.0%2CN%3Bsecurity%2C25.0.0%2CN%3Bbitrix.sitecorporate%2C26.0.0%2CN%3Bsearch%2C25.200.0%2CN&reqm=bitrix.sitecorporate&fullmoduleinfo=Y&SUPD_SRS=RU&SUPD_CMP=N
2026-06-15 14:23:53 -  - exec CUpdateClientPartner::GetHTTPPage
2026-06-15 14:23:53 -  - TIME GetUpdatesList(request) 0.158 sec
2026-06-15 14:23:53 -  - exec CUpdateClientPartner::ParseServerData
2026-06-15 16:58:27 -  - exec CUpdateClientPartner::GetUpdatesList
2026-06-15 16:58:27 -  - exec CUpdateClientPartner::__CollectRequestData
2026-06-15 16:58:28 -  - utf=Y&lang=ru&stable=Y&CANGZIP=Y&SUPD_DBS=MYSQL&XE=N&CLIENT_SITE=localhost&LICENSE_KEY=X&SUPD_STS=2&SUPD_URS=0&TYPENC=D&CLIENT_PHPVER=8.5.7&NGINX=Y&dbv=8.0.45&instm=main%2C26.150.0%2CY%3Bmobileapp%2C25.0.100%2CN%3Bblog%2C26.400.0%2CN%3Bb24connector%2C25.0.0%2CN%3Bhighloadblock%2C25.100.0%2CN%3Biblock%2C25.300.0%2CN%3Bsocialservices%2C26.0.0%2CN%3Brest%2C26.0.0%2CN%3Bfileman%2C25.200.200%2CN%3Bforum%2C26.0.0%2CN%3Blanding%2C26.200.0%2CN%3Bclouds%2C25.100.0%2CN%3Bphotogallery%2C25.100.0%2CN%3Bform%2C26.0.0%2CN%3Bbitrixcloud%2C25.100.0%2CN%3Bsubscribe%2C25.0.0%2CN%3Bmessageservice%2C25.200.100%2CN%3Bui%2C26.150.0%2CN%3Blocation%2C25.400.0%2CN%3Bperfmon%2C25.300.0%2CN%3Bseo%2C25.100.400%2CN%3Bvote%2C26.0.0%2CN%3Btranslate%2C25.100.0%2CN%3Bsecurity%2C25.0.0%2CN%3Bbitrix.sitecorporate%2C26.0.0%2CN%3Bsearch%2C25.200.0%2CN&reqm=bitrix.sitecorporate&fullmoduleinfo=Y&SUPD_SRS=RU&SUPD_CMP=N
2026-06-15 16:58:28 -  - exec CUpdateClientPartner::GetHTTPPage
2026-06-15 16:58:28 -  - TIME GetUpdatesList(request) 0.314 sec
2026-06-15 16:58:28 -  - exec CUpdateClientPartner::ParseServerData
2026-06-15 16:58:31 -  - exec CUpdateClientPartner::GetUpdatesList
2026-06-15 16:58:31 -  - exec CUpdateClientPartner::__CollectRequestData
2026-06-15 16:58:31 -  - utf=Y&lang=ru&stable=Y&CANGZIP=Y&SUPD_DBS=MYSQL&XE=N&CLIENT_SITE=localhost&LICENSE_KEY=X&SUPD_STS=2&SUPD_URS=0&TYPENC=D&CLIENT_PHPVER=8.5.7&NGINX=Y&dbv=8.0.45&instm=main%2C26.150.0%2CY%3Bmobileapp%2C25.0.100%2CN%3Bblog%2C26.400.0%2CN%3Bb24connector%2C25.0.0%2CN%3Bhighloadblock%2C25.100.0%2CN%3Biblock%2C25.300.0%2CN%3Bsocialservices%2C26.0.0%2CN%3Brest%2C26.0.0%2CN%3Bfileman%2C25.200.200%2CN%3Bforum%2C26.0.0%2CN%3Blanding%2C26.200.0%2CN%3Bclouds%2C25.100.0%2CN%3Bphotogallery%2C25.100.0%2CN%3Bform%2C26.0.0%2CN%3Bbitrixcloud%2C25.100.0%2CN%3Bsubscribe%2C25.0.0%2CN%3Bmessageservice%2C25.200.100%2CN%3Bui%2C26.150.0%2CN%3Blocation%2C25.400.0%2CN%3Bperfmon%2C25.300.0%2CN%3Bseo%2C25.100.400%2CN%3Bvote%2C26.0.0%2CN%3Btranslate%2C25.100.0%2CN%3Bsecurity%2C25.0.0%2CN%3Bbitrix.sitecorporate%2C26.0.0%2CN%3Bsearch%2C25.200.0%2CN&reqm=bitrix.sitecorporate&fullmoduleinfo=Y&SUPD_SRS=RU&SUPD_CMP=N
2026-06-15 16:58:31 -  - exec CUpdateClientPartner::GetHTTPPage
2026-06-15 16:58:31 -  - TIME GetUpdatesList(request) 0.139 sec
2026-06-15 16:58:31 -  - exec CUpdateClientPartner::ParseServerData
2026-06-15 16:58:32 -  - exec CUpdateClientPartner::GetUpdatesList
2026-06-15 16:58:32 -  - exec CUpdateClientPartner::__CollectRequestData
2026-06-15 16:58:32 -  - utf=Y&lang=ru&stable=Y&CANGZIP=Y&SUPD_DBS=MYSQL&XE=N&CLIENT_SITE=localhost&LICENSE_KEY=X&SUPD_STS=2&SUPD_URS=0&TYPENC=D&CLIENT_PHPVER=8.5.7&NGINX=Y&dbv=8.0.45&instm=main%2C26.150.0%2CY%3Bmobileapp%2C25.0.100%2CN%3Bblog%2C26.400.0%2CN%3Bb24connector%2C25.0.0%2CN%3Bhighloadblock%2C25.100.0%2CN%3Biblock%2C25.300.0%2CN%3Bsocialservices%2C26.0.0%2CN%3Brest%2C26.0.0%2CN%3Bfileman%2C25.200.200%2CN%3Bforum%2C26.0.0%2CN%3Blanding%2C26.200.0%2CN%3Bclouds%2C25.100.0%2CN%3Bphotogallery%2C25.100.0%2CN%3Bform%2C26.0.0%2CN%3Bbitrixcloud%2C25.100.0%2CN%3Bsubscribe%2C25.0.0%2CN%3Bmessageservice%2C25.200.100%2CN%3Bui%2C26.150.0%2CN%3Blocation%2C25.400.0%2CN%3Bperfmon%2C25.300.0%2CN%3Bseo%2C25.100.400%2CN%3Bvote%2C26.0.0%2CN%3Btranslate%2C25.100.0%2CN%3Bsecurity%2C25.0.0%2CN%3Bbitrix.sitecorporate%2C26.0.0%2CN%3Bsearch%2C25.200.0%2CN&reqm=bitrix.sitecorporate&fullmoduleinfo=Y&SUPD_SRS=RU&SUPD_CMP=N
2026-06-15 16:58:32 -  - exec CUpdateClientPartner::GetHTTPPage
2026-06-15 16:58:32 -  - TIME GetUpdatesList(request) 0.159 sec
2026-06-15 16:58:32 -  - exec CUpdateClientPartner::ParseServerData
2026-06-15 16:59:04 -  - exec CUpdateClientPartner::GetUpdatesList
2026-06-15 16:59:04 -  - exec CUpdateClientPartner::__CollectRequestData
2026-06-15 16:59:04 -  - utf=Y&lang=ru&stable=Y&CANGZIP=Y&SUPD_DBS=MYSQL&XE=N&CLIENT_SITE=localhost&LICENSE_KEY=X&SUPD_STS=2&SUPD_URS=0&TYPENC=D&CLIENT_PHPVER=8.5.7&NGINX=Y&dbv=8.0.45&instm=main%2C26.150.0%2CY%3Bmobileapp%2C25.0.100%2CN%3Bblog%2C26.400.0%2CN%3Bb24connector%2C25.0.0%2CN%3Bhighloadblock%2C25.100.0%2CN%3Biblock%2C25.300.0%2CN%3Bsocialservices%2C26.0.0%2CN%3Brest%2C26.0.0%2CN%3Bfileman%2C25.200.200%2CN%3Bforum%2C26.0.0%2CN%3Blanding%2C26.200.0%2CN%3Bclouds%2C25.100.0%2CN%3Bphotogallery%2C25.100.0%2CN%3Bform%2C26.0.0%2CN%3Bbitrixcloud%2C25.100.0%2CN%3Bsubscribe%2C25.0.0%2CN%3Bmessageservice%2C25.200.100%2CN%3Bui%2C26.150.0%2CN%3Blocation%2C25.400.0%2CN%3Bperfmon%2C25.300.0%2CN%3Bseo%2C25.100.400%2CN%3Bvote%2C26.0.0%2CN%3Btranslate%2C25.100.0%2CN%3Bsecurity%2C25.0.0%2CN%3Bbitrix.sitecorporate%2C26.0.0%2CN%3Bsearch%2C25.200.0%2CN&reqm=bitrix.sitecorporate&fullmoduleinfo=Y&SUPD_SRS=RU&SUPD_CMP=N
2026-06-15 16:59:04 -  - exec CUpdateClientPartner::GetHTTPPage
2026-06-15 16:59:04 -  - TIME GetUpdatesList(request) 0.152 sec
2026-06-15 16:59:04 -  - exec CUpdateClientPartner::ParseServerData
2026-06-15 16:59:05 -  - exec CUpdateClientPartner::GetUpdatesList
2026-06-15 16:59:05 -  - exec CUpdateClientPartner::__CollectRequestData
2026-06-15 16:59:05 -  - utf=Y&lang=ru&stable=Y&CANGZIP=Y&SUPD_DBS=MYSQL&XE=N&CLIENT_SITE=localhost&LICENSE_KEY=X&SUPD_STS=2&SUPD_URS=0&TYPENC=D&CLIENT_PHPVER=8.5.7&NGINX=Y&dbv=8.0.45&instm=main%2C26.150.0%2CY%3Bmobileapp%2C25.0.100%2CN%3Bblog%2C26.400.0%2CN%3Bb24connector%2C25.0.0%2CN%3Bhighloadblock%2C25.100.0%2CN%3Biblock%2C25.300.0%2CN%3Bsocialservices%2C26.0.0%2CN%3Brest%2C26.0.0%2CN%3Bfileman%2C25.200.200%2CN%3Bforum%2C26.0.0%2CN%3Blanding%2C26.200.0%2CN%3Bclouds%2C25.100.0%2CN%3Bphotogallery%2C25.100.0%2CN%3Bform%2C26.0.0%2CN%3Bbitrixcloud%2C25.100.0%2CN%3Bsubscribe%2C25.0.0%2CN%3Bmessageservice%2C25.200.100%2CN%3Bui%2C26.150.0%2CN%3Blocation%2C25.400.0%2CN%3Bperfmon%2C25.300.0%2CN%3Bseo%2C25.100.400%2CN%3Bvote%2C26.0.0%2CN%3Btranslate%2C25.100.0%2CN%3Bsecurity%2C25.0.0%2CN%3Bbitrix.sitecorporate%2C26.0.0%2CN%3Bsearch%2C25.200.0%2CN&reqm=bitrix.sitecorporate&fullmoduleinfo=Y&SUPD_SRS=RU&SUPD_CMP=N
2026-06-15 16:59:05 -  - exec CUpdateClientPartner::GetHTTPPage
2026-06-15 16:59:05 -  - TIME GetUpdatesList(request) 0.154 sec
2026-06-15 16:59:05 -  - exec CUpdateClientPartner::ParseServerData
2026-06-15 18:04:07 -  - exec CUpdateClientPartner::GetUpdatesList
2026-06-15 18:04:07 -  - exec CUpdateClientPartner::__CollectRequestData
2026-06-15 18:04:07 -  - utf=Y&lang=ru&stable=Y&CANGZIP=Y&SUPD_DBS=MYSQL&XE=N&CLIENT_SITE=localhost&LICENSE_KEY=X&SUPD_STS=2&SUPD_URS=0&TYPENC=D&CLIENT_PHPVER=8.5.7&NGINX=Y&dbv=8.0.45&instm=main%2C26.150.0%2CY%3Bmobileapp%2C25.0.100%2CN%3Bblog%2C26.400.0%2CN%3Bb24connector%2C25.0.0%2CN%3Bhighloadblock%2C25.100.0%2CN%3Biblock%2C25.300.0%2CN%3Bsocialservices%2C26.0.0%2CN%3Brest%2C26.0.0%2CN%3Bfileman%2C25.200.200%2CN%3Bforum%2C26.0.0%2CN%3Blanding%2C26.200.0%2CN%3Bclouds%2C25.100.0%2CN%3Bphotogallery%2C25.100.0%2CN%3Bform%2C26.0.0%2CN%3Bbitrixcloud%2C25.100.0%2CN%3Bsubscribe%2C25.0.0%2CN%3Bmessageservice%2C25.200.100%2CN%3Bui%2C26.150.0%2CN%3Blocation%2C25.400.0%2CN%3Bperfmon%2C25.300.0%2CN%3Bseo%2C25.100.400%2CN%3Bvote%2C26.0.0%2CN%3Btranslate%2C25.100.0%2CN%3Bsecurity%2C25.0.0%2CN%3Bbitrix.sitecorporate%2C26.0.0%2CN%3Bsearch%2C25.200.0%2CN&reqm=bitrix.sitecorporate&SUPD_SRS=RU&SUPD_CMP=N
2026-06-15 18:04:07 -  - exec CUpdateClientPartner::GetHTTPPage
2026-06-15 18:04:07 -  - TIME GetUpdatesList(request) 0.285 sec
2026-06-15 18:04:07 -  - exec CUpdateClientPartner::ParseServerData
2026-06-15 18:04:08 -  - exec CUpdateClientPartner::GetUpdatesList
2026-06-15 18:04:08 -  - exec CUpdateClientPartner::__CollectRequestData
2026-06-15 18:04:08 -  - utf=Y&lang=ru&stable=Y&CANGZIP=Y&SUPD_DBS=MYSQL&XE=N&CLIENT_SITE=localhost&LICENSE_KEY=X&SUPD_STS=2&SUPD_URS=0&TYPENC=D&CLIENT_PHPVER=8.5.7&NGINX=Y&dbv=8.0.45&instm=main%2C26.150.0%2CY%3Bmobileapp%2C25.0.100%2CN%3Bblog%2C26.400.0%2CN%3Bb24connector%2C25.0.0%2CN%3Bhighloadblock%2C25.100.0%2CN%3Biblock%2C25.300.0%2CN%3Bsocialservices%2C26.0.0%2CN%3Brest%2C26.0.0%2CN%3Bfileman%2C25.200.200%2CN%3Bforum%2C26.0.0%2CN%3Blanding%2C26.200.0%2CN%3Bclouds%2C25.100.0%2CN%3Bphotogallery%2C25.100.0%2CN%3Bform%2C26.0.0%2CN%3Bbitrixcloud%2C25.100.0%2CN%3Bsubscribe%2C25.0.0%2CN%3Bmessageservice%2C25.200.100%2CN%3Bui%2C26.150.0%2CN%3Blocation%2C25.400.0%2CN%3Bperfmon%2C25.300.0%2CN%3Bseo%2C25.100.400%2CN%3Bvote%2C26.0.0%2CN%3Btranslate%2C25.100.0%2CN%3Bsecurity%2C25.0.0%2CN%3Bbitrix.sitecorporate%2C26.0.0%2CN%3Bsearch%2C25.200.0%2CN&reqm=bitrix.sitecorporate&fullmoduleinfo=Y&SUPD_SRS=RU&SUPD_CMP=N
2026-06-15 18:04:08 -  - exec CUpdateClientPartner::GetHTTPPage
2026-06-15 18:04:08 -  - TIME GetUpdatesList(request) 0.164 sec
2026-06-15 18:04:08 -  - exec CUpdateClientPartner::ParseServerData
2026-06-15 18:04:11 -  - exec CUpdateClientPartner::GetUpdatesList
2026-06-15 18:04:11 -  - exec CUpdateClientPartner::__CollectRequestData
2026-06-15 18:04:11 -  - utf=Y&lang=ru&stable=Y&CANGZIP=Y&SUPD_DBS=MYSQL&XE=N&CLIENT_SITE=localhost&LICENSE_KEY=X&SUPD_STS=2&SUPD_URS=0&TYPENC=D&CLIENT_PHPVER=8.5.7&NGINX=Y&dbv=8.0.45&instm=main%2C26.150.0%2CY%3Bmobileapp%2C25.0.100%2CN%3Bblog%2C26.400.0%2CN%3Bb24connector%2C25.0.0%2CN%3Bhighloadblock%2C25.100.0%2CN%3Biblock%2C25.300.0%2CN%3Bsocialservices%2C26.0.0%2CN%3Brest%2C26.0.0%2CN%3Bfileman%2C25.200.200%2CN%3Bforum%2C26.0.0%2CN%3Blanding%2C26.200.0%2CN%3Bclouds%2C25.100.0%2CN%3Bphotogallery%2C25.100.0%2CN%3Bform%2C26.0.0%2CN%3Bbitrixcloud%2C25.100.0%2CN%3Bsubscribe%2C25.0.0%2CN%3Bmessageservice%2C25.200.100%2CN%3Bui%2C26.150.0%2CN%3Blocation%2C25.400.0%2CN%3Bperfmon%2C25.300.0%2CN%3Bseo%2C25.100.400%2CN%3Bvote%2C26.0.0%2CN%3Btranslate%2C25.100.0%2CN%3Bsecurity%2C25.0.0%2CN%3Bbitrix.sitecorporate%2C26.0.0%2CN%3Bsearch%2C25.200.0%2CN&reqm=bitrix.sitecorporate&fullmoduleinfo=Y&SUPD_SRS=RU&SUPD_CMP=N
2026-06-15 18:04:11 -  - exec CUpdateClientPartner::GetHTTPPage
2026-06-15 18:04:11 -  - TIME GetUpdatesList(request) 0.155 sec
2026-06-15 18:04:11 -  - exec CUpdateClientPartner::ParseServerData
2026-06-15 18:04:12 -  - exec CUpdateClientPartner::GetUpdatesList
2026-06-15 18:04:12 -  - exec CUpdateClientPartner::__CollectRequestData
2026-06-15 18:04:12 -  - utf=Y&lang=ru&stable=Y&CANGZIP=Y&SUPD_DBS=MYSQL&XE=N&CLIENT_SITE=localhost&LICENSE_KEY=X&SUPD_STS=2&SUPD_URS=0&TYPENC=D&CLIENT_PHPVER=8.5.7&NGINX=Y&dbv=8.0.45&instm=main%2C26.150.0%2CY%3Bmobileapp%2C25.0.100%2CN%3Bblog%2C26.400.0%2CN%3Bb24connector%2C25.0.0%2CN%3Bhighloadblock%2C25.100.0%2CN%3Biblock%2C25.300.0%2CN%3Bsocialservices%2C26.0.0%2CN%3Brest%2C26.0.0%2CN%3Bfileman%2C25.200.200%2CN%3Bforum%2C26.0.0%2CN%3Blanding%2C26.200.0%2CN%3Bclouds%2C25.100.0%2CN%3Bphotogallery%2C25.100.0%2CN%3Bform%2C26.0.0%2CN%3Bbitrixcloud%2C25.100.0%2CN%3Bsubscribe%2C25.0.0%2CN%3Bmessageservice%2C25.200.100%2CN%3Bui%2C26.150.0%2CN%3Blocation%2C25.400.0%2CN%3Bperfmon%2C25.300.0%2CN%3Bseo%2C25.100.400%2CN%3Bvote%2C26.0.0%2CN%3Btranslate%2C25.100.0%2CN%3Bsecurity%2C25.0.0%2CN%3Bbitrix.sitecorporate%2C26.0.0%2CN%3Bsearch%2C25.200.0%2CN&reqm=bitrix.sitecorporate&fullmoduleinfo=Y&SUPD_SRS=RU&SUPD_CMP=N
2026-06-15 18:04:12 -  - exec CUpdateClientPartner::GetHTTPPage
2026-06-15 18:04:12 -  - TIME GetUpdatesList(request) 0.179 sec
2026-06-15 18:04:12 -  - exec CUpdateClientPartner::ParseServerData
2026-06-15 18:04:16 -  - exec CUpdateClientPartner::GetUpdatesList
2026-06-15 18:04:16 -  - exec CUpdateClientPartner::__CollectRequestData
2026-06-15 18:04:16 -  - utf=Y&lang=ru&stable=Y&CANGZIP=Y&SUPD_DBS=MYSQL&XE=N&CLIENT_SITE=localhost&LICENSE_KEY=X&SUPD_STS=2&SUPD_URS=0&TYPENC=D&CLIENT_PHPVER=8.5.7&NGINX=Y&dbv=8.0.45&instm=main%2C26.150.0%2CY%3Bmobileapp%2C25.0.100%2CN%3Bblog%2C26.400.0%2CN%3Bb24connector%2C25.0.0%2CN%3Bhighloadblock%2C25.100.0%2CN%3Biblock%2C25.300.0%2CN%3Bsocialservices%2C26.0.0%2CN%3Brest%2C26.0.0%2CN%3Bfileman%2C25.200.200%2CN%3Bforum%2C26.0.0%2CN%3Blanding%2C26.200.0%2CN%3Bclouds%2C25.100.0%2CN%3Bphotogallery%2C25.100.0%2CN%3Bform%2C26.0.0%2CN%3Bbitrixcloud%2C25.100.0%2CN%3Bsubscribe%2C25.0.0%2CN%3Bmessageservice%2C25.200.100%2CN%3Bui%2C26.150.0%2CN%3Blocation%2C25.400.0%2CN%3Bperfmon%2C25.300.0%2CN%3Bseo%2C25.100.400%2CN%3Bvote%2C26.0.0%2CN%3Btranslate%2C25.100.0%2CN%3Bsecurity%2C25.0.0%2CN%3Bbitrix.sitecorporate%2C26.0.0%2CN%3Bsearch%2C25.200.0%2CN&reqm=bitrix.sitecorporate&fullmoduleinfo=Y&SUPD_SRS=RU&SUPD_CMP=N
2026-06-15 18:04:16 -  - exec CUpdateClientPartner::GetHTTPPage
2026-06-15 18:04:16 -  - TIME GetUpdatesList(request) 0.159 sec
2026-06-15 18:04:16 -  - exec CUpdateClientPartner::ParseServerData
2026-06-15 18:04:17 -  - exec CUpdateClientPartner::GetUpdatesList
2026-06-15 18:04:17 -  - exec CUpdateClientPartner::__CollectRequestData
2026-06-15 18:04:17 -  - utf=Y&lang=ru&stable=Y&CANGZIP=Y&SUPD_DBS=MYSQL&XE=N&CLIENT_SITE=localhost&LICENSE_KEY=X&SUPD_STS=2&SUPD_URS=0&TYPENC=D&CLIENT_PHPVER=8.5.7&NGINX=Y&dbv=8.0.45&instm=main%2C26.150.0%2CY%3Bmobileapp%2C25.0.100%2CN%3Bblog%2C26.400.0%2CN%3Bb24connector%2C25.0.0%2CN%3Bhighloadblock%2C25.100.0%2CN%3Biblock%2C25.300.0%2CN%3Bsocialservices%2C26.0.0%2CN%3Brest%2C26.0.0%2CN%3Bfileman%2C25.200.200%2CN%3Bforum%2C26.0.0%2CN%3Blanding%2C26.200.0%2CN%3Bclouds%2C25.100.0%2CN%3Bphotogallery%2C25.100.0%2CN%3Bform%2C26.0.0%2CN%3Bbitrixcloud%2C25.100.0%2CN%3Bsubscribe%2C25.0.0%2CN%3Bmessageservice%2C25.200.100%2CN%3Bui%2C26.150.0%2CN%3Blocation%2C25.400.0%2CN%3Bperfmon%2C25.300.0%2CN%3Bseo%2C25.100.400%2CN%3Bvote%2C26.0.0%2CN%3Btranslate%2C25.100.0%2CN%3Bsecurity%2C25.0.0%2CN%3Bbitrix.sitecorporate%2C26.0.0%2CN%3Bsearch%2C25.200.0%2CN&reqm=bitrix.sitecorporate&fullmoduleinfo=Y&SUPD_SRS=RU&SUPD_CMP=N
2026-06-15 18:04:17 -  - exec CUpdateClientPartner::GetHTTPPage
2026-06-15 18:04:17 -  - TIME GetUpdatesList(request) 0.158 sec
2026-06-15 18:04:17 -  - exec CUpdateClientPartner::ParseServerData
2026-06-15 18:06:12 -  - exec CUpdateClientPartner::GetUpdatesList
2026-06-15 18:06:12 -  - exec CUpdateClientPartner::__CollectRequestData
2026-06-15 18:06:12 -  - utf=Y&lang=ru&stable=Y&CANGZIP=Y&SUPD_DBS=MYSQL&XE=N&CLIENT_SITE=localhost&LICENSE_KEY=X&SUPD_STS=2&SUPD_URS=0&TYPENC=D&CLIENT_PHPVER=8.5.7&NGINX=Y&dbv=8.0.45&instm=main%2C26.150.0%2CY%3Bmobileapp%2C25.0.100%2CN%3Bblog%2C26.400.0%2CN%3Bb24connector%2C25.0.0%2CN%3Bhighloadblock%2C25.100.0%2CN%3Biblock%2C25.300.0%2CN%3Bsocialservices%2C26.0.0%2CN%3Brest%2C26.0.0%2CN%3Bfileman%2C25.200.200%2CN%3Bforum%2C26.0.0%2CN%3Blanding%2C26.200.0%2CN%3Bclouds%2C25.100.0%2CN%3Bphotogallery%2C25.100.0%2CN%3Bform%2C26.0.0%2CN%3Bbitrixcloud%2C25.100.0%2CN%3Bsubscribe%2C25.0.0%2CN%3Bmessageservice%2C25.200.100%2CN%3Bui%2C26.150.0%2CN%3Blocation%2C25.400.0%2CN%3Bperfmon%2C25.300.0%2CN%3Bseo%2C25.100.400%2CN%3Bvote%2C26.0.0%2CN%3Btranslate%2C25.100.0%2CN%3Bsecurity%2C25.0.0%2CN%3Bbitrix.sitecorporate%2C26.0.0%2CN%3Bsearch%2C25.200.0%2CN&reqm=bitrix.sitecorporate&fullmoduleinfo=Y&SUPD_SRS=RU&SUPD_CMP=N
2026-06-15 18:06:12 -  - exec CUpdateClientPartner::GetHTTPPage
2026-06-15 18:06:12 -  - TIME GetUpdatesList(request) 0.209 sec
2026-06-15 18:06:12 -  - exec CUpdateClientPartner::ParseServerData
2026-06-15 18:06:13 -  - exec CUpdateClientPartner::GetUpdatesList
2026-06-15 18:06:13 -  - exec CUpdateClientPartner::__CollectRequestData
2026-06-15 18:06:13 -  - utf=Y&lang=ru&stable=Y&CANGZIP=Y&SUPD_DBS=MYSQL&XE=N&CLIENT_SITE=localhost&LICENSE_KEY=X&SUPD_STS=2&SUPD_URS=0&TYPENC=D&CLIENT_PHPVER=8.5.7&NGINX=Y&dbv=8.0.45&instm=main%2C26.150.0%2CY%3Bmobileapp%2C25.0.100%2CN%3Bblog%2C26.400.0%2CN%3Bb24connector%2C25.0.0%2CN%3Bhighloadblock%2C25.100.0%2CN%3Biblock%2C25.300.0%2CN%3Bsocialservices%2C26.0.0%2CN%3Brest%2C26.0.0%2CN%3Bfileman%2C25.200.200%2CN%3Bforum%2C26.0.0%2CN%3Blanding%2C26.200.0%2CN%3Bclouds%2C25.100.0%2CN%3Bphotogallery%2C25.100.0%2CN%3Bform%2C26.0.0%2CN%3Bbitrixcloud%2C25.100.0%2CN%3Bsubscribe%2C25.0.0%2CN%3Bmessageservice%2C25.200.100%2CN%3Bui%2C26.150.0%2CN%3Blocation%2C25.400.0%2CN%3Bperfmon%2C25.300.0%2CN%3Bseo%2C25.100.400%2CN%3Bvote%2C26.0.0%2CN%3Btranslate%2C25.100.0%2CN%3Bsecurity%2C25.0.0%2CN%3Bbitrix.sitecorporate%2C26.0.0%2CN%3Bsearch%2C25.200.0%2CN&reqm=bitrix.sitecorporate&fullmoduleinfo=Y&SUPD_SRS=RU&SUPD_CMP=N
2026-06-15 18:06:13 -  - exec CUpdateClientPartner::GetHTTPPage
2026-06-15 18:06:13 -  - TIME GetUpdatesList(request) 0.16 sec
2026-06-15 18:06:13 -  - exec CUpdateClientPartner::ParseServerData
2026-06-15 18:06:16 -  - exec CUpdateClientPartner::GetUpdatesList
2026-06-15 18:06:16 -  - exec CUpdateClientPartner::__CollectRequestData
2026-06-15 18:06:16 -  - utf=Y&lang=ru&stable=Y&CANGZIP=Y&SUPD_DBS=MYSQL&XE=N&CLIENT_SITE=localhost&LICENSE_KEY=X&SUPD_STS=2&SUPD_URS=0&TYPENC=D&CLIENT_PHPVER=8.5.7&NGINX=Y&dbv=8.0.45&instm=main%2C26.150.0%2CY%3Bmobileapp%2C25.0.100%2CN%3Bblog%2C26.400.0%2CN%3Bb24connector%2C25.0.0%2CN%3Bhighloadblock%2C25.100.0%2CN%3Biblock%2C25.300.0%2CN%3Bsocialservices%2C26.0.0%2CN%3Brest%2C26.0.0%2CN%3Bfileman%2C25.200.200%2CN%3Bforum%2C26.0.0%2CN%3Blanding%2C26.200.0%2CN%3Bclouds%2C25.100.0%2CN%3Bphotogallery%2C25.100.0%2CN%3Bform%2C26.0.0%2CN%3Bbitrixcloud%2C25.100.0%2CN%3Bsubscribe%2C25.0.0%2CN%3Bmessageservice%2C25.200.100%2CN%3Bui%2C26.150.0%2CN%3Blocation%2C25.400.0%2CN%3Bperfmon%2C25.300.0%2CN%3Bseo%2C25.100.400%2CN%3Bvote%2C26.0.0%2CN%3Btranslate%2C25.100.0%2CN%3Bsecurity%2C25.0.0%2CN%3Bbitrix.sitecorporate%2C26.0.0%2CN%3Bsearch%2C25.200.0%2CN&reqm=bitrix.sitecorporate&fullmoduleinfo=Y&SUPD_SRS=RU&SUPD_CMP=N
2026-06-15 18:06:16 -  - exec CUpdateClientPartner::GetHTTPPage
2026-06-15 18:06:16 -  - TIME GetUpdatesList(request) 0.146 sec
2026-06-15 18:06:16 -  - exec CUpdateClientPartner::ParseServerData
2026-06-15 18:06:16 -  - exec CUpdateClientPartner::GetUpdatesList
2026-06-15 18:06:16 -  - exec CUpdateClientPartner::__CollectRequestData
2026-06-15 18:06:16 -  - utf=Y&lang=ru&stable=Y&CANGZIP=Y&SUPD_DBS=MYSQL&XE=N&CLIENT_SITE=localhost&LICENSE_KEY=X&SUPD_STS=2&SUPD_URS=0&TYPENC=D&CLIENT_PHPVER=8.5.7&NGINX=Y&dbv=8.0.45&instm=main%2C26.150.0%2CY%3Bmobileapp%2C25.0.100%2CN%3Bblog%2C26.400.0%2CN%3Bb24connector%2C25.0.0%2CN%3Bhighloadblock%2C25.100.0%2CN%3Biblock%2C25.300.0%2CN%3Bsocialservices%2C26.0.0%2CN%3Brest%2C26.0.0%2CN%3Bfileman%2C25.200.200%2CN%3Bforum%2C26.0.0%2CN%3Blanding%2C26.200.0%2CN%3Bclouds%2C25.100.0%2CN%3Bphotogallery%2C25.100.0%2CN%3Bform%2C26.0.0%2CN%3Bbitrixcloud%2C25.100.0%2CN%3Bsubscribe%2C25.0.0%2CN%3Bmessageservice%2C25.200.100%2CN%3Bui%2C26.150.0%2CN%3Blocation%2C25.400.0%2CN%3Bperfmon%2C25.300.0%2CN%3Bseo%2C25.100.400%2CN%3Bvote%2C26.0.0%2CN%3Btranslate%2C25.100.0%2CN%3Bsecurity%2C25.0.0%2CN%3Bbitrix.sitecorporate%2C26.0.0%2CN%3Bsearch%2C25.200.0%2CN&reqm=bitrix.sitecorporate&fullmoduleinfo=Y&SUPD_SRS=RU&SUPD_CMP=N
2026-06-15 18:06:16 -  - exec CUpdateClientPartner::GetHTTPPage
2026-06-15 18:06:17 -  - TIME GetUpdatesList(request) 0.171 sec
2026-06-15 18:06:17 -  - exec CUpdateClientPartner::ParseServerData
2026-06-15 18:08:29 -  - exec CUpdateClientPartner::GetUpdatesList
2026-06-15 18:08:29 -  - exec CUpdateClientPartner::__CollectRequestData
2026-06-15 18:08:29 -  - utf=Y&lang=ru&stable=Y&CANGZIP=Y&SUPD_DBS=MYSQL&XE=N&CLIENT_SITE=localhost&LICENSE_KEY=X&SUPD_STS=2&SUPD_URS=0&TYPENC=D&CLIENT_PHPVER=8.5.7&NGINX=Y&dbv=8.0.45&instm=main%2C26.150.0%2CY%3Bmobileapp%2C25.0.100%2CN%3Bblog%2C26.400.0%2CN%3Bb24connector%2C25.0.0%2CN%3Bhighloadblock%2C25.100.0%2CN%3Biblock%2C25.300.0%2CN%3Bsocialservices%2C26.0.0%2CN%3Brest%2C26.0.0%2CN%3Bfileman%2C25.200.200%2CN%3Bforum%2C26.0.0%2CN%3Blanding%2C26.200.0%2CN%3Bclouds%2C25.100.0%2CN%3Bphotogallery%2C25.100.0%2CN%3Bform%2C26.0.0%2CN%3Bbitrixcloud%2C25.100.0%2CN%3Bsubscribe%2C25.0.0%2CN%3Bmessageservice%2C25.200.100%2CN%3Bui%2C26.150.0%2CN%3Blocation%2C25.400.0%2CN%3Bperfmon%2C25.300.0%2CN%3Bseo%2C25.100.400%2CN%3Bvote%2C26.0.0%2CN%3Btranslate%2C25.100.0%2CN%3Bsecurity%2C25.0.0%2CN%3Bbitrix.sitecorporate%2C26.0.0%2CN%3Bsearch%2C25.200.0%2CN&reqm=bitrix.sitecorporate&fullmoduleinfo=Y&SUPD_SRS=RU&SUPD_CMP=N
2026-06-15 18:08:29 -  - exec CUpdateClientPartner::GetHTTPPage
2026-06-15 18:08:29 -  - TIME GetUpdatesList(request) 0.147 sec
2026-06-15 18:08:29 -  - exec CUpdateClientPartner::ParseServerData
2026-06-15 18:08:31 -  - exec CUpdateClientPartner::GetUpdatesList
2026-06-15 18:08:31 -  - exec CUpdateClientPartner::__CollectRequestData
2026-06-15 18:08:31 -  - utf=Y&lang=ru&stable=Y&CANGZIP=Y&SUPD_DBS=MYSQL&XE=N&CLIENT_SITE=localhost&LICENSE_KEY=X&SUPD_STS=2&SUPD_URS=0&TYPENC=D&CLIENT_PHPVER=8.5.7&NGINX=Y&dbv=8.0.45&instm=main%2C26.150.0%2CY%3Bmobileapp%2C25.0.100%2CN%3Bblog%2C26.400.0%2CN%3Bb24connector%2C25.0.0%2CN%3Bhighloadblock%2C25.100.0%2CN%3Biblock%2C25.300.0%2CN%3Bsocialservices%2C26.0.0%2CN%3Brest%2C26.0.0%2CN%3Bfileman%2C25.200.200%2CN%3Bforum%2C26.0.0%2CN%3Blanding%2C26.200.0%2CN%3Bclouds%2C25.100.0%2CN%3Bphotogallery%2C25.100.0%2CN%3Bform%2C26.0.0%2CN%3Bbitrixcloud%2C25.100.0%2CN%3Bsubscribe%2C25.0.0%2CN%3Bmessageservice%2C25.200.100%2CN%3Bui%2C26.150.0%2CN%3Blocation%2C25.400.0%2CN%3Bperfmon%2C25.300.0%2CN%3Bseo%2C25.100.400%2CN%3Bvote%2C26.0.0%2CN%3Btranslate%2C25.100.0%2CN%3Bsecurity%2C25.0.0%2CN%3Bbitrix.sitecorporate%2C26.0.0%2CN%3Bsearch%2C25.200.0%2CN&reqm=bitrix.sitecorporate&fullmoduleinfo=Y&SUPD_SRS=RU&SUPD_CMP=N
2026-06-15 18:08:31 -  - exec CUpdateClientPartner::GetHTTPPage
2026-06-15 18:08:31 -  - TIME GetUpdatesList(request) 0.159 sec
2026-06-15 18:08:31 -  - exec CUpdateClientPartner::ParseServerData
2026-06-15 18:08:31 -  - exec CUpdateClientPartner::GetUpdatesList
2026-06-15 18:08:31 -  - exec CUpdateClientPartner::__CollectRequestData
2026-06-15 18:08:31 -  - utf=Y&lang=ru&stable=Y&CANGZIP=Y&SUPD_DBS=MYSQL&XE=N&CLIENT_SITE=localhost&LICENSE_KEY=X&SUPD_STS=2&SUPD_URS=0&TYPENC=D&CLIENT_PHPVER=8.5.7&NGINX=Y&dbv=8.0.45&instm=main%2C26.150.0%2CY%3Bmobileapp%2C25.0.100%2CN%3Bblog%2C26.400.0%2CN%3Bb24connector%2C25.0.0%2CN%3Bhighloadblock%2C25.100.0%2CN%3Biblock%2C25.300.0%2CN%3Bsocialservices%2C26.0.0%2CN%3Brest%2C26.0.0%2CN%3Bfileman%2C25.200.200%2CN%3Bforum%2C26.0.0%2CN%3Blanding%2C26.200.0%2CN%3Bclouds%2C25.100.0%2CN%3Bphotogallery%2C25.100.0%2CN%3Bform%2C26.0.0%2CN%3Bbitrixcloud%2C25.100.0%2CN%3Bsubscribe%2C25.0.0%2CN%3Bmessageservice%2C25.200.100%2CN%3Bui%2C26.150.0%2CN%3Blocation%2C25.400.0%2CN%3Bperfmon%2C25.300.0%2CN%3Bseo%2C25.100.400%2CN%3Bvote%2C26.0.0%2CN%3Btranslate%2C25.100.0%2CN%3Bsecurity%2C25.0.0%2CN%3Bbitrix.sitecorporate%2C26.0.0%2CN%3Bsearch%2C25.200.0%2CN&reqm=bitrix.sitecorporate&fullmoduleinfo=Y&SUPD_SRS=RU&SUPD_CMP=N
2026-06-15 18:08:31 -  - exec CUpdateClientPartner::GetHTTPPage
2026-06-15 18:08:31 -  - TIME GetUpdatesList(request) 0.183 sec
2026-06-15 18:08:31 -  - exec CUpdateClientPartner::ParseServerData
2026-06-15 18:08:39 -  - exec CUpdateClientPartner::GetUpdatesList
2026-06-15 18:08:39 -  - exec CUpdateClientPartner::__CollectRequestData
2026-06-15 18:08:39 -  - utf=Y&lang=ru&stable=Y&CANGZIP=Y&SUPD_DBS=MYSQL&XE=N&CLIENT_SITE=localhost&LICENSE_KEY=X&SUPD_STS=2&SUPD_URS=0&TYPENC=D&CLIENT_PHPVER=8.5.7&NGINX=Y&dbv=8.0.45&instm=main%2C26.150.0%2CY%3Bmobileapp%2C25.0.100%2CN%3Bblog%2C26.400.0%2CN%3Bb24connector%2C25.0.0%2CN%3Bhighloadblock%2C25.100.0%2CN%3Biblock%2C25.300.0%2CN%3Bsocialservices%2C26.0.0%2CN%3Brest%2C26.0.0%2CN%3Bfileman%2C25.200.200%2CN%3Bforum%2C26.0.0%2CN%3Blanding%2C26.200.0%2CN%3Bclouds%2C25.100.0%2CN%3Bphotogallery%2C25.100.0%2CN%3Bform%2C26.0.0%2CN%3Bbitrixcloud%2C25.100.0%2CN%3Bsubscribe%2C25.0.0%2CN%3Bmessageservice%2C25.200.100%2CN%3Bui%2C26.150.0%2CN%3Blocation%2C25.400.0%2CN%3Bperfmon%2C25.300.0%2CN%3Bseo%2C25.100.400%2CN%3Bvote%2C26.0.0%2CN%3Btranslate%2C25.100.0%2CN%3Bsecurity%2C25.0.0%2CN%3Bbitrix.sitecorporate%2C26.0.0%2CN%3Bsearch%2C25.200.0%2CN&reqm=bitrix.sitecorporate&fullmoduleinfo=Y&SUPD_SRS=RU&SUPD_CMP=N
2026-06-15 18:08:39 -  - exec CUpdateClientPartner::GetHTTPPage
2026-06-15 18:08:40 -  - TIME GetUpdatesList(request) 0.185 sec
2026-06-15 18:08:40 -  - exec CUpdateClientPartner::ParseServerData
2026-06-15 18:08:40 -  - exec CUpdateClientPartner::GetUpdatesList
2026-06-15 18:08:40 -  - exec CUpdateClientPartner::__CollectRequestData
2026-06-15 18:08:40 -  - utf=Y&lang=ru&stable=Y&CANGZIP=Y&SUPD_DBS=MYSQL&XE=N&CLIENT_SITE=localhost&LICENSE_KEY=X&SUPD_STS=2&SUPD_URS=0&TYPENC=D&CLIENT_PHPVER=8.5.7&NGINX=Y&dbv=8.0.45&instm=main%2C26.150.0%2CY%3Bmobileapp%2C25.0.100%2CN%3Bblog%2C26.400.0%2CN%3Bb24connector%2C25.0.0%2CN%3Bhighloadblock%2C25.100.0%2CN%3Biblock%2C25.300.0%2CN%3Bsocialservices%2C26.0.0%2CN%3Brest%2C26.0.0%2CN%3Bfileman%2C25.200.200%2CN%3Bforum%2C26.0.0%2CN%3Blanding%2C26.200.0%2CN%3Bclouds%2C25.100.0%2CN%3Bphotogallery%2C25.100.0%2CN%3Bform%2C26.0.0%2CN%3Bbitrixcloud%2C25.100.0%2CN%3Bsubscribe%2C25.0.0%2CN%3Bmessageservice%2C25.200.100%2CN%3Bui%2C26.150.0%2CN%3Blocation%2C25.400.0%2CN%3Bperfmon%2C25.300.0%2CN%3Bseo%2C25.100.400%2CN%3Bvote%2C26.0.0%2CN%3Btranslate%2C25.100.0%2CN%3Bsecurity%2C25.0.0%2CN%3Bbitrix.sitecorporate%2C26.0.0%2CN%3Bsearch%2C25.200.0%2CN&reqm=bitrix.sitecorporate&fullmoduleinfo=Y&SUPD_SRS=RU&SUPD_CMP=N
2026-06-15 18:08:40 -  - exec CUpdateClientPartner::GetHTTPPage
2026-06-15 18:08:40 -  - TIME GetUpdatesList(request) 0.157 sec
2026-06-15 18:08:40 -  - exec CUpdateClientPartner::ParseServerData
2026-06-15 18:09:25 -  - exec CUpdateClientPartner::GetUpdatesList
2026-06-15 18:09:25 -  - exec CUpdateClientPartner::__CollectRequestData
2026-06-15 18:09:25 -  - utf=Y&lang=ru&stable=Y&CANGZIP=Y&SUPD_DBS=MYSQL&XE=N&CLIENT_SITE=localhost&LICENSE_KEY=X&SUPD_STS=2&SUPD_URS=0&TYPENC=D&CLIENT_PHPVER=8.5.7&NGINX=Y&dbv=8.0.45&instm=main%2C26.150.0%2CY%3Bmobileapp%2C25.0.100%2CN%3Bblog%2C26.400.0%2CN%3Bb24connector%2C25.0.0%2CN%3Bhighloadblock%2C25.100.0%2CN%3Biblock%2C25.300.0%2CN%3Bsocialservices%2C26.0.0%2CN%3Brest%2C26.0.0%2CN%3Bfileman%2C25.200.200%2CN%3Bforum%2C26.0.0%2CN%3Blanding%2C26.200.0%2CN%3Bclouds%2C25.100.0%2CN%3Bphotogallery%2C25.100.0%2CN%3Bform%2C26.0.0%2CN%3Bbitrixcloud%2C25.100.0%2CN%3Bsubscribe%2C25.0.0%2CN%3Bmessageservice%2C25.200.100%2CN%3Bui%2C26.150.0%2CN%3Blocation%2C25.400.0%2CN%3Bperfmon%2C25.300.0%2CN%3Bseo%2C25.100.400%2CN%3Bvote%2C26.0.0%2CN%3Btranslate%2C25.100.0%2CN%3Bsecurity%2C25.0.0%2CN%3Bbitrix.sitecorporate%2C26.0.0%2CN%3Bsearch%2C25.200.0%2CN&reqm=bitrix.sitecorporate&fullmoduleinfo=Y&SUPD_SRS=RU&SUPD_CMP=N
2026-06-15 18:09:25 -  - exec CUpdateClientPartner::GetHTTPPage
2026-06-15 18:09:25 -  - TIME GetUpdatesList(request) 0.133 sec
2026-06-15 18:09:25 -  - exec CUpdateClientPartner::ParseServerData
2026-06-15 18:09:26 -  - exec CUpdateClientPartner::GetUpdatesList
2026-06-15 18:09:26 -  - exec CUpdateClientPartner::__CollectRequestData
2026-06-15 18:09:26 -  - utf=Y&lang=ru&stable=Y&CANGZIP=Y&SUPD_DBS=MYSQL&XE=N&CLIENT_SITE=localhost&LICENSE_KEY=X&SUPD_STS=2&SUPD_URS=0&TYPENC=D&CLIENT_PHPVER=8.5.7&NGINX=Y&dbv=8.0.45&instm=main%2C26.150.0%2CY%3Bmobileapp%2C25.0.100%2CN%3Bblog%2C26.400.0%2CN%3Bb24connector%2C25.0.0%2CN%3Bhighloadblock%2C25.100.0%2CN%3Biblock%2C25.300.0%2CN%3Bsocialservices%2C26.0.0%2CN%3Brest%2C26.0.0%2CN%3Bfileman%2C25.200.200%2CN%3Bforum%2C26.0.0%2CN%3Blanding%2C26.200.0%2CN%3Bclouds%2C25.100.0%2CN%3Bphotogallery%2C25.100.0%2CN%3Bform%2C26.0.0%2CN%3Bbitrixcloud%2C25.100.0%2CN%3Bsubscribe%2C25.0.0%2CN%3Bmessageservice%2C25.200.100%2CN%3Bui%2C26.150.0%2CN%3Blocation%2C25.400.0%2CN%3Bperfmon%2C25.300.0%2CN%3Bseo%2C25.100.400%2CN%3Bvote%2C26.0.0%2CN%3Btranslate%2C25.100.0%2CN%3Bsecurity%2C25.0.0%2CN%3Bbitrix.sitecorporate%2C26.0.0%2CN%3Bsearch%2C25.200.0%2CN&reqm=bitrix.sitecorporate&fullmoduleinfo=Y&SUPD_SRS=RU&SUPD_CMP=N
2026-06-15 18:09:26 -  - exec CUpdateClientPartner::GetHTTPPage
2026-06-15 18:09:26 -  - TIME GetUpdatesList(request) 0.163 sec
2026-06-15 18:09:26 -  - exec CUpdateClientPartner::ParseServerData
2026-06-15 18:09:29 -  - exec CUpdateClientPartner::GetUpdatesList
2026-06-15 18:09:29 -  - exec CUpdateClientPartner::__CollectRequestData
2026-06-15 18:09:29 -  - utf=Y&lang=ru&stable=Y&CANGZIP=Y&SUPD_DBS=MYSQL&XE=N&CLIENT_SITE=localhost&LICENSE_KEY=X&SUPD_STS=2&SUPD_URS=0&TYPENC=D&CLIENT_PHPVER=8.5.7&NGINX=Y&dbv=8.0.45&instm=main%2C26.150.0%2CY%3Bmobileapp%2C25.0.100%2CN%3Bblog%2C26.400.0%2CN%3Bb24connector%2C25.0.0%2CN%3Bhighloadblock%2C25.100.0%2CN%3Biblock%2C25.300.0%2CN%3Bsocialservices%2C26.0.0%2CN%3Brest%2C26.0.0%2CN%3Bfileman%2C25.200.200%2CN%3Bforum%2C26.0.0%2CN%3Blanding%2C26.200.0%2CN%3Bclouds%2C25.100.0%2CN%3Bphotogallery%2C25.100.0%2CN%3Bform%2C26.0.0%2CN%3Bbitrixcloud%2C25.100.0%2CN%3Bsubscribe%2C25.0.0%2CN%3Bmessageservice%2C25.200.100%2CN%3Bui%2C26.150.0%2CN%3Blocation%2C25.400.0%2CN%3Bperfmon%2C25.300.0%2CN%3Bseo%2C25.100.400%2CN%3Bvote%2C26.0.0%2CN%3Btranslate%2C25.100.0%2CN%3Bsecurity%2C25.0.0%2CN%3Bbitrix.sitecorporate%2C26.0.0%2CN%3Bsearch%2C25.200.0%2CN&reqm=bitrix.sitecorporate&fullmoduleinfo=Y&SUPD_SRS=RU&SUPD_CMP=N
2026-06-15 18:09:29 -  - exec CUpdateClientPartner::GetHTTPPage
2026-06-15 18:09:29 -  - TIME GetUpdatesList(request) 0.137 sec
2026-06-15 18:09:29 -  - exec CUpdateClientPartner::ParseServerData
2026-06-15 18:09:29 -  - exec CUpdateClientPartner::GetUpdatesList
2026-06-15 18:09:29 -  - exec CUpdateClientPartner::__CollectRequestData
2026-06-15 18:09:29 -  - utf=Y&lang=ru&stable=Y&CANGZIP=Y&SUPD_DBS=MYSQL&XE=N&CLIENT_SITE=localhost&LICENSE_KEY=X&SUPD_STS=2&SUPD_URS=0&TYPENC=D&CLIENT_PHPVER=8.5.7&NGINX=Y&dbv=8.0.45&instm=main%2C26.150.0%2CY%3Bmobileapp%2C25.0.100%2CN%3Bblog%2C26.400.0%2CN%3Bb24connector%2C25.0.0%2CN%3Bhighloadblock%2C25.100.0%2CN%3Biblock%2C25.300.0%2CN%3Bsocialservices%2C26.0.0%2CN%3Brest%2C26.0.0%2CN%3Bfileman%2C25.200.200%2CN%3Bforum%2C26.0.0%2CN%3Blanding%2C26.200.0%2CN%3Bclouds%2C25.100.0%2CN%3Bphotogallery%2C25.100.0%2CN%3Bform%2C26.0.0%2CN%3Bbitrixcloud%2C25.100.0%2CN%3Bsubscribe%2C25.0.0%2CN%3Bmessageservice%2C25.200.100%2CN%3Bui%2C26.150.0%2CN%3Blocation%2C25.400.0%2CN%3Bperfmon%2C25.300.0%2CN%3Bseo%2C25.100.400%2CN%3Bvote%2C26.0.0%2CN%3Btranslate%2C25.100.0%2CN%3Bsecurity%2C25.0.0%2CN%3Bbitrix.sitecorporate%2C26.0.0%2CN%3Bsearch%2C25.200.0%2CN&reqm=bitrix.sitecorporate&fullmoduleinfo=Y&SUPD_SRS=RU&SUPD_CMP=N
2026-06-15 18:09:29 -  - exec CUpdateClientPartner::GetHTTPPage
2026-06-15 18:09:30 -  - TIME GetUpdatesList(request) 0.134 sec
2026-06-15 18:09:30 -  - exec CUpdateClientPartner::ParseServerData
2026-06-15 18:15:23 -  - exec CUpdateClientPartner::GetUpdatesList
2026-06-15 18:15:23 -  - exec CUpdateClientPartner::__CollectRequestData
2026-06-15 18:15:23 -  - utf=Y&lang=ru&stable=Y&CANGZIP=Y&SUPD_DBS=MYSQL&XE=N&CLIENT_SITE=localhost&LICENSE_KEY=X&SUPD_STS=2&SUPD_URS=0&TYPENC=D&CLIENT_PHPVER=8.5.7&NGINX=Y&dbv=8.0.45&instm=main%2C26.150.0%2CY%3Bmobileapp%2C25.0.100%2CN%3Bblog%2C26.400.0%2CN%3Bb24connector%2C25.0.0%2CN%3Bhighloadblock%2C25.100.0%2CN%3Biblock%2C25.300.0%2CN%3Bsocialservices%2C26.0.0%2CN%3Brest%2C26.0.0%2CN%3Bfileman%2C25.200.200%2CN%3Bforum%2C26.0.0%2CN%3Blanding%2C26.200.0%2CN%3Bclouds%2C25.100.0%2CN%3Bphotogallery%2C25.100.0%2CN%3Bform%2C26.0.0%2CN%3Bbitrixcloud%2C25.100.0%2CN%3Bsubscribe%2C25.0.0%2CN%3Bmessageservice%2C25.200.100%2CN%3Bui%2C26.150.0%2CN%3Blocation%2C25.400.0%2CN%3Bperfmon%2C25.300.0%2CN%3Bseo%2C25.100.400%2CN%3Bvote%2C26.0.0%2CN%3Btranslate%2C25.100.0%2CN%3Bsecurity%2C25.0.0%2CN%3Bbitrix.sitecorporate%2C26.0.0%2CN%3Bsearch%2C25.200.0%2CN&reqm=bitrix.sitecorporate&fullmoduleinfo=Y&SUPD_SRS=RU&SUPD_CMP=N
2026-06-15 18:15:23 -  - exec CUpdateClientPartner::GetHTTPPage
2026-06-15 18:15:23 -  - TIME GetUpdatesList(request) 0.147 sec
2026-06-15 18:15:23 -  - exec CUpdateClientPartner::ParseServerData
2026-06-15 18:15:23 -  - exec CUpdateClientPartner::GetUpdatesList
2026-06-15 18:15:23 -  - exec CUpdateClientPartner::__CollectRequestData
2026-06-15 18:15:23 -  - utf=Y&lang=ru&stable=Y&CANGZIP=Y&SUPD_DBS=MYSQL&XE=N&CLIENT_SITE=localhost&LICENSE_KEY=X&SUPD_STS=2&SUPD_URS=0&TYPENC=D&CLIENT_PHPVER=8.5.7&NGINX=Y&dbv=8.0.45&instm=main%2C26.150.0%2CY%3Bmobileapp%2C25.0.100%2CN%3Bblog%2C26.400.0%2CN%3Bb24connector%2C25.0.0%2CN%3Bhighloadblock%2C25.100.0%2CN%3Biblock%2C25.300.0%2CN%3Bsocialservices%2C26.0.0%2CN%3Brest%2C26.0.0%2CN%3Bfileman%2C25.200.200%2CN%3Bforum%2C26.0.0%2CN%3Blanding%2C26.200.0%2CN%3Bclouds%2C25.100.0%2CN%3Bphotogallery%2C25.100.0%2CN%3Bform%2C26.0.0%2CN%3Bbitrixcloud%2C25.100.0%2CN%3Bsubscribe%2C25.0.0%2CN%3Bmessageservice%2C25.200.100%2CN%3Bui%2C26.150.0%2CN%3Blocation%2C25.400.0%2CN%3Bperfmon%2C25.300.0%2CN%3Bseo%2C25.100.400%2CN%3Bvote%2C26.0.0%2CN%3Btranslate%2C25.100.0%2CN%3Bsecurity%2C25.0.0%2CN%3Bbitrix.sitecorporate%2C26.0.0%2CN%3Bsearch%2C25.200.0%2CN&reqm=bitrix.sitecorporate&fullmoduleinfo=Y&SUPD_SRS=RU&SUPD_CMP=N
2026-06-15 18:15:23 -  - exec CUpdateClientPartner::GetHTTPPage
2026-06-15 18:15:24 -  - TIME GetUpdatesList(request) 0.159 sec
2026-06-15 18:15:24 -  - exec CUpdateClientPartner::ParseServerData
2026-06-15 18:15:27 -  - exec CUpdateClientPartner::GetUpdatesList
2026-06-15 18:15:27 -  - exec CUpdateClientPartner::__CollectRequestData
2026-06-15 18:15:27 -  - utf=Y&lang=ru&stable=Y&CANGZIP=Y&SUPD_DBS=MYSQL&XE=N&CLIENT_SITE=localhost&LICENSE_KEY=X&SUPD_STS=2&SUPD_URS=0&TYPENC=D&CLIENT_PHPVER=8.5.7&NGINX=Y&dbv=8.0.45&instm=main%2C26.150.0%2CY%3Bmobileapp%2C25.0.100%2CN%3Bblog%2C26.400.0%2CN%3Bb24connector%2C25.0.0%2CN%3Bhighloadblock%2C25.100.0%2CN%3Biblock%2C25.300.0%2CN%3Bsocialservices%2C26.0.0%2CN%3Brest%2C26.0.0%2CN%3Bfileman%2C25.200.200%2CN%3Bforum%2C26.0.0%2CN%3Blanding%2C26.200.0%2CN%3Bclouds%2C25.100.0%2CN%3Bphotogallery%2C25.100.0%2CN%3Bform%2C26.0.0%2CN%3Bbitrixcloud%2C25.100.0%2CN%3Bsubscribe%2C25.0.0%2CN%3Bmessageservice%2C25.200.100%2CN%3Bui%2C26.150.0%2CN%3Blocation%2C25.400.0%2CN%3Bperfmon%2C25.300.0%2CN%3Bseo%2C25.100.400%2CN%3Bvote%2C26.0.0%2CN%3Btranslate%2C25.100.0%2CN%3Bsecurity%2C25.0.0%2CN%3Bbitrix.sitecorporate%2C26.0.0%2CN%3Bsearch%2C25.200.0%2CN&reqm=bitrix.sitecorporate&fullmoduleinfo=Y&SUPD_SRS=RU&SUPD_CMP=N
2026-06-15 18:15:27 -  - exec CUpdateClientPartner::GetHTTPPage
2026-06-15 18:15:27 -  - TIME GetUpdatesList(request) 0.289 sec
2026-06-15 18:15:27 -  - exec CUpdateClientPartner::ParseServerData
2026-06-15 18:15:28 -  - exec CUpdateClientPartner::GetUpdatesList
2026-06-15 18:15:28 -  - exec CUpdateClientPartner::__CollectRequestData
2026-06-15 18:15:28 -  - utf=Y&lang=ru&stable=Y&CANGZIP=Y&SUPD_DBS=MYSQL&XE=N&CLIENT_SITE=localhost&LICENSE_KEY=X&SUPD_STS=2&SUPD_URS=0&TYPENC=D&CLIENT_PHPVER=8.5.7&NGINX=Y&dbv=8.0.45&instm=main%2C26.150.0%2CY%3Bmobileapp%2C25.0.100%2CN%3Bblog%2C26.400.0%2CN%3Bb24connector%2C25.0.0%2CN%3Bhighloadblock%2C25.100.0%2CN%3Biblock%2C25.300.0%2CN%3Bsocialservices%2C26.0.0%2CN%3Brest%2C26.0.0%2CN%3Bfileman%2C25.200.200%2CN%3Bforum%2C26.0.0%2CN%3Blanding%2C26.200.0%2CN%3Bclouds%2C25.100.0%2CN%3Bphotogallery%2C25.100.0%2CN%3Bform%2C26.0.0%2CN%3Bbitrixcloud%2C25.100.0%2CN%3Bsubscribe%2C25.0.0%2CN%3Bmessageservice%2C25.200.100%2CN%3Bui%2C26.150.0%2CN%3Blocation%2C25.400.0%2CN%3Bperfmon%2C25.300.0%2CN%3Bseo%2C25.100.400%2CN%3Bvote%2C26.0.0%2CN%3Btranslate%2C25.100.0%2CN%3Bsecurity%2C25.0.0%2CN%3Bbitrix.sitecorporate%2C26.0.0%2CN%3Bsearch%2C25.200.0%2CN&reqm=bitrix.sitecorporate&fullmoduleinfo=Y&SUPD_SRS=RU&SUPD_CMP=N
2026-06-15 18:15:28 -  - exec CUpdateClientPartner::GetHTTPPage
2026-06-15 18:15:28 -  - TIME GetUpdatesList(request) 0.137 sec
2026-06-15 18:15:28 -  - exec CUpdateClientPartner::ParseServerData
2026-06-15 18:16:13 -  - exec CUpdateClientPartner::GetUpdatesList
2026-06-15 18:16:13 -  - exec CUpdateClientPartner::__CollectRequestData
2026-06-15 18:16:13 -  - utf=Y&lang=ru&stable=Y&CANGZIP=Y&SUPD_DBS=MYSQL&XE=N&CLIENT_SITE=localhost&LICENSE_KEY=X&SUPD_STS=2&SUPD_URS=0&TYPENC=D&CLIENT_PHPVER=8.5.7&NGINX=Y&dbv=8.0.45&instm=main%2C26.150.0%2CY%3Bmobileapp%2C25.0.100%2CN%3Bblog%2C26.400.0%2CN%3Bb24connector%2C25.0.0%2CN%3Bhighloadblock%2C25.100.0%2CN%3Biblock%2C25.300.0%2CN%3Bsocialservices%2C26.0.0%2CN%3Brest%2C26.0.0%2CN%3Bfileman%2C25.200.200%2CN%3Bforum%2C26.0.0%2CN%3Blanding%2C26.200.0%2CN%3Bclouds%2C25.100.0%2CN%3Bphotogallery%2C25.100.0%2CN%3Bform%2C26.0.0%2CN%3Bbitrixcloud%2C25.100.0%2CN%3Bsubscribe%2C25.0.0%2CN%3Bmessageservice%2C25.200.100%2CN%3Bui%2C26.150.0%2CN%3Blocation%2C25.400.0%2CN%3Bperfmon%2C25.300.0%2CN%3Bseo%2C25.100.400%2CN%3Bvote%2C26.0.0%2CN%3Btranslate%2C25.100.0%2CN%3Bsecurity%2C25.0.0%2CN%3Bbitrix.sitecorporate%2C26.0.0%2CN%3Bsearch%2C25.200.0%2CN&reqm=bitrix.sitecorporate&fullmoduleinfo=Y&SUPD_SRS=RU&SUPD_CMP=N
2026-06-15 18:16:13 -  - exec CUpdateClientPartner::GetHTTPPage
2026-06-15 18:16:13 -  - TIME GetUpdatesList(request) 0.124 sec
2026-06-15 18:16:13 -  - exec CUpdateClientPartner::ParseServerData
2026-06-15 18:16:14 -  - exec CUpdateClientPartner::GetUpdatesList
2026-06-15 18:16:14 -  - exec CUpdateClientPartner::__CollectRequestData
2026-06-15 18:16:14 -  - utf=Y&lang=ru&stable=Y&CANGZIP=Y&SUPD_DBS=MYSQL&XE=N&CLIENT_SITE=localhost&LICENSE_KEY=X&SUPD_STS=2&SUPD_URS=0&TYPENC=D&CLIENT_PHPVER=8.5.7&NGINX=Y&dbv=8.0.45&instm=main%2C26.150.0%2CY%3Bmobileapp%2C25.0.100%2CN%3Bblog%2C26.400.0%2CN%3Bb24connector%2C25.0.0%2CN%3Bhighloadblock%2C25.100.0%2CN%3Biblock%2C25.300.0%2CN%3Bsocialservices%2C26.0.0%2CN%3Brest%2C26.0.0%2CN%3Bfileman%2C25.200.200%2CN%3Bforum%2C26.0.0%2CN%3Blanding%2C26.200.0%2CN%3Bclouds%2C25.100.0%2CN%3Bphotogallery%2C25.100.0%2CN%3Bform%2C26.0.0%2CN%3Bbitrixcloud%2C25.100.0%2CN%3Bsubscribe%2C25.0.0%2CN%3Bmessageservice%2C25.200.100%2CN%3Bui%2C26.150.0%2CN%3Blocation%2C25.400.0%2CN%3Bperfmon%2C25.300.0%2CN%3Bseo%2C25.100.400%2CN%3Bvote%2C26.0.0%2CN%3Btranslate%2C25.100.0%2CN%3Bsecurity%2C25.0.0%2CN%3Bbitrix.sitecorporate%2C26.0.0%2CN%3Bsearch%2C25.200.0%2CN&reqm=bitrix.sitecorporate&fullmoduleinfo=Y&SUPD_SRS=RU&SUPD_CMP=N
2026-06-15 18:16:14 -  - exec CUpdateClientPartner::GetHTTPPage
2026-06-15 18:16:14 -  - TIME GetUpdatesList(request) 0.164 sec
2026-06-15 18:16:14 -  - exec CUpdateClientPartner::ParseServerData
2026-06-15 18:16:17 -  - exec CUpdateClientPartner::GetUpdatesList
2026-06-15 18:16:17 -  - exec CUpdateClientPartner::__CollectRequestData
2026-06-15 18:16:17 -  - utf=Y&lang=ru&stable=Y&CANGZIP=Y&SUPD_DBS=MYSQL&XE=N&CLIENT_SITE=localhost&LICENSE_KEY=X&SUPD_STS=2&SUPD_URS=0&TYPENC=D&CLIENT_PHPVER=8.5.7&NGINX=Y&dbv=8.0.45&instm=main%2C26.150.0%2CY%3Bmobileapp%2C25.0.100%2CN%3Bblog%2C26.400.0%2CN%3Bb24connector%2C25.0.0%2CN%3Bhighloadblock%2C25.100.0%2CN%3Biblock%2C25.300.0%2CN%3Bsocialservices%2C26.0.0%2CN%3Brest%2C26.0.0%2CN%3Bfileman%2C25.200.200%2CN%3Bforum%2C26.0.0%2CN%3Blanding%2C26.200.0%2CN%3Bclouds%2C25.100.0%2CN%3Bphotogallery%2C25.100.0%2CN%3Bform%2C26.0.0%2CN%3Bbitrixcloud%2C25.100.0%2CN%3Bsubscribe%2C25.0.0%2CN%3Bmessageservice%2C25.200.100%2CN%3Bui%2C26.150.0%2CN%3Blocation%2C25.400.0%2CN%3Bperfmon%2C25.300.0%2CN%3Bseo%2C25.100.400%2CN%3Bvote%2C26.0.0%2CN%3Btranslate%2C25.100.0%2CN%3Bsecurity%2C25.0.0%2CN%3Bbitrix.sitecorporate%2C26.0.0%2CN%3Bsearch%2C25.200.0%2CN&reqm=bitrix.sitecorporate&fullmoduleinfo=Y&SUPD_SRS=RU&SUPD_CMP=N
2026-06-15 18:16:17 -  - exec CUpdateClientPartner::GetHTTPPage
2026-06-15 18:16:17 -  - TIME GetUpdatesList(request) 0.144 sec
2026-06-15 18:16:17 -  - exec CUpdateClientPartner::ParseServerData
2026-06-15 18:16:18 -  - exec CUpdateClientPartner::GetUpdatesList
2026-06-15 18:16:18 -  - exec CUpdateClientPartner::__CollectRequestData
2026-06-15 18:16:18 -  - utf=Y&lang=ru&stable=Y&CANGZIP=Y&SUPD_DBS=MYSQL&XE=N&CLIENT_SITE=localhost&LICENSE_KEY=X&SUPD_STS=2&SUPD_URS=0&TYPENC=D&CLIENT_PHPVER=8.5.7&NGINX=Y&dbv=8.0.45&instm=main%2C26.150.0%2CY%3Bmobileapp%2C25.0.100%2CN%3Bblog%2C26.400.0%2CN%3Bb24connector%2C25.0.0%2CN%3Bhighloadblock%2C25.100.0%2CN%3Biblock%2C25.300.0%2CN%3Bsocialservices%2C26.0.0%2CN%3Brest%2C26.0.0%2CN%3Bfileman%2C25.200.200%2CN%3Bforum%2C26.0.0%2CN%3Blanding%2C26.200.0%2CN%3Bclouds%2C25.100.0%2CN%3Bphotogallery%2C25.100.0%2CN%3Bform%2C26.0.0%2CN%3Bbitrixcloud%2C25.100.0%2CN%3Bsubscribe%2C25.0.0%2CN%3Bmessageservice%2C25.200.100%2CN%3Bui%2C26.150.0%2CN%3Blocation%2C25.400.0%2CN%3Bperfmon%2C25.300.0%2CN%3Bseo%2C25.100.400%2CN%3Bvote%2C26.0.0%2CN%3Btranslate%2C25.100.0%2CN%3Bsecurity%2C25.0.0%2CN%3Bbitrix.sitecorporate%2C26.0.0%2CN%3Bsearch%2C25.200.0%2CN&reqm=bitrix.sitecorporate&fullmoduleinfo=Y&SUPD_SRS=RU&SUPD_CMP=N
2026-06-15 18:16:18 -  - exec CUpdateClientPartner::GetHTTPPage
2026-06-15 18:16:18 -  - TIME GetUpdatesList(request) 0.148 sec
2026-06-15 18:16:18 -  - exec CUpdateClientPartner::ParseServerData
2026-06-15 18:16:26 -  - exec CUpdateClientPartner::GetUpdatesList
2026-06-15 18:16:26 -  - exec CUpdateClientPartner::__CollectRequestData
2026-06-15 18:16:26 -  - utf=Y&lang=ru&stable=Y&CANGZIP=Y&SUPD_DBS=MYSQL&XE=N&CLIENT_SITE=localhost&LICENSE_KEY=X&SUPD_STS=2&SUPD_URS=0&TYPENC=D&CLIENT_PHPVER=8.5.7&NGINX=Y&dbv=8.0.45&instm=main%2C26.150.0%2CY%3Bmobileapp%2C25.0.100%2CN%3Bblog%2C26.400.0%2CN%3Bb24connector%2C25.0.0%2CN%3Bhighloadblock%2C25.100.0%2CN%3Biblock%2C25.300.0%2CN%3Bsocialservices%2C26.0.0%2CN%3Brest%2C26.0.0%2CN%3Bfileman%2C25.200.200%2CN%3Bforum%2C26.0.0%2CN%3Blanding%2C26.200.0%2CN%3Bclouds%2C25.100.0%2CN%3Bphotogallery%2C25.100.0%2CN%3Bform%2C26.0.0%2CN%3Bbitrixcloud%2C25.100.0%2CN%3Bsubscribe%2C25.0.0%2CN%3Bmessageservice%2C25.200.100%2CN%3Bui%2C26.150.0%2CN%3Blocation%2C25.400.0%2CN%3Bperfmon%2C25.300.0%2CN%3Bseo%2C25.100.400%2CN%3Bvote%2C26.0.0%2CN%3Btranslate%2C25.100.0%2CN%3Bsecurity%2C25.0.0%2CN%3Bbitrix.sitecorporate%2C26.0.0%2CN%3Bsearch%2C25.200.0%2CN&reqm=bitrix.sitecorporate&fullmoduleinfo=Y&SUPD_SRS=RU&SUPD_CMP=N
2026-06-15 18:16:26 -  - exec CUpdateClientPartner::GetHTTPPage
2026-06-15 18:16:26 -  - TIME GetUpdatesList(request) 0.133 sec
2026-06-15 18:16:26 -  - exec CUpdateClientPartner::ParseServerData
2026-06-15 18:18:07 -  - exec CUpdateClientPartner::GetUpdatesList
2026-06-15 18:18:07 -  - exec CUpdateClientPartner::__CollectRequestData
2026-06-15 18:18:07 -  - utf=Y&lang=ru&stable=Y&CANGZIP=Y&SUPD_DBS=MYSQL&XE=N&CLIENT_SITE=localhost&LICENSE_KEY=X&SUPD_STS=2&SUPD_URS=0&TYPENC=D&CLIENT_PHPVER=8.5.7&NGINX=Y&dbv=8.0.45&instm=main%2C26.150.0%2CY%3Bmobileapp%2C25.0.100%2CN%3Bblog%2C26.400.0%2CN%3Bb24connector%2C25.0.0%2CN%3Bhighloadblock%2C25.100.0%2CN%3Biblock%2C25.300.0%2CN%3Bsocialservices%2C26.0.0%2CN%3Brest%2C26.0.0%2CN%3Bfileman%2C25.200.200%2CN%3Bforum%2C26.0.0%2CN%3Blanding%2C26.200.0%2CN%3Bclouds%2C25.100.0%2CN%3Bphotogallery%2C25.100.0%2CN%3Bform%2C26.0.0%2CN%3Bbitrixcloud%2C25.100.0%2CN%3Bsubscribe%2C25.0.0%2CN%3Bmessageservice%2C25.200.100%2CN%3Bui%2C26.150.0%2CN%3Blocation%2C25.400.0%2CN%3Bperfmon%2C25.300.0%2CN%3Bseo%2C25.100.400%2CN%3Bvote%2C26.0.0%2CN%3Btranslate%2C25.100.0%2CN%3Bsecurity%2C25.0.0%2CN%3Bbitrix.sitecorporate%2C26.0.0%2CN%3Bsearch%2C25.200.0%2CN&reqm=bitrix.sitecorporate&fullmoduleinfo=Y&SUPD_SRS=RU&SUPD_CMP=N
2026-06-15 18:18:07 -  - exec CUpdateClientPartner::GetHTTPPage
2026-06-15 18:18:08 -  - TIME GetUpdatesList(request) 0.153 sec
2026-06-15 18:18:08 -  - exec CUpdateClientPartner::ParseServerData
2026-06-15 18:18:08 -  - exec CUpdateClientPartner::GetUpdatesList
2026-06-15 18:18:08 -  - exec CUpdateClientPartner::__CollectRequestData
2026-06-15 18:18:08 -  - utf=Y&lang=ru&stable=Y&CANGZIP=Y&SUPD_DBS=MYSQL&XE=N&CLIENT_SITE=localhost&LICENSE_KEY=X&SUPD_STS=2&SUPD_URS=0&TYPENC=D&CLIENT_PHPVER=8.5.7&NGINX=Y&dbv=8.0.45&instm=main%2C26.150.0%2CY%3Bmobileapp%2C25.0.100%2CN%3Bblog%2C26.400.0%2CN%3Bb24connector%2C25.0.0%2CN%3Bhighloadblock%2C25.100.0%2CN%3Biblock%2C25.300.0%2CN%3Bsocialservices%2C26.0.0%2CN%3Brest%2C26.0.0%2CN%3Bfileman%2C25.200.200%2CN%3Bforum%2C26.0.0%2CN%3Blanding%2C26.200.0%2CN%3Bclouds%2C25.100.0%2CN%3Bphotogallery%2C25.100.0%2CN%3Bform%2C26.0.0%2CN%3Bbitrixcloud%2C25.100.0%2CN%3Bsubscribe%2C25.0.0%2CN%3Bmessageservice%2C25.200.100%2CN%3Bui%2C26.150.0%2CN%3Blocation%2C25.400.0%2CN%3Bperfmon%2C25.300.0%2CN%3Bseo%2C25.100.400%2CN%3Bvote%2C26.0.0%2CN%3Btranslate%2C25.100.0%2CN%3Bsecurity%2C25.0.0%2CN%3Bbitrix.sitecorporate%2C26.0.0%2CN%3Bsearch%2C25.200.0%2CN&reqm=bitrix.sitecorporate&fullmoduleinfo=Y&SUPD_SRS=RU&SUPD_CMP=N
2026-06-15 18:18:08 -  - exec CUpdateClientPartner::GetHTTPPage
2026-06-15 18:18:08 -  - TIME GetUpdatesList(request) 0.157 sec
2026-06-15 18:18:08 -  - exec CUpdateClientPartner::ParseServerData
2026-06-15 18:18:12 -  - exec CUpdateClientPartner::GetUpdatesList
2026-06-15 18:18:12 -  - exec CUpdateClientPartner::__CollectRequestData
2026-06-15 18:18:12 -  - utf=Y&lang=ru&stable=Y&CANGZIP=Y&SUPD_DBS=MYSQL&XE=N&CLIENT_SITE=localhost&LICENSE_KEY=X&SUPD_STS=2&SUPD_URS=0&TYPENC=D&CLIENT_PHPVER=8.5.7&NGINX=Y&dbv=8.0.45&instm=main%2C26.150.0%2CY%3Bmobileapp%2C25.0.100%2CN%3Bblog%2C26.400.0%2CN%3Bb24connector%2C25.0.0%2CN%3Bhighloadblock%2C25.100.0%2CN%3Biblock%2C25.300.0%2CN%3Bsocialservices%2C26.0.0%2CN%3Brest%2C26.0.0%2CN%3Bfileman%2C25.200.200%2CN%3Bforum%2C26.0.0%2CN%3Blanding%2C26.200.0%2CN%3Bclouds%2C25.100.0%2CN%3Bphotogallery%2C25.100.0%2CN%3Bform%2C26.0.0%2CN%3Bbitrixcloud%2C25.100.0%2CN%3Bsubscribe%2C25.0.0%2CN%3Bmessageservice%2C25.200.100%2CN%3Bui%2C26.150.0%2CN%3Blocation%2C25.400.0%2CN%3Bperfmon%2C25.300.0%2CN%3Bseo%2C25.100.400%2CN%3Bvote%2C26.0.0%2CN%3Btranslate%2C25.100.0%2CN%3Bsecurity%2C25.0.0%2CN%3Bbitrix.sitecorporate%2C26.0.0%2CN%3Bsearch%2C25.200.0%2CN&reqm=bitrix.sitecorporate&fullmoduleinfo=Y&SUPD_SRS=RU&SUPD_CMP=N
2026-06-15 18:18:12 -  - exec CUpdateClientPartner::GetHTTPPage
2026-06-15 18:18:12 -  - TIME GetUpdatesList(request) 0.171 sec
2026-06-15 18:18:12 -  - exec CUpdateClientPartner::ParseServerData
2026-06-15 18:18:13 -  - exec CUpdateClientPartner::GetUpdatesList
2026-06-15 18:18:13 -  - exec CUpdateClientPartner::__CollectRequestData
2026-06-15 18:18:13 -  - utf=Y&lang=ru&stable=Y&CANGZIP=Y&SUPD_DBS=MYSQL&XE=N&CLIENT_SITE=localhost&LICENSE_KEY=X&SUPD_STS=2&SUPD_URS=0&TYPENC=D&CLIENT_PHPVER=8.5.7&NGINX=Y&dbv=8.0.45&instm=main%2C26.150.0%2CY%3Bmobileapp%2C25.0.100%2CN%3Bblog%2C26.400.0%2CN%3Bb24connector%2C25.0.0%2CN%3Bhighloadblock%2C25.100.0%2CN%3Biblock%2C25.300.0%2CN%3Bsocialservices%2C26.0.0%2CN%3Brest%2C26.0.0%2CN%3Bfileman%2C25.200.200%2CN%3Bforum%2C26.0.0%2CN%3Blanding%2C26.200.0%2CN%3Bclouds%2C25.100.0%2CN%3Bphotogallery%2C25.100.0%2CN%3Bform%2C26.0.0%2CN%3Bbitrixcloud%2C25.100.0%2CN%3Bsubscribe%2C25.0.0%2CN%3Bmessageservice%2C25.200.100%2CN%3Bui%2C26.150.0%2CN%3Blocation%2C25.400.0%2CN%3Bperfmon%2C25.300.0%2CN%3Bseo%2C25.100.400%2CN%3Bvote%2C26.0.0%2CN%3Btranslate%2C25.100.0%2CN%3Bsecurity%2C25.0.0%2CN%3Bbitrix.sitecorporate%2C26.0.0%2CN%3Bsearch%2C25.200.0%2CN&reqm=bitrix.sitecorporate&fullmoduleinfo=Y&SUPD_SRS=RU&SUPD_CMP=N
2026-06-15 18:18:13 -  - exec CUpdateClientPartner::GetHTTPPage
2026-06-15 18:18:13 -  - TIME GetUpdatesList(request) 0.169 sec
2026-06-15 18:18:13 -  - exec CUpdateClientPartner::ParseServerData
2026-06-15 18:19:32 -  - exec CUpdateClientPartner::GetUpdatesList
2026-06-15 18:19:32 -  - exec CUpdateClientPartner::__CollectRequestData
2026-06-15 18:19:32 -  - utf=Y&lang=ru&stable=Y&CANGZIP=Y&SUPD_DBS=MYSQL&XE=N&CLIENT_SITE=localhost&LICENSE_KEY=X&SUPD_STS=2&SUPD_URS=0&TYPENC=D&CLIENT_PHPVER=8.5.7&NGINX=Y&dbv=8.0.45&instm=main%2C26.150.0%2CY%3Bmobileapp%2C25.0.100%2CN%3Bblog%2C26.400.0%2CN%3Bb24connector%2C25.0.0%2CN%3Bhighloadblock%2C25.100.0%2CN%3Biblock%2C25.300.0%2CN%3Bsocialservices%2C26.0.0%2CN%3Brest%2C26.0.0%2CN%3Bfileman%2C25.200.200%2CN%3Bforum%2C26.0.0%2CN%3Blanding%2C26.200.0%2CN%3Bclouds%2C25.100.0%2CN%3Bphotogallery%2C25.100.0%2CN%3Bform%2C26.0.0%2CN%3Bbitrixcloud%2C25.100.0%2CN%3Bsubscribe%2C25.0.0%2CN%3Bmessageservice%2C25.200.100%2CN%3Bui%2C26.150.0%2CN%3Blocation%2C25.400.0%2CN%3Bperfmon%2C25.300.0%2CN%3Bseo%2C25.100.400%2CN%3Bvote%2C26.0.0%2CN%3Btranslate%2C25.100.0%2CN%3Bsecurity%2C25.0.0%2CN%3Bbitrix.sitecorporate%2C26.0.0%2CN%3Bsearch%2C25.200.0%2CN&reqm=bitrix.sitecorporate&fullmoduleinfo=Y&SUPD_SRS=RU&SUPD_CMP=N
2026-06-15 18:19:32 -  - exec CUpdateClientPartner::GetHTTPPage
2026-06-15 18:19:32 -  - TIME GetUpdatesList(request) 0.171 sec
2026-06-15 18:19:32 -  - exec CUpdateClientPartner::ParseServerData
2026-06-15 18:19:33 -  - exec CUpdateClientPartner::GetUpdatesList
2026-06-15 18:19:33 -  - exec CUpdateClientPartner::__CollectRequestData
2026-06-15 18:19:33 -  - utf=Y&lang=ru&stable=Y&CANGZIP=Y&SUPD_DBS=MYSQL&XE=N&CLIENT_SITE=localhost&LICENSE_KEY=X&SUPD_STS=2&SUPD_URS=0&TYPENC=D&CLIENT_PHPVER=8.5.7&NGINX=Y&dbv=8.0.45&instm=main%2C26.150.0%2CY%3Bmobileapp%2C25.0.100%2CN%3Bblog%2C26.400.0%2CN%3Bb24connector%2C25.0.0%2CN%3Bhighloadblock%2C25.100.0%2CN%3Biblock%2C25.300.0%2CN%3Bsocialservices%2C26.0.0%2CN%3Brest%2C26.0.0%2CN%3Bfileman%2C25.200.200%2CN%3Bforum%2C26.0.0%2CN%3Blanding%2C26.200.0%2CN%3Bclouds%2C25.100.0%2CN%3Bphotogallery%2C25.100.0%2CN%3Bform%2C26.0.0%2CN%3Bbitrixcloud%2C25.100.0%2CN%3Bsubscribe%2C25.0.0%2CN%3Bmessageservice%2C25.200.100%2CN%3Bui%2C26.150.0%2CN%3Blocation%2C25.400.0%2CN%3Bperfmon%2C25.300.0%2CN%3Bseo%2C25.100.400%2CN%3Bvote%2C26.0.0%2CN%3Btranslate%2C25.100.0%2CN%3Bsecurity%2C25.0.0%2CN%3Bbitrix.sitecorporate%2C26.0.0%2CN%3Bsearch%2C25.200.0%2CN&reqm=bitrix.sitecorporate&fullmoduleinfo=Y&SUPD_SRS=RU&SUPD_CMP=N
2026-06-15 18:19:33 -  - exec CUpdateClientPartner::GetHTTPPage
2026-06-15 18:19:33 -  - TIME GetUpdatesList(request) 0.158 sec
2026-06-15 18:19:33 -  - exec CUpdateClientPartner::ParseServerData
2026-06-15 18:19:36 -  - exec CUpdateClientPartner::GetUpdatesList
2026-06-15 18:19:36 -  - exec CUpdateClientPartner::__CollectRequestData
2026-06-15 18:19:36 -  - utf=Y&lang=ru&stable=Y&CANGZIP=Y&SUPD_DBS=MYSQL&XE=N&CLIENT_SITE=localhost&LICENSE_KEY=X&SUPD_STS=2&SUPD_URS=0&TYPENC=D&CLIENT_PHPVER=8.5.7&NGINX=Y&dbv=8.0.45&instm=main%2C26.150.0%2CY%3Bmobileapp%2C25.0.100%2CN%3Bblog%2C26.400.0%2CN%3Bb24connector%2C25.0.0%2CN%3Bhighloadblock%2C25.100.0%2CN%3Biblock%2C25.300.0%2CN%3Bsocialservices%2C26.0.0%2CN%3Brest%2C26.0.0%2CN%3Bfileman%2C25.200.200%2CN%3Bforum%2C26.0.0%2CN%3Blanding%2C26.200.0%2CN%3Bclouds%2C25.100.0%2CN%3Bphotogallery%2C25.100.0%2CN%3Bform%2C26.0.0%2CN%3Bbitrixcloud%2C25.100.0%2CN%3Bsubscribe%2C25.0.0%2CN%3Bmessageservice%2C25.200.100%2CN%3Bui%2C26.150.0%2CN%3Blocation%2C25.400.0%2CN%3Bperfmon%2C25.300.0%2CN%3Bseo%2C25.100.400%2CN%3Bvote%2C26.0.0%2CN%3Btranslate%2C25.100.0%2CN%3Bsecurity%2C25.0.0%2CN%3Bbitrix.sitecorporate%2C26.0.0%2CN%3Bsearch%2C25.200.0%2CN&reqm=bitrix.sitecorporate&fullmoduleinfo=Y&SUPD_SRS=RU&SUPD_CMP=N
2026-06-15 18:19:36 -  - exec CUpdateClientPartner::GetHTTPPage
2026-06-15 18:19:36 -  - TIME GetUpdatesList(request) 0.147 sec
2026-06-15 18:19:36 -  - exec CUpdateClientPartner::ParseServerData
2026-06-15 18:19:37 -  - exec CUpdateClientPartner::GetUpdatesList
2026-06-15 18:19:37 -  - exec CUpdateClientPartner::__CollectRequestData
2026-06-15 18:19:37 -  - utf=Y&lang=ru&stable=Y&CANGZIP=Y&SUPD_DBS=MYSQL&XE=N&CLIENT_SITE=localhost&LICENSE_KEY=X&SUPD_STS=2&SUPD_URS=0&TYPENC=D&CLIENT_PHPVER=8.5.7&NGINX=Y&dbv=8.0.45&instm=main%2C26.150.0%2CY%3Bmobileapp%2C25.0.100%2CN%3Bblog%2C26.400.0%2CN%3Bb24connector%2C25.0.0%2CN%3Bhighloadblock%2C25.100.0%2CN%3Biblock%2C25.300.0%2CN%3Bsocialservices%2C26.0.0%2CN%3Brest%2C26.0.0%2CN%3Bfileman%2C25.200.200%2CN%3Bforum%2C26.0.0%2CN%3Blanding%2C26.200.0%2CN%3Bclouds%2C25.100.0%2CN%3Bphotogallery%2C25.100.0%2CN%3Bform%2C26.0.0%2CN%3Bbitrixcloud%2C25.100.0%2CN%3Bsubscribe%2C25.0.0%2CN%3Bmessageservice%2C25.200.100%2CN%3Bui%2C26.150.0%2CN%3Blocation%2C25.400.0%2CN%3Bperfmon%2C25.300.0%2CN%3Bseo%2C25.100.400%2CN%3Bvote%2C26.0.0%2CN%3Btranslate%2C25.100.0%2CN%3Bsecurity%2C25.0.0%2CN%3Bbitrix.sitecorporate%2C26.0.0%2CN%3Bsearch%2C25.200.0%2CN&reqm=bitrix.sitecorporate&fullmoduleinfo=Y&SUPD_SRS=RU&SUPD_CMP=N
2026-06-15 18:19:37 -  - exec CUpdateClientPartner::GetHTTPPage
2026-06-15 18:19:37 -  - TIME GetUpdatesList(request) 0.176 sec
2026-06-15 18:19:37 -  - exec CUpdateClientPartner::ParseServerData
2026-06-15 18:21:12 -  - exec CUpdateClientPartner::GetUpdatesList
2026-06-15 18:21:12 -  - exec CUpdateClientPartner::__CollectRequestData
2026-06-15 18:21:12 -  - utf=Y&lang=ru&stable=Y&CANGZIP=Y&SUPD_DBS=MYSQL&XE=N&CLIENT_SITE=localhost&LICENSE_KEY=X&SUPD_STS=2&SUPD_URS=0&TYPENC=D&CLIENT_PHPVER=8.5.7&NGINX=Y&dbv=8.0.45&instm=main%2C26.150.0%2CY%3Bmobileapp%2C25.0.100%2CN%3Bblog%2C26.400.0%2CN%3Bb24connector%2C25.0.0%2CN%3Bhighloadblock%2C25.100.0%2CN%3Biblock%2C25.300.0%2CN%3Bsocialservices%2C26.0.0%2CN%3Brest%2C26.0.0%2CN%3Bfileman%2C25.200.200%2CN%3Bforum%2C26.0.0%2CN%3Blanding%2C26.200.0%2CN%3Bclouds%2C25.100.0%2CN%3Bphotogallery%2C25.100.0%2CN%3Bform%2C26.0.0%2CN%3Bbitrixcloud%2C25.100.0%2CN%3Bsubscribe%2C25.0.0%2CN%3Bmessageservice%2C25.200.100%2CN%3Bui%2C26.150.0%2CN%3Blocation%2C25.400.0%2CN%3Bperfmon%2C25.300.0%2CN%3Bseo%2C25.100.400%2CN%3Bvote%2C26.0.0%2CN%3Btranslate%2C25.100.0%2CN%3Bsecurity%2C25.0.0%2CN%3Bbitrix.sitecorporate%2C26.0.0%2CN%3Bsearch%2C25.200.0%2CN&reqm=bitrix.sitecorporate&fullmoduleinfo=Y&SUPD_SRS=RU&SUPD_CMP=N
2026-06-15 18:21:12 -  - exec CUpdateClientPartner::GetHTTPPage
2026-06-15 18:21:12 -  - TIME GetUpdatesList(request) 0.147 sec
2026-06-15 18:21:12 -  - exec CUpdateClientPartner::ParseServerData
2026-06-15 18:28:28 -  - exec CUpdateClientPartner::GetUpdatesList
2026-06-15 18:28:28 -  - exec CUpdateClientPartner::__CollectRequestData
2026-06-15 18:28:28 -  - utf=Y&lang=ru&stable=Y&CANGZIP=Y&SUPD_DBS=MYSQL&XE=N&CLIENT_SITE=localhost&LICENSE_KEY=X&SUPD_STS=2&SUPD_URS=0&TYPENC=D&CLIENT_PHPVER=8.5.7&NGINX=Y&dbv=8.0.45&instm=main%2C26.150.0%2CY%3Bmobileapp%2C25.0.100%2CN%3Bblog%2C26.400.0%2CN%3Bb24connector%2C25.0.0%2CN%3Bhighloadblock%2C25.100.0%2CN%3Biblock%2C25.300.0%2CN%3Bsocialservices%2C26.0.0%2CN%3Brest%2C26.0.0%2CN%3Bfileman%2C25.200.200%2CN%3Bforum%2C26.0.0%2CN%3Blanding%2C26.200.0%2CN%3Bclouds%2C25.100.0%2CN%3Bphotogallery%2C25.100.0%2CN%3Bform%2C26.0.0%2CN%3Bbitrixcloud%2C25.100.0%2CN%3Bsubscribe%2C25.0.0%2CN%3Bmessageservice%2C25.200.100%2CN%3Bui%2C26.150.0%2CN%3Blocation%2C25.400.0%2CN%3Bperfmon%2C25.300.0%2CN%3Bseo%2C25.100.400%2CN%3Bvote%2C26.0.0%2CN%3Btranslate%2C25.100.0%2CN%3Bsecurity%2C25.0.0%2CN%3Bbitrix.sitecorporate%2C26.0.0%2CN%3Bsearch%2C25.200.0%2CN&reqm=bitrix.sitecorporate&fullmoduleinfo=Y&SUPD_SRS=RU&SUPD_CMP=N
2026-06-15 18:28:28 -  - exec CUpdateClientPartner::GetHTTPPage
2026-06-15 18:28:28 -  - TIME GetUpdatesList(request) 0.16 sec
2026-06-15 18:28:28 -  - exec CUpdateClientPartner::ParseServerData
2026-06-15 18:28:28 -  - exec CUpdateClientPartner::GetUpdatesList
2026-06-15 18:28:28 -  - exec CUpdateClientPartner::__CollectRequestData
2026-06-15 18:28:28 -  - utf=Y&lang=ru&stable=Y&CANGZIP=Y&SUPD_DBS=MYSQL&XE=N&CLIENT_SITE=localhost&LICENSE_KEY=X&SUPD_STS=2&SUPD_URS=0&TYPENC=D&CLIENT_PHPVER=8.5.7&NGINX=Y&dbv=8.0.45&instm=main%2C26.150.0%2CY%3Bmobileapp%2C25.0.100%2CN%3Bblog%2C26.400.0%2CN%3Bb24connector%2C25.0.0%2CN%3Bhighloadblock%2C25.100.0%2CN%3Biblock%2C25.300.0%2CN%3Bsocialservices%2C26.0.0%2CN%3Brest%2C26.0.0%2CN%3Bfileman%2C25.200.200%2CN%3Bforum%2C26.0.0%2CN%3Blanding%2C26.200.0%2CN%3Bclouds%2C25.100.0%2CN%3Bphotogallery%2C25.100.0%2CN%3Bform%2C26.0.0%2CN%3Bbitrixcloud%2C25.100.0%2CN%3Bsubscribe%2C25.0.0%2CN%3Bmessageservice%2C25.200.100%2CN%3Bui%2C26.150.0%2CN%3Blocation%2C25.400.0%2CN%3Bperfmon%2C25.300.0%2CN%3Bseo%2C25.100.400%2CN%3Bvote%2C26.0.0%2CN%3Btranslate%2C25.100.0%2CN%3Bsecurity%2C25.0.0%2CN%3Bbitrix.sitecorporate%2C26.0.0%2CN%3Bsearch%2C25.200.0%2CN&reqm=bitrix.sitecorporate&fullmoduleinfo=Y&SUPD_SRS=RU&SUPD_CMP=N
2026-06-15 18:28:28 -  - exec CUpdateClientPartner::GetHTTPPage
2026-06-15 18:28:28 -  - TIME GetUpdatesList(request) 0.164 sec
2026-06-15 18:28:28 -  - exec CUpdateClientPartner::ParseServerData
2026-06-15 18:28:31 -  - exec CUpdateClientPartner::GetUpdatesList
2026-06-15 18:28:31 -  - exec CUpdateClientPartner::__CollectRequestData
2026-06-15 18:28:31 -  - utf=Y&lang=ru&stable=Y&CANGZIP=Y&SUPD_DBS=MYSQL&XE=N&CLIENT_SITE=localhost&LICENSE_KEY=X&SUPD_STS=2&SUPD_URS=0&TYPENC=D&CLIENT_PHPVER=8.5.7&NGINX=Y&dbv=8.0.45&instm=main%2C26.150.0%2CY%3Bmobileapp%2C25.0.100%2CN%3Bblog%2C26.400.0%2CN%3Bb24connector%2C25.0.0%2CN%3Bhighloadblock%2C25.100.0%2CN%3Biblock%2C25.300.0%2CN%3Bsocialservices%2C26.0.0%2CN%3Brest%2C26.0.0%2CN%3Bfileman%2C25.200.200%2CN%3Bforum%2C26.0.0%2CN%3Blanding%2C26.200.0%2CN%3Bclouds%2C25.100.0%2CN%3Bphotogallery%2C25.100.0%2CN%3Bform%2C26.0.0%2CN%3Bbitrixcloud%2C25.100.0%2CN%3Bsubscribe%2C25.0.0%2CN%3Bmessageservice%2C25.200.100%2CN%3Bui%2C26.150.0%2CN%3Blocation%2C25.400.0%2CN%3Bperfmon%2C25.300.0%2CN%3Bseo%2C25.100.400%2CN%3Bvote%2C26.0.0%2CN%3Btranslate%2C25.100.0%2CN%3Bsecurity%2C25.0.0%2CN%3Bbitrix.sitecorporate%2C26.0.0%2CN%3Bsearch%2C25.200.0%2CN&reqm=bitrix.sitecorporate&fullmoduleinfo=Y&SUPD_SRS=RU&SUPD_CMP=N
2026-06-15 18:28:31 -  - exec CUpdateClientPartner::GetHTTPPage
2026-06-15 18:28:31 -  - TIME GetUpdatesList(request) 0.142 sec
2026-06-15 18:28:31 -  - exec CUpdateClientPartner::ParseServerData
2026-06-15 18:28:32 -  - exec CUpdateClientPartner::GetUpdatesList
2026-06-15 18:28:32 -  - exec CUpdateClientPartner::__CollectRequestData
2026-06-15 18:28:32 -  - utf=Y&lang=ru&stable=Y&CANGZIP=Y&SUPD_DBS=MYSQL&XE=N&CLIENT_SITE=localhost&LICENSE_KEY=X&SUPD_STS=2&SUPD_URS=0&TYPENC=D&CLIENT_PHPVER=8.5.7&NGINX=Y&dbv=8.0.45&instm=main%2C26.150.0%2CY%3Bmobileapp%2C25.0.100%2CN%3Bblog%2C26.400.0%2CN%3Bb24connector%2C25.0.0%2CN%3Bhighloadblock%2C25.100.0%2CN%3Biblock%2C25.300.0%2CN%3Bsocialservices%2C26.0.0%2CN%3Brest%2C26.0.0%2CN%3Bfileman%2C25.200.200%2CN%3Bforum%2C26.0.0%2CN%3Blanding%2C26.200.0%2CN%3Bclouds%2C25.100.0%2CN%3Bphotogallery%2C25.100.0%2CN%3Bform%2C26.0.0%2CN%3Bbitrixcloud%2C25.100.0%2CN%3Bsubscribe%2C25.0.0%2CN%3Bmessageservice%2C25.200.100%2CN%3Bui%2C26.150.0%2CN%3Blocation%2C25.400.0%2CN%3Bperfmon%2C25.300.0%2CN%3Bseo%2C25.100.400%2CN%3Bvote%2C26.0.0%2CN%3Btranslate%2C25.100.0%2CN%3Bsecurity%2C25.0.0%2CN%3Bbitrix.sitecorporate%2C26.0.0%2CN%3Bsearch%2C25.200.0%2CN&reqm=bitrix.sitecorporate&fullmoduleinfo=Y&SUPD_SRS=RU&SUPD_CMP=N
2026-06-15 18:28:32 -  - exec CUpdateClientPartner::GetHTTPPage
2026-06-15 18:28:32 -  - TIME GetUpdatesList(request) 0.168 sec
2026-06-15 18:28:32 -  - exec CUpdateClientPartner::ParseServerData
2026-06-15 18:32:09 -  - exec CUpdateClientPartner::GetUpdatesList
2026-06-15 18:32:09 -  - exec CUpdateClientPartner::__CollectRequestData
2026-06-15 18:32:09 -  - utf=Y&lang=ru&stable=Y&CANGZIP=Y&SUPD_DBS=MYSQL&XE=N&CLIENT_SITE=localhost&LICENSE_KEY=X&SUPD_STS=2&SUPD_URS=0&TYPENC=D&CLIENT_PHPVER=8.5.7&NGINX=Y&dbv=8.0.45&instm=main%2C26.150.0%2CY%3Bmobileapp%2C25.0.100%2CN%3Bblog%2C26.400.0%2CN%3Bb24connector%2C25.0.0%2CN%3Bhighloadblock%2C25.100.0%2CN%3Biblock%2C25.300.0%2CN%3Bsocialservices%2C26.0.0%2CN%3Brest%2C26.0.0%2CN%3Bfileman%2C25.200.200%2CN%3Bforum%2C26.0.0%2CN%3Blanding%2C26.200.0%2CN%3Bclouds%2C25.100.0%2CN%3Bphotogallery%2C25.100.0%2CN%3Bform%2C26.0.0%2CN%3Bbitrixcloud%2C25.100.0%2CN%3Bsubscribe%2C25.0.0%2CN%3Bmessageservice%2C25.200.100%2CN%3Bui%2C26.150.0%2CN%3Blocation%2C25.400.0%2CN%3Bperfmon%2C25.300.0%2CN%3Bseo%2C25.100.400%2CN%3Bvote%2C26.0.0%2CN%3Btranslate%2C25.100.0%2CN%3Bsecurity%2C25.0.0%2CN%3Bbitrix.sitecorporate%2C26.0.0%2CN%3Bsearch%2C25.200.0%2CN&reqm=bitrix.sitecorporate&fullmoduleinfo=Y&SUPD_SRS=RU&SUPD_CMP=N
2026-06-15 18:32:09 -  - exec CUpdateClientPartner::GetHTTPPage
2026-06-15 18:32:09 -  - TIME GetUpdatesList(request) 0.172 sec
2026-06-15 18:32:09 -  - exec CUpdateClientPartner::ParseServerData
2026-06-15 21:26:15 -  - exec CUpdateClientPartner::GetUpdatesList
2026-06-15 21:26:15 -  - exec CUpdateClientPartner::__CollectRequestData
2026-06-15 21:26:15 -  - utf=Y&lang=ru&stable=Y&CANGZIP=Y&SUPD_DBS=MYSQL&XE=N&CLIENT_SITE=localhost&LICENSE_KEY=X&SUPD_STS=2&SUPD_URS=0&TYPENC=D&CLIENT_PHPVER=8.5.7&NGINX=Y&dbv=8.0.45&instm=main%2C26.150.0%2CY%3Bmobileapp%2C25.0.100%2CN%3Bblog%2C26.400.0%2CN%3Bb24connector%2C25.0.0%2CN%3Bhighloadblock%2C25.100.0%2CN%3Biblock%2C25.300.0%2CN%3Bsocialservices%2C26.0.0%2CN%3Brest%2C26.0.0%2CN%3Bfileman%2C25.200.200%2CN%3Bforum%2C26.0.0%2CN%3Blanding%2C26.200.0%2CN%3Bclouds%2C25.100.0%2CN%3Bphotogallery%2C25.100.0%2CN%3Bform%2C26.0.0%2CN%3Bbitrixcloud%2C25.100.0%2CN%3Bsubscribe%2C25.0.0%2CN%3Bmessageservice%2C25.200.100%2CN%3Bui%2C26.150.0%2CN%3Blocation%2C25.400.0%2CN%3Bperfmon%2C25.300.0%2CN%3Bseo%2C25.100.400%2CN%3Bvote%2C26.0.0%2CN%3Btranslate%2C25.100.0%2CN%3Bsecurity%2C25.0.0%2CN%3Bbitrix.sitecorporate%2C26.0.0%2CN%3Bsearch%2C25.200.0%2CN&reqm=bitrix.sitecorporate&fullmoduleinfo=Y&SUPD_SRS=RU&SUPD_CMP=N
2026-06-15 21:26:15 -  - exec CUpdateClientPartner::GetHTTPPage
2026-06-15 21:26:15 -  - TIME GetUpdatesList(request) 0.387 sec
2026-06-15 21:26:15 -  - exec CUpdateClientPartner::ParseServerData
2026-06-15 21:26:15 -  - exec CUpdateClientPartner::GetUpdatesList
2026-06-15 21:26:15 -  - exec CUpdateClientPartner::__CollectRequestData
2026-06-15 21:26:15 -  - utf=Y&lang=ru&stable=Y&CANGZIP=Y&SUPD_DBS=MYSQL&XE=N&CLIENT_SITE=localhost&LICENSE_KEY=X&SUPD_STS=2&SUPD_URS=0&TYPENC=D&CLIENT_PHPVER=8.5.7&NGINX=Y&dbv=8.0.45&instm=main%2C26.150.0%2CY%3Bmobileapp%2C25.0.100%2CN%3Bblog%2C26.400.0%2CN%3Bb24connector%2C25.0.0%2CN%3Bhighloadblock%2C25.100.0%2CN%3Biblock%2C25.300.0%2CN%3Bsocialservices%2C26.0.0%2CN%3Brest%2C26.0.0%2CN%3Bfileman%2C25.200.200%2CN%3Bforum%2C26.0.0%2CN%3Blanding%2C26.200.0%2CN%3Bclouds%2C25.100.0%2CN%3Bphotogallery%2C25.100.0%2CN%3Bform%2C26.0.0%2CN%3Bbitrixcloud%2C25.100.0%2CN%3Bsubscribe%2C25.0.0%2CN%3Bmessageservice%2C25.200.100%2CN%3Bui%2C26.150.0%2CN%3Blocation%2C25.400.0%2CN%3Bperfmon%2C25.300.0%2CN%3Bseo%2C25.100.400%2CN%3Bvote%2C26.0.0%2CN%3Btranslate%2C25.100.0%2CN%3Bsecurity%2C25.0.0%2CN%3Bbitrix.sitecorporate%2C26.0.0%2CN%3Bsearch%2C25.200.0%2CN&reqm=bitrix.sitecorporate&fullmoduleinfo=Y&SUPD_SRS=RU&SUPD_CMP=N
2026-06-15 21:26:15 -  - exec CUpdateClientPartner::GetHTTPPage
2026-06-15 21:26:16 -  - TIME GetUpdatesList(request) 0.181 sec
2026-06-15 21:26:16 -  - exec CUpdateClientPartner::ParseServerData
2026-06-15 21:26:21 -  - exec CUpdateClientPartner::GetUpdatesList
2026-06-15 21:26:21 -  - exec CUpdateClientPartner::__CollectRequestData
2026-06-15 21:26:21 -  - utf=Y&lang=ru&stable=Y&CANGZIP=Y&SUPD_DBS=MYSQL&XE=N&CLIENT_SITE=localhost&LICENSE_KEY=X&SUPD_STS=2&SUPD_URS=0&TYPENC=D&CLIENT_PHPVER=8.5.7&NGINX=Y&dbv=8.0.45&instm=main%2C26.150.0%2CY%3Bmobileapp%2C25.0.100%2CN%3Bblog%2C26.400.0%2CN%3Bb24connector%2C25.0.0%2CN%3Bhighloadblock%2C25.100.0%2CN%3Biblock%2C25.300.0%2CN%3Bsocialservices%2C26.0.0%2CN%3Brest%2C26.0.0%2CN%3Bfileman%2C25.200.200%2CN%3Bforum%2C26.0.0%2CN%3Blanding%2C26.200.0%2CN%3Bclouds%2C25.100.0%2CN%3Bphotogallery%2C25.100.0%2CN%3Bform%2C26.0.0%2CN%3Bbitrixcloud%2C25.100.0%2CN%3Bsubscribe%2C25.0.0%2CN%3Bmessageservice%2C25.200.100%2CN%3Bui%2C26.150.0%2CN%3Blocation%2C25.400.0%2CN%3Bperfmon%2C25.300.0%2CN%3Bseo%2C25.100.400%2CN%3Bvote%2C26.0.0%2CN%3Btranslate%2C25.100.0%2CN%3Bsecurity%2C25.0.0%2CN%3Bbitrix.sitecorporate%2C26.0.0%2CN%3Bsearch%2C25.200.0%2CN&reqm=bitrix.sitecorporate&fullmoduleinfo=Y&SUPD_SRS=RU&SUPD_CMP=N
2026-06-15 21:26:21 -  - exec CUpdateClientPartner::GetHTTPPage
2026-06-15 21:26:21 -  - TIME GetUpdatesList(request) 0.144 sec
2026-06-15 21:26:21 -  - exec CUpdateClientPartner::ParseServerData
2026-06-15 21:26:23 -  - exec CUpdateClientPartner::GetUpdatesList
2026-06-15 21:26:23 -  - exec CUpdateClientPartner::__CollectRequestData
2026-06-15 21:26:23 -  - utf=Y&lang=ru&stable=Y&CANGZIP=Y&SUPD_DBS=MYSQL&XE=N&CLIENT_SITE=localhost&LICENSE_KEY=X&SUPD_STS=2&SUPD_URS=0&TYPENC=D&CLIENT_PHPVER=8.5.7&NGINX=Y&dbv=8.0.45&instm=main%2C26.150.0%2CY%3Bmobileapp%2C25.0.100%2CN%3Bblog%2C26.400.0%2CN%3Bb24connector%2C25.0.0%2CN%3Bhighloadblock%2C25.100.0%2CN%3Biblock%2C25.300.0%2CN%3Bsocialservices%2C26.0.0%2CN%3Brest%2C26.0.0%2CN%3Bfileman%2C25.200.200%2CN%3Bforum%2C26.0.0%2CN%3Blanding%2C26.200.0%2CN%3Bclouds%2C25.100.0%2CN%3Bphotogallery%2C25.100.0%2CN%3Bform%2C26.0.0%2CN%3Bbitrixcloud%2C25.100.0%2CN%3Bsubscribe%2C25.0.0%2CN%3Bmessageservice%2C25.200.100%2CN%3Bui%2C26.150.0%2CN%3Blocation%2C25.400.0%2CN%3Bperfmon%2C25.300.0%2CN%3Bseo%2C25.100.400%2CN%3Bvote%2C26.0.0%2CN%3Btranslate%2C25.100.0%2CN%3Bsecurity%2C25.0.0%2CN%3Bbitrix.sitecorporate%2C26.0.0%2CN%3Bsearch%2C25.200.0%2CN&reqm=bitrix.sitecorporate&fullmoduleinfo=Y&SUPD_SRS=RU&SUPD_CMP=N
2026-06-15 21:26:23 -  - exec CUpdateClientPartner::GetHTTPPage
2026-06-15 21:26:23 -  - TIME GetUpdatesList(request) 0.125 sec
2026-06-15 21:26:23 -  - exec CUpdateClientPartner::ParseServerData
2026-06-15 21:26:24 -  - exec CUpdateClientPartner::GetUpdatesList
2026-06-15 21:26:24 -  - exec CUpdateClientPartner::__CollectRequestData
2026-06-15 21:26:24 -  - utf=Y&lang=ru&stable=Y&CANGZIP=Y&SUPD_DBS=MYSQL&XE=N&CLIENT_SITE=localhost&LICENSE_KEY=X&SUPD_STS=2&SUPD_URS=0&TYPENC=D&CLIENT_PHPVER=8.5.7&NGINX=Y&dbv=8.0.45&instm=main%2C26.150.0%2CY%3Bmobileapp%2C25.0.100%2CN%3Bblog%2C26.400.0%2CN%3Bb24connector%2C25.0.0%2CN%3Bhighloadblock%2C25.100.0%2CN%3Biblock%2C25.300.0%2CN%3Bsocialservices%2C26.0.0%2CN%3Brest%2C26.0.0%2CN%3Bfileman%2C25.200.200%2CN%3Bforum%2C26.0.0%2CN%3Blanding%2C26.200.0%2CN%3Bclouds%2C25.100.0%2CN%3Bphotogallery%2C25.100.0%2CN%3Bform%2C26.0.0%2CN%3Bbitrixcloud%2C25.100.0%2CN%3Bsubscribe%2C25.0.0%2CN%3Bmessageservice%2C25.200.100%2CN%3Bui%2C26.150.0%2CN%3Blocation%2C25.400.0%2CN%3Bperfmon%2C25.300.0%2CN%3Bseo%2C25.100.400%2CN%3Bvote%2C26.0.0%2CN%3Btranslate%2C25.100.0%2CN%3Bsecurity%2C25.0.0%2CN%3Bbitrix.sitecorporate%2C26.0.0%2CN%3Bsearch%2C25.200.0%2CN&reqm=bitrix.sitecorporate&fullmoduleinfo=Y&SUPD_SRS=RU&SUPD_CMP=N
2026-06-15 21:26:24 -  - exec CUpdateClientPartner::GetHTTPPage
2026-06-15 21:26:24 -  - TIME GetUpdatesList(request) 0.158 sec
2026-06-15 21:26:24 -  - exec CUpdateClientPartner::ParseServerData
2026-06-15 21:33:32 -  - exec CUpdateClientPartner::GetUpdatesList
2026-06-15 21:33:32 -  - exec CUpdateClientPartner::__CollectRequestData
2026-06-15 21:33:32 -  - utf=Y&lang=ru&stable=Y&CANGZIP=Y&SUPD_DBS=MYSQL&XE=N&CLIENT_SITE=localhost&LICENSE_KEY=X&SUPD_STS=2&SUPD_URS=0&TYPENC=D&CLIENT_PHPVER=8.5.7&NGINX=Y&dbv=8.0.45&instm=main%2C26.150.0%2CY%3Bmobileapp%2C25.0.100%2CN%3Bblog%2C26.400.0%2CN%3Bb24connector%2C25.0.0%2CN%3Bhighloadblock%2C25.100.0%2CN%3Biblock%2C25.300.0%2CN%3Bsocialservices%2C26.0.0%2CN%3Brest%2C26.0.0%2CN%3Bfileman%2C25.200.200%2CN%3Bforum%2C26.0.0%2CN%3Blanding%2C26.200.0%2CN%3Bclouds%2C25.100.0%2CN%3Bphotogallery%2C25.100.0%2CN%3Bform%2C26.0.0%2CN%3Bbitrixcloud%2C25.100.0%2CN%3Bsubscribe%2C25.0.0%2CN%3Bmessageservice%2C25.200.100%2CN%3Bui%2C26.150.0%2CN%3Blocation%2C25.400.0%2CN%3Bperfmon%2C25.300.0%2CN%3Bseo%2C25.100.400%2CN%3Bvote%2C26.0.0%2CN%3Btranslate%2C25.100.0%2CN%3Bsecurity%2C25.0.0%2CN%3Bbitrix.sitecorporate%2C26.0.0%2CN%3Bsearch%2C25.200.0%2CN&reqm=bitrix.sitecorporate&fullmoduleinfo=Y&SUPD_SRS=RU&SUPD_CMP=N
2026-06-15 21:33:32 -  - exec CUpdateClientPartner::GetHTTPPage
2026-06-15 21:33:32 -  - TIME GetUpdatesList(request) 0.145 sec
2026-06-15 21:33:32 -  - exec CUpdateClientPartner::ParseServerData
2026-06-15 21:33:32 -  - exec CUpdateClientPartner::GetUpdatesList
2026-06-15 21:33:32 -  - exec CUpdateClientPartner::__CollectRequestData
2026-06-15 21:33:32 -  - utf=Y&lang=ru&stable=Y&CANGZIP=Y&SUPD_DBS=MYSQL&XE=N&CLIENT_SITE=localhost&LICENSE_KEY=X&SUPD_STS=2&SUPD_URS=0&TYPENC=D&CLIENT_PHPVER=8.5.7&NGINX=Y&dbv=8.0.45&instm=main%2C26.150.0%2CY%3Bmobileapp%2C25.0.100%2CN%3Bblog%2C26.400.0%2CN%3Bb24connector%2C25.0.0%2CN%3Bhighloadblock%2C25.100.0%2CN%3Biblock%2C25.300.0%2CN%3Bsocialservices%2C26.0.0%2CN%3Brest%2C26.0.0%2CN%3Bfileman%2C25.200.200%2CN%3Bforum%2C26.0.0%2CN%3Blanding%2C26.200.0%2CN%3Bclouds%2C25.100.0%2CN%3Bphotogallery%2C25.100.0%2CN%3Bform%2C26.0.0%2CN%3Bbitrixcloud%2C25.100.0%2CN%3Bsubscribe%2C25.0.0%2CN%3Bmessageservice%2C25.200.100%2CN%3Bui%2C26.150.0%2CN%3Blocation%2C25.400.0%2CN%3Bperfmon%2C25.300.0%2CN%3Bseo%2C25.100.400%2CN%3Bvote%2C26.0.0%2CN%3Btranslate%2C25.100.0%2CN%3Bsecurity%2C25.0.0%2CN%3Bbitrix.sitecorporate%2C26.0.0%2CN%3Bsearch%2C25.200.0%2CN&reqm=bitrix.sitecorporate&fullmoduleinfo=Y&SUPD_SRS=RU&SUPD_CMP=N
2026-06-15 21:33:32 -  - exec CUpdateClientPartner::GetHTTPPage
2026-06-15 21:33:33 -  - TIME GetUpdatesList(request) 0.147 sec
2026-06-15 21:33:33 -  - exec CUpdateClientPartner::ParseServerData
2026-06-15 21:33:33 -  - exec CUpdateClientPartner::GetUpdatesList
2026-06-15 21:33:33 -  - exec CUpdateClientPartner::__CollectRequestData
2026-06-15 21:33:33 -  - utf=Y&lang=ru&stable=Y&CANGZIP=Y&SUPD_DBS=MYSQL&XE=N&CLIENT_SITE=localhost&LICENSE_KEY=X&SUPD_STS=2&SUPD_URS=0&TYPENC=D&CLIENT_PHPVER=8.5.7&NGINX=Y&dbv=8.0.45&instm=main%2C26.150.0%2CY%3Bmobileapp%2C25.0.100%2CN%3Bblog%2C26.400.0%2CN%3Bb24connector%2C25.0.0%2CN%3Bhighloadblock%2C25.100.0%2CN%3Biblock%2C25.300.0%2CN%3Bsocialservices%2C26.0.0%2CN%3Brest%2C26.0.0%2CN%3Bfileman%2C25.200.200%2CN%3Bforum%2C26.0.0%2CN%3Blanding%2C26.200.0%2CN%3Bclouds%2C25.100.0%2CN%3Bphotogallery%2C25.100.0%2CN%3Bform%2C26.0.0%2CN%3Bbitrixcloud%2C25.100.0%2CN%3Bsubscribe%2C25.0.0%2CN%3Bmessageservice%2C25.200.100%2CN%3Bui%2C26.150.0%2CN%3Blocation%2C25.400.0%2CN%3Bperfmon%2C25.300.0%2CN%3Bseo%2C25.100.400%2CN%3Bvote%2C26.0.0%2CN%3Btranslate%2C25.100.0%2CN%3Bsecurity%2C25.0.0%2CN%3Bbitrix.sitecorporate%2C26.0.0%2CN%3Bsearch%2C25.200.0%2CN&reqm=bitrix.sitecorporate&fullmoduleinfo=Y&SUPD_SRS=RU&SUPD_CMP=N
2026-06-15 21:33:33 -  - exec CUpdateClientPartner::GetHTTPPage
2026-06-15 21:33:33 -  - TIME GetUpdatesList(request) 0.138 sec
2026-06-15 21:33:33 -  - exec CUpdateClientPartner::ParseServerData
2026-06-16 08:10:44 -  - exec CUpdateClientPartner::GetUpdatesList
2026-06-16 08:10:44 -  - exec CUpdateClientPartner::__CollectRequestData
2026-06-16 08:10:44 -  - utf=Y&lang=ru&stable=Y&CANGZIP=Y&SUPD_DBS=MYSQL&XE=N&CLIENT_SITE=localhost&LICENSE_KEY=X&SUPD_STS=3&SUPD_URS=0&TYPENC=D&CLIENT_PHPVER=8.5.7&NGINX=Y&dbv=8.0.45&instm=main%2C26.150.0%2CY%3Bmobileapp%2C25.0.100%2CN%3Bblog%2C26.400.0%2CN%3Bb24connector%2C25.0.0%2CN%3Bhighloadblock%2C25.100.0%2CN%3Biblock%2C25.300.0%2CN%3Bsocialservices%2C26.0.0%2CN%3Brest%2C26.0.0%2CN%3Bfileman%2C25.200.200%2CN%3Bforum%2C26.0.0%2CN%3Blanding%2C26.200.0%2CN%3Bclouds%2C25.100.0%2CN%3Bphotogallery%2C25.100.0%2CN%3Bform%2C26.0.0%2CN%3Bbitrixcloud%2C25.100.0%2CN%3Bsubscribe%2C25.0.0%2CN%3Bmessageservice%2C25.200.100%2CN%3Bui%2C26.150.0%2CN%3Blocation%2C25.400.0%2CN%3Bperfmon%2C25.300.0%2CN%3Bseo%2C25.100.400%2CN%3Bvote%2C26.0.0%2CN%3Btranslate%2C25.100.0%2CN%3Bsecurity%2C25.0.0%2CN%3Bbitrix.sitecorporate%2C26.0.0%2CN%3Bsearch%2C25.200.0%2CN&reqm=bitrix.sitecorporate&fullmoduleinfo=Y&SUPD_SRS=RU&SUPD_CMP=N
2026-06-16 08:10:44 -  - exec CUpdateClientPartner::GetHTTPPage
2026-06-16 08:10:44 -  - TIME GetUpdatesList(request) 0.235 sec
2026-06-16 08:10:44 -  - exec CUpdateClientPartner::ParseServerData
2026-06-16 08:10:46 -  - exec CUpdateClientPartner::GetUpdatesList
2026-06-16 08:10:46 -  - exec CUpdateClientPartner::__CollectRequestData
2026-06-16 08:10:46 -  - utf=Y&lang=ru&stable=Y&CANGZIP=Y&SUPD_DBS=MYSQL&XE=N&CLIENT_SITE=localhost&LICENSE_KEY=X&SUPD_STS=3&SUPD_URS=0&TYPENC=D&CLIENT_PHPVER=8.5.7&NGINX=Y&dbv=8.0.45&instm=main%2C26.150.0%2CY%3Bmobileapp%2C25.0.100%2CN%3Bblog%2C26.400.0%2CN%3Bb24connector%2C25.0.0%2CN%3Bhighloadblock%2C25.100.0%2CN%3Biblock%2C25.300.0%2CN%3Bsocialservices%2C26.0.0%2CN%3Brest%2C26.0.0%2CN%3Bfileman%2C25.200.200%2CN%3Bforum%2C26.0.0%2CN%3Blanding%2C26.200.0%2CN%3Bclouds%2C25.100.0%2CN%3Bphotogallery%2C25.100.0%2CN%3Bform%2C26.0.0%2CN%3Bbitrixcloud%2C25.100.0%2CN%3Bsubscribe%2C25.0.0%2CN%3Bmessageservice%2C25.200.100%2CN%3Bui%2C26.150.0%2CN%3Blocation%2C25.400.0%2CN%3Bperfmon%2C25.300.0%2CN%3Bseo%2C25.100.400%2CN%3Bvote%2C26.0.0%2CN%3Btranslate%2C25.100.0%2CN%3Bsecurity%2C25.0.0%2CN%3Bbitrix.sitecorporate%2C26.0.0%2CN%3Bsearch%2C25.200.0%2CN&reqm=bitrix.sitecorporate&fullmoduleinfo=Y&SUPD_SRS=RU&SUPD_CMP=N
2026-06-16 08:10:46 -  - exec CUpdateClientPartner::GetHTTPPage
2026-06-16 08:10:47 -  - TIME GetUpdatesList(request) 0.163 sec
2026-06-16 08:10:47 -  - exec CUpdateClientPartner::ParseServerData
2026-06-16 08:10:48 -  - exec CUpdateClientPartner::GetUpdatesList
2026-06-16 08:10:48 -  - exec CUpdateClientPartner::__CollectRequestData
2026-06-16 08:10:48 -  - utf=Y&lang=ru&stable=Y&CANGZIP=Y&SUPD_DBS=MYSQL&XE=N&CLIENT_SITE=localhost&LICENSE_KEY=X&SUPD_STS=3&SUPD_URS=0&TYPENC=D&CLIENT_PHPVER=8.5.7&NGINX=Y&dbv=8.0.45&instm=main%2C26.150.0%2CY%3Bmobileapp%2C25.0.100%2CN%3Bblog%2C26.400.0%2CN%3Bb24connector%2C25.0.0%2CN%3Bhighloadblock%2C25.100.0%2CN%3Biblock%2C25.300.0%2CN%3Bsocialservices%2C26.0.0%2CN%3Brest%2C26.0.0%2CN%3Bfileman%2C25.200.200%2CN%3Bforum%2C26.0.0%2CN%3Blanding%2C26.200.0%2CN%3Bclouds%2C25.100.0%2CN%3Bphotogallery%2C25.100.0%2CN%3Bform%2C26.0.0%2CN%3Bbitrixcloud%2C25.100.0%2CN%3Bsubscribe%2C25.0.0%2CN%3Bmessageservice%2C25.200.100%2CN%3Bui%2C26.150.0%2CN%3Blocation%2C25.400.0%2CN%3Bperfmon%2C25.300.0%2CN%3Bseo%2C25.100.400%2CN%3Bvote%2C26.0.0%2CN%3Btranslate%2C25.100.0%2CN%3Bsecurity%2C25.0.0%2CN%3Bbitrix.sitecorporate%2C26.0.0%2CN%3Bsearch%2C25.200.0%2CN&reqm=bitrix.sitecorporate&fullmoduleinfo=Y&SUPD_SRS=RU&SUPD_CMP=N
2026-06-16 08:10:48 -  - exec CUpdateClientPartner::GetHTTPPage
2026-06-16 08:10:48 -  - TIME GetUpdatesList(request) 0.166 sec
2026-06-16 08:10:48 -  - exec CUpdateClientPartner::ParseServerData
2026-06-16 08:10:50 -  - exec CUpdateClientPartner::GetUpdatesList
2026-06-16 08:10:50 -  - exec CUpdateClientPartner::__CollectRequestData
2026-06-16 08:10:50 -  - utf=Y&lang=ru&stable=Y&CANGZIP=Y&SUPD_DBS=MYSQL&XE=N&CLIENT_SITE=localhost&LICENSE_KEY=X&SUPD_STS=3&SUPD_URS=0&TYPENC=D&CLIENT_PHPVER=8.5.7&NGINX=Y&dbv=8.0.45&instm=main%2C26.150.0%2CY%3Bmobileapp%2C25.0.100%2CN%3Bblog%2C26.400.0%2CN%3Bb24connector%2C25.0.0%2CN%3Bhighloadblock%2C25.100.0%2CN%3Biblock%2C25.300.0%2CN%3Bsocialservices%2C26.0.0%2CN%3Brest%2C26.0.0%2CN%3Bfileman%2C25.200.200%2CN%3Bforum%2C26.0.0%2CN%3Blanding%2C26.200.0%2CN%3Bclouds%2C25.100.0%2CN%3Bphotogallery%2C25.100.0%2CN%3Bform%2C26.0.0%2CN%3Bbitrixcloud%2C25.100.0%2CN%3Bsubscribe%2C25.0.0%2CN%3Bmessageservice%2C25.200.100%2CN%3Bui%2C26.150.0%2CN%3Blocation%2C25.400.0%2CN%3Bperfmon%2C25.300.0%2CN%3Bseo%2C25.100.400%2CN%3Bvote%2C26.0.0%2CN%3Btranslate%2C25.100.0%2CN%3Bsecurity%2C25.0.0%2CN%3Bbitrix.sitecorporate%2C26.0.0%2CN%3Bsearch%2C25.200.0%2CN&reqm=bitrix.sitecorporate&fullmoduleinfo=Y&SUPD_SRS=RU&SUPD_CMP=N
2026-06-16 08:10:50 -  - exec CUpdateClientPartner::GetHTTPPage
2026-06-16 08:10:50 -  - TIME GetUpdatesList(request) 0.137 sec
2026-06-16 08:10:50 -  - exec CUpdateClientPartner::ParseServerData
2026-06-16 08:10:52 -  - exec CUpdateClientPartner::GetUpdatesList
2026-06-16 08:10:52 -  - exec CUpdateClientPartner::__CollectRequestData
2026-06-16 08:10:52 -  - utf=Y&lang=ru&stable=Y&CANGZIP=Y&SUPD_DBS=MYSQL&XE=N&CLIENT_SITE=localhost&LICENSE_KEY=X&SUPD_STS=3&SUPD_URS=0&TYPENC=D&CLIENT_PHPVER=8.5.7&NGINX=Y&dbv=8.0.45&instm=main%2C26.150.0%2CY%3Bmobileapp%2C25.0.100%2CN%3Bblog%2C26.400.0%2CN%3Bb24connector%2C25.0.0%2CN%3Bhighloadblock%2C25.100.0%2CN%3Biblock%2C25.300.0%2CN%3Bsocialservices%2C26.0.0%2CN%3Brest%2C26.0.0%2CN%3Bfileman%2C25.200.200%2CN%3Bforum%2C26.0.0%2CN%3Blanding%2C26.200.0%2CN%3Bclouds%2C25.100.0%2CN%3Bphotogallery%2C25.100.0%2CN%3Bform%2C26.0.0%2CN%3Bbitrixcloud%2C25.100.0%2CN%3Bsubscribe%2C25.0.0%2CN%3Bmessageservice%2C25.200.100%2CN%3Bui%2C26.150.0%2CN%3Blocation%2C25.400.0%2CN%3Bperfmon%2C25.300.0%2CN%3Bseo%2C25.100.400%2CN%3Bvote%2C26.0.0%2CN%3Btranslate%2C25.100.0%2CN%3Bsecurity%2C25.0.0%2CN%3Bbitrix.sitecorporate%2C26.0.0%2CN%3Bsearch%2C25.200.0%2CN&reqm=bitrix.sitecorporate&fullmoduleinfo=Y&SUPD_SRS=RU&SUPD_CMP=N
2026-06-16 08:10:52 -  - exec CUpdateClientPartner::GetHTTPPage
2026-06-16 08:10:52 -  - TIME GetUpdatesList(request) 0.134 sec
2026-06-16 08:10:52 -  - exec CUpdateClientPartner::ParseServerData
2026-06-16 08:15:06 -  - exec CUpdateClientPartner::GetUpdatesList
2026-06-16 08:15:06 -  - exec CUpdateClientPartner::__CollectRequestData
2026-06-16 08:15:06 -  - utf=Y&lang=ru&stable=Y&CANGZIP=Y&SUPD_DBS=MYSQL&XE=N&CLIENT_SITE=localhost&LICENSE_KEY=X&SUPD_STS=3&SUPD_URS=0&TYPENC=D&CLIENT_PHPVER=8.5.7&NGINX=Y&dbv=8.0.45&instm=main%2C26.150.0%2CY%3Bmobileapp%2C25.0.100%2CN%3Bblog%2C26.400.0%2CN%3Bb24connector%2C25.0.0%2CN%3Bhighloadblock%2C25.100.0%2CN%3Biblock%2C25.300.0%2CN%3Bsocialservices%2C26.0.0%2CN%3Brest%2C26.0.0%2CN%3Bfileman%2C25.200.200%2CN%3Bforum%2C26.0.0%2CN%3Blanding%2C26.200.0%2CN%3Bclouds%2C25.100.0%2CN%3Bphotogallery%2C25.100.0%2CN%3Bform%2C26.0.0%2CN%3Bbitrixcloud%2C25.100.0%2CN%3Bsubscribe%2C25.0.0%2CN%3Bmessageservice%2C25.200.100%2CN%3Bui%2C26.150.0%2CN%3Blocation%2C25.400.0%2CN%3Bperfmon%2C25.300.0%2CN%3Bseo%2C25.100.400%2CN%3Bvote%2C26.0.0%2CN%3Btranslate%2C25.100.0%2CN%3Bsecurity%2C25.0.0%2CN%3Bbitrix.sitecorporate%2C26.0.0%2CN%3Bsearch%2C25.200.0%2CN&reqm=bitrix.sitecorporate&fullmoduleinfo=Y&SUPD_SRS=RU&SUPD_CMP=N
2026-06-16 08:15:06 -  - exec CUpdateClientPartner::GetHTTPPage
2026-06-16 08:15:06 -  - TIME GetUpdatesList(request) 0.191 sec
2026-06-16 08:15:06 -  - exec CUpdateClientPartner::ParseServerData
2026-06-16 08:15:09 -  - exec CUpdateClientPartner::GetUpdatesList
2026-06-16 08:15:09 -  - exec CUpdateClientPartner::__CollectRequestData
2026-06-16 08:15:09 -  - utf=Y&lang=ru&stable=Y&CANGZIP=Y&SUPD_DBS=MYSQL&XE=N&CLIENT_SITE=localhost&LICENSE_KEY=X&SUPD_STS=3&SUPD_URS=0&TYPENC=D&CLIENT_PHPVER=8.5.7&NGINX=Y&dbv=8.0.45&instm=main%2C26.150.0%2CY%3Bmobileapp%2C25.0.100%2CN%3Bblog%2C26.400.0%2CN%3Bb24connector%2C25.0.0%2CN%3Bhighloadblock%2C25.100.0%2CN%3Biblock%2C25.300.0%2CN%3Bsocialservices%2C26.0.0%2CN%3Brest%2C26.0.0%2CN%3Bfileman%2C25.200.200%2CN%3Bforum%2C26.0.0%2CN%3Blanding%2C26.200.0%2CN%3Bclouds%2C25.100.0%2CN%3Bphotogallery%2C25.100.0%2CN%3Bform%2C26.0.0%2CN%3Bbitrixcloud%2C25.100.0%2CN%3Bsubscribe%2C25.0.0%2CN%3Bmessageservice%2C25.200.100%2CN%3Bui%2C26.150.0%2CN%3Blocation%2C25.400.0%2CN%3Bperfmon%2C25.300.0%2CN%3Bseo%2C25.100.400%2CN%3Bvote%2C26.0.0%2CN%3Btranslate%2C25.100.0%2CN%3Bsecurity%2C25.0.0%2CN%3Bbitrix.sitecorporate%2C26.0.0%2CN%3Bsearch%2C25.200.0%2CN&reqm=bitrix.sitecorporate&fullmoduleinfo=Y&SUPD_SRS=RU&SUPD_CMP=N
2026-06-16 08:15:09 -  - exec CUpdateClientPartner::GetHTTPPage
2026-06-16 08:15:09 -  - TIME GetUpdatesList(request) 0.215 sec
2026-06-16 08:15:09 -  - exec CUpdateClientPartner::ParseServerData
2026-06-16 08:15:10 -  - exec CUpdateClientPartner::GetUpdatesList
2026-06-16 08:15:10 -  - exec CUpdateClientPartner::__CollectRequestData
2026-06-16 08:15:10 -  - utf=Y&lang=ru&stable=Y&CANGZIP=Y&SUPD_DBS=MYSQL&XE=N&CLIENT_SITE=localhost&LICENSE_KEY=X&SUPD_STS=3&SUPD_URS=0&TYPENC=D&CLIENT_PHPVER=8.5.7&NGINX=Y&dbv=8.0.45&instm=main%2C26.150.0%2CY%3Bmobileapp%2C25.0.100%2CN%3Bblog%2C26.400.0%2CN%3Bb24connector%2C25.0.0%2CN%3Bhighloadblock%2C25.100.0%2CN%3Biblock%2C25.300.0%2CN%3Bsocialservices%2C26.0.0%2CN%3Brest%2C26.0.0%2CN%3Bfileman%2C25.200.200%2CN%3Bforum%2C26.0.0%2CN%3Blanding%2C26.200.0%2CN%3Bclouds%2C25.100.0%2CN%3Bphotogallery%2C25.100.0%2CN%3Bform%2C26.0.0%2CN%3Bbitrixcloud%2C25.100.0%2CN%3Bsubscribe%2C25.0.0%2CN%3Bmessageservice%2C25.200.100%2CN%3Bui%2C26.150.0%2CN%3Blocation%2C25.400.0%2CN%3Bperfmon%2C25.300.0%2CN%3Bseo%2C25.100.400%2CN%3Bvote%2C26.0.0%2CN%3Btranslate%2C25.100.0%2CN%3Bsecurity%2C25.0.0%2CN%3Bbitrix.sitecorporate%2C26.0.0%2CN%3Bsearch%2C25.200.0%2CN&reqm=bitrix.sitecorporate&fullmoduleinfo=Y&SUPD_SRS=RU&SUPD_CMP=N
2026-06-16 08:15:10 -  - exec CUpdateClientPartner::GetHTTPPage
2026-06-16 08:15:11 -  - TIME GetUpdatesList(request) 0.194 sec
2026-06-16 08:15:11 -  - exec CUpdateClientPartner::ParseServerData
2026-06-16 08:15:13 -  - exec CUpdateClientPartner::GetUpdatesList
2026-06-16 08:15:13 -  - exec CUpdateClientPartner::__CollectRequestData
2026-06-16 08:15:13 -  - utf=Y&lang=ru&stable=Y&CANGZIP=Y&SUPD_DBS=MYSQL&XE=N&CLIENT_SITE=localhost&LICENSE_KEY=X&SUPD_STS=3&SUPD_URS=0&TYPENC=D&CLIENT_PHPVER=8.5.7&NGINX=Y&dbv=8.0.45&instm=main%2C26.150.0%2CY%3Bmobileapp%2C25.0.100%2CN%3Bblog%2C26.400.0%2CN%3Bb24connector%2C25.0.0%2CN%3Bhighloadblock%2C25.100.0%2CN%3Biblock%2C25.300.0%2CN%3Bsocialservices%2C26.0.0%2CN%3Brest%2C26.0.0%2CN%3Bfileman%2C25.200.200%2CN%3Bforum%2C26.0.0%2CN%3Blanding%2C26.200.0%2CN%3Bclouds%2C25.100.0%2CN%3Bphotogallery%2C25.100.0%2CN%3Bform%2C26.0.0%2CN%3Bbitrixcloud%2C25.100.0%2CN%3Bsubscribe%2C25.0.0%2CN%3Bmessageservice%2C25.200.100%2CN%3Bui%2C26.150.0%2CN%3Blocation%2C25.400.0%2CN%3Bperfmon%2C25.300.0%2CN%3Bseo%2C25.100.400%2CN%3Bvote%2C26.0.0%2CN%3Btranslate%2C25.100.0%2CN%3Bsecurity%2C25.0.0%2CN%3Bbitrix.sitecorporate%2C26.0.0%2CN%3Bsearch%2C25.200.0%2CN&reqm=bitrix.sitecorporate&fullmoduleinfo=Y&SUPD_SRS=RU&SUPD_CMP=N
2026-06-16 08:15:13 -  - exec CUpdateClientPartner::GetHTTPPage
2026-06-16 08:15:14 -  - TIME GetUpdatesList(request) 0.178 sec
2026-06-16 08:15:14 -  - exec CUpdateClientPartner::ParseServerData
2026-06-16 08:15:15 -  - exec CUpdateClientPartner::GetUpdatesList
2026-06-16 08:15:15 -  - exec CUpdateClientPartner::__CollectRequestData
2026-06-16 08:15:15 -  - utf=Y&lang=ru&stable=Y&CANGZIP=Y&SUPD_DBS=MYSQL&XE=N&CLIENT_SITE=localhost&LICENSE_KEY=X&SUPD_STS=3&SUPD_URS=0&TYPENC=D&CLIENT_PHPVER=8.5.7&NGINX=Y&dbv=8.0.45&instm=main%2C26.150.0%2CY%3Bmobileapp%2C25.0.100%2CN%3Bblog%2C26.400.0%2CN%3Bb24connector%2C25.0.0%2CN%3Bhighloadblock%2C25.100.0%2CN%3Biblock%2C25.300.0%2CN%3Bsocialservices%2C26.0.0%2CN%3Brest%2C26.0.0%2CN%3Bfileman%2C25.200.200%2CN%3Bforum%2C26.0.0%2CN%3Blanding%2C26.200.0%2CN%3Bclouds%2C25.100.0%2CN%3Bphotogallery%2C25.100.0%2CN%3Bform%2C26.0.0%2CN%3Bbitrixcloud%2C25.100.0%2CN%3Bsubscribe%2C25.0.0%2CN%3Bmessageservice%2C25.200.100%2CN%3Bui%2C26.150.0%2CN%3Blocation%2C25.400.0%2CN%3Bperfmon%2C25.300.0%2CN%3Bseo%2C25.100.400%2CN%3Bvote%2C26.0.0%2CN%3Btranslate%2C25.100.0%2CN%3Bsecurity%2C25.0.0%2CN%3Bbitrix.sitecorporate%2C26.0.0%2CN%3Bsearch%2C25.200.0%2CN&reqm=bitrix.sitecorporate&fullmoduleinfo=Y&SUPD_SRS=RU&SUPD_CMP=N
2026-06-16 08:15:15 -  - exec CUpdateClientPartner::GetHTTPPage
2026-06-16 08:15:15 -  - TIME GetUpdatesList(request) 0.174 sec
2026-06-16 08:15:15 -  - exec CUpdateClientPartner::ParseServerData
2026-06-16 08:17:24 -  - exec CUpdateClientPartner::GetUpdatesList
2026-06-16 08:17:24 -  - exec CUpdateClientPartner::__CollectRequestData
2026-06-16 08:17:24 -  - utf=Y&lang=ru&stable=Y&CANGZIP=Y&SUPD_DBS=MYSQL&XE=N&CLIENT_SITE=localhost&LICENSE_KEY=X&SUPD_STS=3&SUPD_URS=0&TYPENC=D&CLIENT_PHPVER=8.5.7&NGINX=Y&dbv=8.0.45&instm=main%2C26.150.0%2CY%3Bmobileapp%2C25.0.100%2CN%3Bblog%2C26.400.0%2CN%3Bb24connector%2C25.0.0%2CN%3Bhighloadblock%2C25.100.0%2CN%3Biblock%2C25.300.0%2CN%3Bsocialservices%2C26.0.0%2CN%3Brest%2C26.0.0%2CN%3Bfileman%2C25.200.200%2CN%3Bforum%2C26.0.0%2CN%3Blanding%2C26.200.0%2CN%3Bclouds%2C25.100.0%2CN%3Bphotogallery%2C25.100.0%2CN%3Bform%2C26.0.0%2CN%3Bbitrixcloud%2C25.100.0%2CN%3Bsubscribe%2C25.0.0%2CN%3Bmessageservice%2C25.200.100%2CN%3Bui%2C26.150.0%2CN%3Blocation%2C25.400.0%2CN%3Bperfmon%2C25.300.0%2CN%3Bseo%2C25.100.400%2CN%3Bvote%2C26.0.0%2CN%3Btranslate%2C25.100.0%2CN%3Bsecurity%2C25.0.0%2CN%3Bbitrix.sitecorporate%2C26.0.0%2CN%3Bsearch%2C25.200.0%2CN&reqm=bitrix.sitecorporate&fullmoduleinfo=Y&SUPD_SRS=RU&SUPD_CMP=N
2026-06-16 08:17:24 -  - exec CUpdateClientPartner::GetHTTPPage
2026-06-16 08:17:24 -  - TIME GetUpdatesList(request) 0.164 sec
2026-06-16 08:17:24 -  - exec CUpdateClientPartner::ParseServerData
2026-06-16 08:17:25 -  - exec CUpdateClientPartner::GetUpdatesList
2026-06-16 08:17:25 -  - exec CUpdateClientPartner::__CollectRequestData
2026-06-16 08:17:25 -  - utf=Y&lang=ru&stable=Y&CANGZIP=Y&SUPD_DBS=MYSQL&XE=N&CLIENT_SITE=localhost&LICENSE_KEY=X&SUPD_STS=3&SUPD_URS=0&TYPENC=D&CLIENT_PHPVER=8.5.7&NGINX=Y&dbv=8.0.45&instm=main%2C26.150.0%2CY%3Bmobileapp%2C25.0.100%2CN%3Bblog%2C26.400.0%2CN%3Bb24connector%2C25.0.0%2CN%3Bhighloadblock%2C25.100.0%2CN%3Biblock%2C25.300.0%2CN%3Bsocialservices%2C26.0.0%2CN%3Brest%2C26.0.0%2CN%3Bfileman%2C25.200.200%2CN%3Bforum%2C26.0.0%2CN%3Blanding%2C26.200.0%2CN%3Bclouds%2C25.100.0%2CN%3Bphotogallery%2C25.100.0%2CN%3Bform%2C26.0.0%2CN%3Bbitrixcloud%2C25.100.0%2CN%3Bsubscribe%2C25.0.0%2CN%3Bmessageservice%2C25.200.100%2CN%3Bui%2C26.150.0%2CN%3Blocation%2C25.400.0%2CN%3Bperfmon%2C25.300.0%2CN%3Bseo%2C25.100.400%2CN%3Bvote%2C26.0.0%2CN%3Btranslate%2C25.100.0%2CN%3Bsecurity%2C25.0.0%2CN%3Bbitrix.sitecorporate%2C26.0.0%2CN%3Bsearch%2C25.200.0%2CN&reqm=bitrix.sitecorporate&fullmoduleinfo=Y&SUPD_SRS=RU&SUPD_CMP=N
2026-06-16 08:17:25 -  - exec CUpdateClientPartner::GetHTTPPage
2026-06-16 08:17:25 -  - TIME GetUpdatesList(request) 0.187 sec
2026-06-16 08:17:25 -  - exec CUpdateClientPartner::ParseServerData
2026-06-16 08:17:27 -  - exec CUpdateClientPartner::GetUpdatesList
2026-06-16 08:17:27 -  - exec CUpdateClientPartner::__CollectRequestData
2026-06-16 08:17:27 -  - utf=Y&lang=ru&stable=Y&CANGZIP=Y&SUPD_DBS=MYSQL&XE=N&CLIENT_SITE=localhost&LICENSE_KEY=X&SUPD_STS=3&SUPD_URS=0&TYPENC=D&CLIENT_PHPVER=8.5.7&NGINX=Y&dbv=8.0.45&instm=main%2C26.150.0%2CY%3Bmobileapp%2C25.0.100%2CN%3Bblog%2C26.400.0%2CN%3Bb24connector%2C25.0.0%2CN%3Bhighloadblock%2C25.100.0%2CN%3Biblock%2C25.300.0%2CN%3Bsocialservices%2C26.0.0%2CN%3Brest%2C26.0.0%2CN%3Bfileman%2C25.200.200%2CN%3Bforum%2C26.0.0%2CN%3Blanding%2C26.200.0%2CN%3Bclouds%2C25.100.0%2CN%3Bphotogallery%2C25.100.0%2CN%3Bform%2C26.0.0%2CN%3Bbitrixcloud%2C25.100.0%2CN%3Bsubscribe%2C25.0.0%2CN%3Bmessageservice%2C25.200.100%2CN%3Bui%2C26.150.0%2CN%3Blocation%2C25.400.0%2CN%3Bperfmon%2C25.300.0%2CN%3Bseo%2C25.100.400%2CN%3Bvote%2C26.0.0%2CN%3Btranslate%2C25.100.0%2CN%3Bsecurity%2C25.0.0%2CN%3Bbitrix.sitecorporate%2C26.0.0%2CN%3Bsearch%2C25.200.0%2CN&reqm=bitrix.sitecorporate&fullmoduleinfo=Y&SUPD_SRS=RU&SUPD_CMP=N
2026-06-16 08:17:27 -  - exec CUpdateClientPartner::GetHTTPPage
2026-06-16 08:17:27 -  - TIME GetUpdatesList(request) 0.146 sec
2026-06-16 08:17:27 -  - exec CUpdateClientPartner::ParseServerData
2026-06-16 08:17:29 -  - exec CUpdateClientPartner::GetUpdatesList
2026-06-16 08:17:29 -  - exec CUpdateClientPartner::__CollectRequestData
2026-06-16 08:17:29 -  - utf=Y&lang=ru&stable=Y&CANGZIP=Y&SUPD_DBS=MYSQL&XE=N&CLIENT_SITE=localhost&LICENSE_KEY=X&SUPD_STS=3&SUPD_URS=0&TYPENC=D&CLIENT_PHPVER=8.5.7&NGINX=Y&dbv=8.0.45&instm=main%2C26.150.0%2CY%3Bmobileapp%2C25.0.100%2CN%3Bblog%2C26.400.0%2CN%3Bb24connector%2C25.0.0%2CN%3Bhighloadblock%2C25.100.0%2CN%3Biblock%2C25.300.0%2CN%3Bsocialservices%2C26.0.0%2CN%3Brest%2C26.0.0%2CN%3Bfileman%2C25.200.200%2CN%3Bforum%2C26.0.0%2CN%3Blanding%2C26.200.0%2CN%3Bclouds%2C25.100.0%2CN%3Bphotogallery%2C25.100.0%2CN%3Bform%2C26.0.0%2CN%3Bbitrixcloud%2C25.100.0%2CN%3Bsubscribe%2C25.0.0%2CN%3Bmessageservice%2C25.200.100%2CN%3Bui%2C26.150.0%2CN%3Blocation%2C25.400.0%2CN%3Bperfmon%2C25.300.0%2CN%3Bseo%2C25.100.400%2CN%3Bvote%2C26.0.0%2CN%3Btranslate%2C25.100.0%2CN%3Bsecurity%2C25.0.0%2CN%3Bbitrix.sitecorporate%2C26.0.0%2CN%3Bsearch%2C25.200.0%2CN&reqm=bitrix.sitecorporate&fullmoduleinfo=Y&SUPD_SRS=RU&SUPD_CMP=N
2026-06-16 08:17:29 -  - exec CUpdateClientPartner::GetHTTPPage
2026-06-16 08:17:29 -  - TIME GetUpdatesList(request) 0.156 sec
2026-06-16 08:17:29 -  - exec CUpdateClientPartner::ParseServerData
2026-06-16 08:21:14 -  - exec CUpdateClientPartner::GetUpdatesList
2026-06-16 08:21:14 -  - exec CUpdateClientPartner::__CollectRequestData
2026-06-16 08:21:14 -  - utf=Y&lang=ru&stable=Y&CANGZIP=Y&SUPD_DBS=MYSQL&XE=N&CLIENT_SITE=localhost&LICENSE_KEY=X&SUPD_STS=3&SUPD_URS=0&TYPENC=D&CLIENT_PHPVER=8.5.7&NGINX=Y&dbv=8.0.45&instm=main%2C26.150.0%2CY%3Bmobileapp%2C25.0.100%2CN%3Bblog%2C26.400.0%2CN%3Bb24connector%2C25.0.0%2CN%3Bhighloadblock%2C25.100.0%2CN%3Biblock%2C25.300.0%2CN%3Bsocialservices%2C26.0.0%2CN%3Brest%2C26.0.0%2CN%3Bfileman%2C25.200.200%2CN%3Bforum%2C26.0.0%2CN%3Blanding%2C26.200.0%2CN%3Bclouds%2C25.100.0%2CN%3Bphotogallery%2C25.100.0%2CN%3Bform%2C26.0.0%2CN%3Bbitrixcloud%2C25.100.0%2CN%3Bsubscribe%2C25.0.0%2CN%3Bmessageservice%2C25.200.100%2CN%3Bui%2C26.150.0%2CN%3Blocation%2C25.400.0%2CN%3Bperfmon%2C25.300.0%2CN%3Bseo%2C25.100.400%2CN%3Bvote%2C26.0.0%2CN%3Btranslate%2C25.100.0%2CN%3Bsecurity%2C25.0.0%2CN%3Bbitrix.sitecorporate%2C26.0.0%2CN%3Bsearch%2C25.200.0%2CN&reqm=bitrix.sitecorporate&fullmoduleinfo=Y&SUPD_SRS=RU&SUPD_CMP=N
2026-06-16 08:21:14 -  - exec CUpdateClientPartner::GetHTTPPage
2026-06-16 08:21:15 -  - TIME GetUpdatesList(request) 0.183 sec
2026-06-16 08:21:15 -  - exec CUpdateClientPartner::ParseServerData
2026-06-16 08:21:16 -  - exec CUpdateClientPartner::GetUpdatesList
2026-06-16 08:21:16 -  - exec CUpdateClientPartner::__CollectRequestData
2026-06-16 08:21:16 -  - utf=Y&lang=ru&stable=Y&CANGZIP=Y&SUPD_DBS=MYSQL&XE=N&CLIENT_SITE=localhost&LICENSE_KEY=X&SUPD_STS=3&SUPD_URS=0&TYPENC=D&CLIENT_PHPVER=8.5.7&NGINX=Y&dbv=8.0.45&instm=main%2C26.150.0%2CY%3Bmobileapp%2C25.0.100%2CN%3Bblog%2C26.400.0%2CN%3Bb24connector%2C25.0.0%2CN%3Bhighloadblock%2C25.100.0%2CN%3Biblock%2C25.300.0%2CN%3Bsocialservices%2C26.0.0%2CN%3Brest%2C26.0.0%2CN%3Bfileman%2C25.200.200%2CN%3Bforum%2C26.0.0%2CN%3Blanding%2C26.200.0%2CN%3Bclouds%2C25.100.0%2CN%3Bphotogallery%2C25.100.0%2CN%3Bform%2C26.0.0%2CN%3Bbitrixcloud%2C25.100.0%2CN%3Bsubscribe%2C25.0.0%2CN%3Bmessageservice%2C25.200.100%2CN%3Bui%2C26.150.0%2CN%3Blocation%2C25.400.0%2CN%3Bperfmon%2C25.300.0%2CN%3Bseo%2C25.100.400%2CN%3Bvote%2C26.0.0%2CN%3Btranslate%2C25.100.0%2CN%3Bsecurity%2C25.0.0%2CN%3Bbitrix.sitecorporate%2C26.0.0%2CN%3Bsearch%2C25.200.0%2CN&reqm=bitrix.sitecorporate&fullmoduleinfo=Y&SUPD_SRS=RU&SUPD_CMP=N
2026-06-16 08:21:16 -  - exec CUpdateClientPartner::GetHTTPPage
2026-06-16 08:21:16 -  - TIME GetUpdatesList(request) 0.144 sec
2026-06-16 08:21:16 -  - exec CUpdateClientPartner::ParseServerData
2026-06-16 08:21:19 -  - exec CUpdateClientPartner::GetUpdatesList
2026-06-16 08:21:19 -  - exec CUpdateClientPartner::__CollectRequestData
2026-06-16 08:21:19 -  - utf=Y&lang=ru&stable=Y&CANGZIP=Y&SUPD_DBS=MYSQL&XE=N&CLIENT_SITE=localhost&LICENSE_KEY=X&SUPD_STS=3&SUPD_URS=0&TYPENC=D&CLIENT_PHPVER=8.5.7&NGINX=Y&dbv=8.0.45&instm=main%2C26.150.0%2CY%3Bmobileapp%2C25.0.100%2CN%3Bblog%2C26.400.0%2CN%3Bb24connector%2C25.0.0%2CN%3Bhighloadblock%2C25.100.0%2CN%3Biblock%2C25.300.0%2CN%3Bsocialservices%2C26.0.0%2CN%3Brest%2C26.0.0%2CN%3Bfileman%2C25.200.200%2CN%3Bforum%2C26.0.0%2CN%3Blanding%2C26.200.0%2CN%3Bclouds%2C25.100.0%2CN%3Bphotogallery%2C25.100.0%2CN%3Bform%2C26.0.0%2CN%3Bbitrixcloud%2C25.100.0%2CN%3Bsubscribe%2C25.0.0%2CN%3Bmessageservice%2C25.200.100%2CN%3Bui%2C26.150.0%2CN%3Blocation%2C25.400.0%2CN%3Bperfmon%2C25.300.0%2CN%3Bseo%2C25.100.400%2CN%3Bvote%2C26.0.0%2CN%3Btranslate%2C25.100.0%2CN%3Bsecurity%2C25.0.0%2CN%3Bbitrix.sitecorporate%2C26.0.0%2CN%3Bsearch%2C25.200.0%2CN&reqm=bitrix.sitecorporate&fullmoduleinfo=Y&SUPD_SRS=RU&SUPD_CMP=N
2026-06-16 08:21:19 -  - exec CUpdateClientPartner::GetHTTPPage
2026-06-16 08:21:19 -  - TIME GetUpdatesList(request) 0.144 sec
2026-06-16 08:21:19 -  - exec CUpdateClientPartner::ParseServerData
2026-06-16 08:21:21 -  - exec CUpdateClientPartner::GetUpdatesList
2026-06-16 08:21:21 -  - exec CUpdateClientPartner::__CollectRequestData
2026-06-16 08:21:21 -  - utf=Y&lang=ru&stable=Y&CANGZIP=Y&SUPD_DBS=MYSQL&XE=N&CLIENT_SITE=localhost&LICENSE_KEY=X&SUPD_STS=3&SUPD_URS=0&TYPENC=D&CLIENT_PHPVER=8.5.7&NGINX=Y&dbv=8.0.45&instm=main%2C26.150.0%2CY%3Bmobileapp%2C25.0.100%2CN%3Bblog%2C26.400.0%2CN%3Bb24connector%2C25.0.0%2CN%3Bhighloadblock%2C25.100.0%2CN%3Biblock%2C25.300.0%2CN%3Bsocialservices%2C26.0.0%2CN%3Brest%2C26.0.0%2CN%3Bfileman%2C25.200.200%2CN%3Bforum%2C26.0.0%2CN%3Blanding%2C26.200.0%2CN%3Bclouds%2C25.100.0%2CN%3Bphotogallery%2C25.100.0%2CN%3Bform%2C26.0.0%2CN%3Bbitrixcloud%2C25.100.0%2CN%3Bsubscribe%2C25.0.0%2CN%3Bmessageservice%2C25.200.100%2CN%3Bui%2C26.150.0%2CN%3Blocation%2C25.400.0%2CN%3Bperfmon%2C25.300.0%2CN%3Bseo%2C25.100.400%2CN%3Bvote%2C26.0.0%2CN%3Btranslate%2C25.100.0%2CN%3Bsecurity%2C25.0.0%2CN%3Bbitrix.sitecorporate%2C26.0.0%2CN%3Bsearch%2C25.200.0%2CN&reqm=bitrix.sitecorporate&fullmoduleinfo=Y&SUPD_SRS=RU&SUPD_CMP=N
2026-06-16 08:21:21 -  - exec CUpdateClientPartner::GetHTTPPage
2026-06-16 08:21:21 -  - TIME GetUpdatesList(request) 0.162 sec
2026-06-16 08:21:21 -  - exec CUpdateClientPartner::ParseServerData
2026-06-16 09:41:51 -  - exec CUpdateClientPartner::GetUpdatesList
2026-06-16 09:41:51 -  - exec CUpdateClientPartner::__CollectRequestData
2026-06-16 09:41:51 -  - utf=Y&lang=ru&stable=Y&CANGZIP=Y&SUPD_DBS=MYSQL&XE=N&CLIENT_SITE=localhost&LICENSE_KEY=X&SUPD_STS=3&SUPD_URS=0&TYPENC=D&CLIENT_PHPVER=8.5.7&NGINX=Y&dbv=8.0.45&instm=main%2C26.150.0%2CY%3Bmobileapp%2C25.0.100%2CN%3Bblog%2C26.400.0%2CN%3Bb24connector%2C25.0.0%2CN%3Bhighloadblock%2C25.100.0%2CN%3Biblock%2C25.300.0%2CN%3Bsocialservices%2C26.0.0%2CN%3Brest%2C26.0.0%2CN%3Bfileman%2C25.200.200%2CN%3Bforum%2C26.0.0%2CN%3Blanding%2C26.200.0%2CN%3Bclouds%2C25.100.0%2CN%3Bphotogallery%2C25.100.0%2CN%3Bform%2C26.0.0%2CN%3Bbitrixcloud%2C25.100.0%2CN%3Bsubscribe%2C25.0.0%2CN%3Bmessageservice%2C25.200.100%2CN%3Bui%2C26.150.0%2CN%3Blocation%2C25.400.0%2CN%3Bperfmon%2C25.300.0%2CN%3Bseo%2C25.100.400%2CN%3Bvote%2C26.0.0%2CN%3Btranslate%2C25.100.0%2CN%3Bsecurity%2C25.0.0%2CN%3Bbitrix.sitecorporate%2C26.0.0%2CN%3Bsearch%2C25.200.0%2CN&reqm=bitrix.sitecorporate&fullmoduleinfo=Y&SUPD_SRS=RU&SUPD_CMP=N
2026-06-16 09:41:51 -  - exec CUpdateClientPartner::GetHTTPPage
2026-06-16 09:42:16 -  - TIME GetUpdatesList(request) 25.08 sec
2026-06-16 09:42:16 -  - exec CUpdateClientPartner::ParseServerData
2026-06-16 09:42:16 -  - exec CUpdateClientPartner::GetUpdatesList
2026-06-16 09:42:16 -  - exec CUpdateClientPartner::__CollectRequestData
2026-06-16 09:42:16 -  - utf=Y&lang=ru&stable=Y&CANGZIP=Y&SUPD_DBS=MYSQL&XE=N&CLIENT_SITE=localhost&LICENSE_KEY=X&SUPD_STS=3&SUPD_URS=0&TYPENC=D&CLIENT_PHPVER=8.5.7&NGINX=Y&dbv=8.0.45&instm=main%2C26.150.0%2CY%3Bmobileapp%2C25.0.100%2CN%3Bblog%2C26.400.0%2CN%3Bb24connector%2C25.0.0%2CN%3Bhighloadblock%2C25.100.0%2CN%3Biblock%2C25.300.0%2CN%3Bsocialservices%2C26.0.0%2CN%3Brest%2C26.0.0%2CN%3Bfileman%2C25.200.200%2CN%3Bforum%2C26.0.0%2CN%3Blanding%2C26.200.0%2CN%3Bclouds%2C25.100.0%2CN%3Bphotogallery%2C25.100.0%2CN%3Bform%2C26.0.0%2CN%3Bbitrixcloud%2C25.100.0%2CN%3Bsubscribe%2C25.0.0%2CN%3Bmessageservice%2C25.200.100%2CN%3Bui%2C26.150.0%2CN%3Blocation%2C25.400.0%2CN%3Bperfmon%2C25.300.0%2CN%3Bseo%2C25.100.400%2CN%3Bvote%2C26.0.0%2CN%3Btranslate%2C25.100.0%2CN%3Bsecurity%2C25.0.0%2CN%3Bbitrix.sitecorporate%2C26.0.0%2CN%3Bsearch%2C25.200.0%2CN&reqm=bitrix.sitecorporate&fullmoduleinfo=Y&SUPD_SRS=RU&SUPD_CMP=N
2026-06-16 09:42:16 -  - exec CUpdateClientPartner::GetHTTPPage
2026-06-16 09:42:23 -  - TIME GetUpdatesList(request) 6.302 sec
2026-06-16 09:42:23 -  - exec CUpdateClientPartner::ParseServerData
2026-06-16 09:42:23 -  - exec CUpdateClientPartner::GetUpdatesList
2026-06-16 09:42:23 -  - exec CUpdateClientPartner::__CollectRequestData
2026-06-16 09:42:23 -  - utf=Y&lang=ru&stable=Y&CANGZIP=Y&SUPD_DBS=MYSQL&XE=N&CLIENT_SITE=localhost&LICENSE_KEY=X&SUPD_STS=3&SUPD_URS=0&TYPENC=D&CLIENT_PHPVER=8.5.7&NGINX=Y&dbv=8.0.45&instm=main%2C26.150.0%2CY%3Bmobileapp%2C25.0.100%2CN%3Bblog%2C26.400.0%2CN%3Bb24connector%2C25.0.0%2CN%3Bhighloadblock%2C25.100.0%2CN%3Biblock%2C25.300.0%2CN%3Bsocialservices%2C26.0.0%2CN%3Brest%2C26.0.0%2CN%3Bfileman%2C25.200.200%2CN%3Bforum%2C26.0.0%2CN%3Blanding%2C26.200.0%2CN%3Bclouds%2C25.100.0%2CN%3Bphotogallery%2C25.100.0%2CN%3Bform%2C26.0.0%2CN%3Bbitrixcloud%2C25.100.0%2CN%3Bsubscribe%2C25.0.0%2CN%3Bmessageservice%2C25.200.100%2CN%3Bui%2C26.150.0%2CN%3Blocation%2C25.400.0%2CN%3Bperfmon%2C25.300.0%2CN%3Bseo%2C25.100.400%2CN%3Bvote%2C26.0.0%2CN%3Btranslate%2C25.100.0%2CN%3Bsecurity%2C25.0.0%2CN%3Bbitrix.sitecorporate%2C26.0.0%2CN%3Bsearch%2C25.200.0%2CN&reqm=bitrix.sitecorporate&fullmoduleinfo=Y&SUPD_SRS=RU&SUPD_CMP=N
2026-06-16 09:42:23 -  - exec CUpdateClientPartner::GetHTTPPage
2026-06-16 09:42:27 -  - TIME GetUpdatesList(request) 3.984 sec
2026-06-16 09:42:27 -  - exec CUpdateClientPartner::ParseServerData
2026-06-16 09:42:40 -  - exec CUpdateClientPartner::GetUpdatesList
2026-06-16 09:42:40 -  - exec CUpdateClientPartner::__CollectRequestData
2026-06-16 09:42:40 -  - utf=Y&lang=ru&stable=Y&CANGZIP=Y&SUPD_DBS=MYSQL&XE=N&CLIENT_SITE=localhost&LICENSE_KEY=X&SUPD_STS=3&SUPD_URS=0&TYPENC=D&CLIENT_PHPVER=8.5.7&NGINX=Y&dbv=8.0.45&instm=main%2C26.150.0%2CY%3Bmobileapp%2C25.0.100%2CN%3Bblog%2C26.400.0%2CN%3Bb24connector%2C25.0.0%2CN%3Bhighloadblock%2C25.100.0%2CN%3Biblock%2C25.300.0%2CN%3Bsocialservices%2C26.0.0%2CN%3Brest%2C26.0.0%2CN%3Bfileman%2C25.200.200%2CN%3Bforum%2C26.0.0%2CN%3Blanding%2C26.200.0%2CN%3Bclouds%2C25.100.0%2CN%3Bphotogallery%2C25.100.0%2CN%3Bform%2C26.0.0%2CN%3Bbitrixcloud%2C25.100.0%2CN%3Bsubscribe%2C25.0.0%2CN%3Bmessageservice%2C25.200.100%2CN%3Bui%2C26.150.0%2CN%3Blocation%2C25.400.0%2CN%3Bperfmon%2C25.300.0%2CN%3Bseo%2C25.100.400%2CN%3Bvote%2C26.0.0%2CN%3Btranslate%2C25.100.0%2CN%3Bsecurity%2C25.0.0%2CN%3Bbitrix.sitecorporate%2C26.0.0%2CN%3Bsearch%2C25.200.0%2CN&reqm=bitrix.sitecorporate&fullmoduleinfo=Y&SUPD_SRS=RU&SUPD_CMP=N
2026-06-16 09:42:40 -  - exec CUpdateClientPartner::GetHTTPPage
2026-06-16 09:42:40 -  - TIME GetUpdatesList(request) 0.165 sec
2026-06-16 09:42:40 -  - exec CUpdateClientPartner::ParseServerData
2026-06-16 09:42:42 -  - exec CUpdateClientPartner::GetUpdatesList
2026-06-16 09:42:42 -  - exec CUpdateClientPartner::__CollectRequestData
2026-06-16 09:42:42 -  - utf=Y&lang=ru&stable=Y&CANGZIP=Y&SUPD_DBS=MYSQL&XE=N&CLIENT_SITE=localhost&LICENSE_KEY=X&SUPD_STS=3&SUPD_URS=0&TYPENC=D&CLIENT_PHPVER=8.5.7&NGINX=Y&dbv=8.0.45&instm=main%2C26.150.0%2CY%3Bmobileapp%2C25.0.100%2CN%3Bblog%2C26.400.0%2CN%3Bb24connector%2C25.0.0%2CN%3Bhighloadblock%2C25.100.0%2CN%3Biblock%2C25.300.0%2CN%3Bsocialservices%2C26.0.0%2CN%3Brest%2C26.0.0%2CN%3Bfileman%2C25.200.200%2CN%3Bforum%2C26.0.0%2CN%3Blanding%2C26.200.0%2CN%3Bclouds%2C25.100.0%2CN%3Bphotogallery%2C25.100.0%2CN%3Bform%2C26.0.0%2CN%3Bbitrixcloud%2C25.100.0%2CN%3Bsubscribe%2C25.0.0%2CN%3Bmessageservice%2C25.200.100%2CN%3Bui%2C26.150.0%2CN%3Blocation%2C25.400.0%2CN%3Bperfmon%2C25.300.0%2CN%3Bseo%2C25.100.400%2CN%3Bvote%2C26.0.0%2CN%3Btranslate%2C25.100.0%2CN%3Bsecurity%2C25.0.0%2CN%3Bbitrix.sitecorporate%2C26.0.0%2CN%3Bsearch%2C25.200.0%2CN&reqm=bitrix.sitecorporate&fullmoduleinfo=Y&SUPD_SRS=RU&SUPD_CMP=N
2026-06-16 09:42:42 -  - exec CUpdateClientPartner::GetHTTPPage
2026-06-16 09:42:43 -  - TIME GetUpdatesList(request) 0.162 sec
2026-06-16 09:42:43 -  - exec CUpdateClientPartner::ParseServerData
2026-06-16 09:42:43 -  - exec CUpdateClientPartner::GetUpdatesList
2026-06-16 09:42:43 -  - exec CUpdateClientPartner::__CollectRequestData
2026-06-16 09:42:43 -  - utf=Y&lang=ru&stable=Y&CANGZIP=Y&SUPD_DBS=MYSQL&XE=N&CLIENT_SITE=localhost&LICENSE_KEY=X&SUPD_STS=3&SUPD_URS=0&TYPENC=D&CLIENT_PHPVER=8.5.7&NGINX=Y&dbv=8.0.45&instm=main%2C26.150.0%2CY%3Bmobileapp%2C25.0.100%2CN%3Bblog%2C26.400.0%2CN%3Bb24connector%2C25.0.0%2CN%3Bhighloadblock%2C25.100.0%2CN%3Biblock%2C25.300.0%2CN%3Bsocialservices%2C26.0.0%2CN%3Brest%2C26.0.0%2CN%3Bfileman%2C25.200.200%2CN%3Bforum%2C26.0.0%2CN%3Blanding%2C26.200.0%2CN%3Bclouds%2C25.100.0%2CN%3Bphotogallery%2C25.100.0%2CN%3Bform%2C26.0.0%2CN%3Bbitrixcloud%2C25.100.0%2CN%3Bsubscribe%2C25.0.0%2CN%3Bmessageservice%2C25.200.100%2CN%3Bui%2C26.150.0%2CN%3Blocation%2C25.400.0%2CN%3Bperfmon%2C25.300.0%2CN%3Bseo%2C25.100.400%2CN%3Bvote%2C26.0.0%2CN%3Btranslate%2C25.100.0%2CN%3Bsecurity%2C25.0.0%2CN%3Bbitrix.sitecorporate%2C26.0.0%2CN%3Bsearch%2C25.200.0%2CN&reqm=bitrix.sitecorporate&fullmoduleinfo=Y&SUPD_SRS=RU&SUPD_CMP=N
2026-06-16 09:42:43 -  - exec CUpdateClientPartner::GetHTTPPage
2026-06-16 09:42:43 -  - TIME GetUpdatesList(request) 0.134 sec
2026-06-16 09:42:43 -  - exec CUpdateClientPartner::ParseServerData
2026-06-16 09:42:45 -  - exec CUpdateClientPartner::GetUpdatesList
2026-06-16 09:42:45 -  - exec CUpdateClientPartner::__CollectRequestData
2026-06-16 09:42:46 -  - utf=Y&lang=ru&stable=Y&CANGZIP=Y&SUPD_DBS=MYSQL&XE=N&CLIENT_SITE=localhost&LICENSE_KEY=X&SUPD_STS=3&SUPD_URS=0&TYPENC=D&CLIENT_PHPVER=8.5.7&NGINX=Y&dbv=8.0.45&instm=main%2C26.150.0%2CY%3Bmobileapp%2C25.0.100%2CN%3Bblog%2C26.400.0%2CN%3Bb24connector%2C25.0.0%2CN%3Bhighloadblock%2C25.100.0%2CN%3Biblock%2C25.300.0%2CN%3Bsocialservices%2C26.0.0%2CN%3Brest%2C26.0.0%2CN%3Bfileman%2C25.200.200%2CN%3Bforum%2C26.0.0%2CN%3Blanding%2C26.200.0%2CN%3Bclouds%2C25.100.0%2CN%3Bphotogallery%2C25.100.0%2CN%3Bform%2C26.0.0%2CN%3Bbitrixcloud%2C25.100.0%2CN%3Bsubscribe%2C25.0.0%2CN%3Bmessageservice%2C25.200.100%2CN%3Bui%2C26.150.0%2CN%3Blocation%2C25.400.0%2CN%3Bperfmon%2C25.300.0%2CN%3Bseo%2C25.100.400%2CN%3Bvote%2C26.0.0%2CN%3Btranslate%2C25.100.0%2CN%3Bsecurity%2C25.0.0%2CN%3Bbitrix.sitecorporate%2C26.0.0%2CN%3Bsearch%2C25.200.0%2CN&reqm=bitrix.sitecorporate&fullmoduleinfo=Y&SUPD_SRS=RU&SUPD_CMP=N
2026-06-16 09:42:46 -  - exec CUpdateClientPartner::GetHTTPPage
2026-06-16 09:42:46 -  - TIME GetUpdatesList(request) 0.165 sec
2026-06-16 09:42:46 -  - exec CUpdateClientPartner::ParseServerData
2026-06-16 09:42:48 -  - exec CUpdateClientPartner::GetUpdatesList
2026-06-16 09:42:48 -  - exec CUpdateClientPartner::__CollectRequestData
2026-06-16 09:42:48 -  - utf=Y&lang=ru&stable=Y&CANGZIP=Y&SUPD_DBS=MYSQL&XE=N&CLIENT_SITE=localhost&LICENSE_KEY=X&SUPD_STS=3&SUPD_URS=0&TYPENC=D&CLIENT_PHPVER=8.5.7&NGINX=Y&dbv=8.0.45&instm=main%2C26.150.0%2CY%3Bmobileapp%2C25.0.100%2CN%3Bblog%2C26.400.0%2CN%3Bb24connector%2C25.0.0%2CN%3Bhighloadblock%2C25.100.0%2CN%3Biblock%2C25.300.0%2CN%3Bsocialservices%2C26.0.0%2CN%3Brest%2C26.0.0%2CN%3Bfileman%2C25.200.200%2CN%3Bforum%2C26.0.0%2CN%3Blanding%2C26.200.0%2CN%3Bclouds%2C25.100.0%2CN%3Bphotogallery%2C25.100.0%2CN%3Bform%2C26.0.0%2CN%3Bbitrixcloud%2C25.100.0%2CN%3Bsubscribe%2C25.0.0%2CN%3Bmessageservice%2C25.200.100%2CN%3Bui%2C26.150.0%2CN%3Blocation%2C25.400.0%2CN%3Bperfmon%2C25.300.0%2CN%3Bseo%2C25.100.400%2CN%3Bvote%2C26.0.0%2CN%3Btranslate%2C25.100.0%2CN%3Bsecurity%2C25.0.0%2CN%3Bbitrix.sitecorporate%2C26.0.0%2CN%3Bsearch%2C25.200.0%2CN&reqm=bitrix.sitecorporate&fullmoduleinfo=Y&SUPD_SRS=RU&SUPD_CMP=N
2026-06-16 09:42:48 -  - exec CUpdateClientPartner::GetHTTPPage
2026-06-16 09:42:48 -  - TIME GetUpdatesList(request) 0.152 sec
2026-06-16 09:42:48 -  - exec CUpdateClientPartner::ParseServerData
2026-06-16 09:42:48 -  - exec CUpdateClientPartner::GetUpdatesList
2026-06-16 09:42:48 -  - exec CUpdateClientPartner::__CollectRequestData
2026-06-16 09:42:48 -  - utf=Y&lang=ru&stable=Y&CANGZIP=Y&SUPD_DBS=MYSQL&XE=N&CLIENT_SITE=localhost&LICENSE_KEY=X&SUPD_STS=3&SUPD_URS=0&TYPENC=D&CLIENT_PHPVER=8.5.7&NGINX=Y&dbv=8.0.45&instm=main%2C26.150.0%2CY%3Bmobileapp%2C25.0.100%2CN%3Bblog%2C26.400.0%2CN%3Bb24connector%2C25.0.0%2CN%3Bhighloadblock%2C25.100.0%2CN%3Biblock%2C25.300.0%2CN%3Bsocialservices%2C26.0.0%2CN%3Brest%2C26.0.0%2CN%3Bfileman%2C25.200.200%2CN%3Bforum%2C26.0.0%2CN%3Blanding%2C26.200.0%2CN%3Bclouds%2C25.100.0%2CN%3Bphotogallery%2C25.100.0%2CN%3Bform%2C26.0.0%2CN%3Bbitrixcloud%2C25.100.0%2CN%3Bsubscribe%2C25.0.0%2CN%3Bmessageservice%2C25.200.100%2CN%3Bui%2C26.150.0%2CN%3Blocation%2C25.400.0%2CN%3Bperfmon%2C25.300.0%2CN%3Bseo%2C25.100.400%2CN%3Bvote%2C26.0.0%2CN%3Btranslate%2C25.100.0%2CN%3Bsecurity%2C25.0.0%2CN%3Bbitrix.sitecorporate%2C26.0.0%2CN%3Bsearch%2C25.200.0%2CN&reqm=bitrix.sitecorporate&fullmoduleinfo=Y&SUPD_SRS=RU&SUPD_CMP=N
2026-06-16 09:42:48 -  - exec CUpdateClientPartner::GetHTTPPage
2026-06-16 09:42:48 -  - TIME GetUpdatesList(request) 0.178 sec
2026-06-16 09:42:48 -  - exec CUpdateClientPartner::ParseServerData
2026-06-16 11:43:30 -  - exec CUpdateClientPartner::GetUpdatesList
2026-06-16 11:43:30 -  - exec CUpdateClientPartner::__CollectRequestData
2026-06-16 11:43:30 -  - utf=Y&lang=ru&stable=Y&CANGZIP=Y&SUPD_DBS=MYSQL&XE=N&CLIENT_SITE=localhost&LICENSE_KEY=X&SUPD_STS=3&SUPD_URS=0&TYPENC=D&CLIENT_PHPVER=8.5.7&NGINX=Y&dbv=8.0.45&instm=main%2C26.150.0%2CY%3Bmobileapp%2C25.0.100%2CN%3Bblog%2C26.400.0%2CN%3Bb24connector%2C25.0.0%2CN%3Bhighloadblock%2C25.100.0%2CN%3Biblock%2C25.300.0%2CN%3Bsocialservices%2C26.0.0%2CN%3Brest%2C26.0.0%2CN%3Bfileman%2C25.200.200%2CN%3Bforum%2C26.0.0%2CN%3Blanding%2C26.200.0%2CN%3Bclouds%2C25.100.0%2CN%3Bphotogallery%2C25.100.0%2CN%3Bform%2C26.0.0%2CN%3Bbitrixcloud%2C25.100.0%2CN%3Bsubscribe%2C25.0.0%2CN%3Bmessageservice%2C25.200.100%2CN%3Bui%2C26.150.0%2CN%3Blocation%2C25.400.0%2CN%3Bperfmon%2C25.300.0%2CN%3Bseo%2C25.100.400%2CN%3Bvote%2C26.0.0%2CN%3Btranslate%2C25.100.0%2CN%3Bsecurity%2C25.0.0%2CN%3Bbitrix.sitecorporate%2C26.0.0%2CN%3Bsearch%2C25.200.0%2CN&reqm=bitrix.sitecorporate&fullmoduleinfo=Y&SUPD_SRS=RU&SUPD_CMP=N
2026-06-16 11:43:30 -  - exec CUpdateClientPartner::GetHTTPPage
2026-06-16 11:43:30 -  - TIME GetUpdatesList(request) 0.15 sec
2026-06-16 11:43:30 -  - exec CUpdateClientPartner::ParseServerData
2026-06-16 11:43:32 -  - exec CUpdateClientPartner::GetUpdatesList
2026-06-16 11:43:32 -  - exec CUpdateClientPartner::__CollectRequestData
2026-06-16 11:43:32 -  - utf=Y&lang=ru&stable=Y&CANGZIP=Y&SUPD_DBS=MYSQL&XE=N&CLIENT_SITE=localhost&LICENSE_KEY=X&SUPD_STS=3&SUPD_URS=0&TYPENC=D&CLIENT_PHPVER=8.5.7&NGINX=Y&dbv=8.0.45&instm=main%2C26.150.0%2CY%3Bmobileapp%2C25.0.100%2CN%3Bblog%2C26.400.0%2CN%3Bb24connector%2C25.0.0%2CN%3Bhighloadblock%2C25.100.0%2CN%3Biblock%2C25.300.0%2CN%3Bsocialservices%2C26.0.0%2CN%3Brest%2C26.0.0%2CN%3Bfileman%2C25.200.200%2CN%3Bforum%2C26.0.0%2CN%3Blanding%2C26.200.0%2CN%3Bclouds%2C25.100.0%2CN%3Bphotogallery%2C25.100.0%2CN%3Bform%2C26.0.0%2CN%3Bbitrixcloud%2C25.100.0%2CN%3Bsubscribe%2C25.0.0%2CN%3Bmessageservice%2C25.200.100%2CN%3Bui%2C26.150.0%2CN%3Blocation%2C25.400.0%2CN%3Bperfmon%2C25.300.0%2CN%3Bseo%2C25.100.400%2CN%3Bvote%2C26.0.0%2CN%3Btranslate%2C25.100.0%2CN%3Bsecurity%2C25.0.0%2CN%3Bbitrix.sitecorporate%2C26.0.0%2CN%3Bsearch%2C25.200.0%2CN&reqm=bitrix.sitecorporate&fullmoduleinfo=Y&SUPD_SRS=RU&SUPD_CMP=N
2026-06-16 11:43:32 -  - exec CUpdateClientPartner::GetHTTPPage
2026-06-16 11:43:32 -  - TIME GetUpdatesList(request) 0.174 sec
2026-06-16 11:43:32 -  - exec CUpdateClientPartner::ParseServerData
2026-06-16 11:43:32 -  - exec CUpdateClientPartner::GetUpdatesList
2026-06-16 11:43:32 -  - exec CUpdateClientPartner::__CollectRequestData
2026-06-16 11:43:32 -  - utf=Y&lang=ru&stable=Y&CANGZIP=Y&SUPD_DBS=MYSQL&XE=N&CLIENT_SITE=localhost&LICENSE_KEY=X&SUPD_STS=3&SUPD_URS=0&TYPENC=D&CLIENT_PHPVER=8.5.7&NGINX=Y&dbv=8.0.45&instm=main%2C26.150.0%2CY%3Bmobileapp%2C25.0.100%2CN%3Bblog%2C26.400.0%2CN%3Bb24connector%2C25.0.0%2CN%3Bhighloadblock%2C25.100.0%2CN%3Biblock%2C25.300.0%2CN%3Bsocialservices%2C26.0.0%2CN%3Brest%2C26.0.0%2CN%3Bfileman%2C25.200.200%2CN%3Bforum%2C26.0.0%2CN%3Blanding%2C26.200.0%2CN%3Bclouds%2C25.100.0%2CN%3Bphotogallery%2C25.100.0%2CN%3Bform%2C26.0.0%2CN%3Bbitrixcloud%2C25.100.0%2CN%3Bsubscribe%2C25.0.0%2CN%3Bmessageservice%2C25.200.100%2CN%3Bui%2C26.150.0%2CN%3Blocation%2C25.400.0%2CN%3Bperfmon%2C25.300.0%2CN%3Bseo%2C25.100.400%2CN%3Bvote%2C26.0.0%2CN%3Btranslate%2C25.100.0%2CN%3Bsecurity%2C25.0.0%2CN%3Bbitrix.sitecorporate%2C26.0.0%2CN%3Bsearch%2C25.200.0%2CN&reqm=bitrix.sitecorporate&fullmoduleinfo=Y&SUPD_SRS=RU&SUPD_CMP=N
2026-06-16 11:43:33 -  - exec CUpdateClientPartner::GetHTTPPage
2026-06-16 11:43:33 -  - TIME GetUpdatesList(request) 0.165 sec
2026-06-16 11:43:33 -  - exec CUpdateClientPartner::ParseServerData
2026-06-16 11:43:39 -  - exec CUpdateClientPartner::GetUpdatesList
2026-06-16 11:43:39 -  - exec CUpdateClientPartner::__CollectRequestData
2026-06-16 11:43:39 -  - utf=Y&lang=ru&stable=Y&CANGZIP=Y&SUPD_DBS=MYSQL&XE=N&CLIENT_SITE=localhost&LICENSE_KEY=X&SUPD_STS=3&SUPD_URS=0&TYPENC=D&CLIENT_PHPVER=8.5.7&NGINX=Y&dbv=8.0.45&instm=main%2C26.150.0%2CY%3Bmobileapp%2C25.0.100%2CN%3Bblog%2C26.400.0%2CN%3Bb24connector%2C25.0.0%2CN%3Bhighloadblock%2C25.100.0%2CN%3Biblock%2C25.300.0%2CN%3Bsocialservices%2C26.0.0%2CN%3Brest%2C26.0.0%2CN%3Bfileman%2C25.200.200%2CN%3Bforum%2C26.0.0%2CN%3Blanding%2C26.200.0%2CN%3Bclouds%2C25.100.0%2CN%3Bphotogallery%2C25.100.0%2CN%3Bform%2C26.0.0%2CN%3Bbitrixcloud%2C25.100.0%2CN%3Bsubscribe%2C25.0.0%2CN%3Bmessageservice%2C25.200.100%2CN%3Bui%2C26.150.0%2CN%3Blocation%2C25.400.0%2CN%3Bperfmon%2C25.300.0%2CN%3Bseo%2C25.100.400%2CN%3Bvote%2C26.0.0%2CN%3Btranslate%2C25.100.0%2CN%3Bsecurity%2C25.0.0%2CN%3Bbitrix.sitecorporate%2C26.0.0%2CN%3Bsearch%2C25.200.0%2CN&reqm=bitrix.sitecorporate&fullmoduleinfo=Y&SUPD_SRS=RU&SUPD_CMP=N
2026-06-16 11:43:39 -  - exec CUpdateClientPartner::GetHTTPPage
2026-06-16 11:43:39 -  - TIME GetUpdatesList(request) 0.132 sec
2026-06-16 11:43:39 -  - exec CUpdateClientPartner::ParseServerData
2026-06-16 11:43:39 -  - exec CUpdateClientPartner::GetUpdatesList
2026-06-16 11:43:39 -  - exec CUpdateClientPartner::__CollectRequestData
2026-06-16 11:43:39 -  - utf=Y&lang=ru&stable=Y&CANGZIP=Y&SUPD_DBS=MYSQL&XE=N&CLIENT_SITE=localhost&LICENSE_KEY=X&SUPD_STS=3&SUPD_URS=0&TYPENC=D&CLIENT_PHPVER=8.5.7&NGINX=Y&dbv=8.0.45&instm=main%2C26.150.0%2CY%3Bmobileapp%2C25.0.100%2CN%3Bblog%2C26.400.0%2CN%3Bb24connector%2C25.0.0%2CN%3Bhighloadblock%2C25.100.0%2CN%3Biblock%2C25.300.0%2CN%3Bsocialservices%2C26.0.0%2CN%3Brest%2C26.0.0%2CN%3Bfileman%2C25.200.200%2CN%3Bforum%2C26.0.0%2CN%3Blanding%2C26.200.0%2CN%3Bclouds%2C25.100.0%2CN%3Bphotogallery%2C25.100.0%2CN%3Bform%2C26.0.0%2CN%3Bbitrixcloud%2C25.100.0%2CN%3Bsubscribe%2C25.0.0%2CN%3Bmessageservice%2C25.200.100%2CN%3Bui%2C26.150.0%2CN%3Blocation%2C25.400.0%2CN%3Bperfmon%2C25.300.0%2CN%3Bseo%2C25.100.400%2CN%3Bvote%2C26.0.0%2CN%3Btranslate%2C25.100.0%2CN%3Bsecurity%2C25.0.0%2CN%3Bbitrix.sitecorporate%2C26.0.0%2CN%3Bsearch%2C25.200.0%2CN&reqm=bitrix.sitecorporate&fullmoduleinfo=Y&SUPD_SRS=RU&SUPD_CMP=N
2026-06-16 11:43:39 -  - exec CUpdateClientPartner::GetHTTPPage
2026-06-16 11:43:40 -  - TIME GetUpdatesList(request) 0.143 sec
2026-06-16 11:43:40 -  - exec CUpdateClientPartner::ParseServerData
2026-06-16 11:53:21 -  - exec CUpdateClientPartner::GetUpdatesList
2026-06-16 11:53:21 -  - exec CUpdateClientPartner::__CollectRequestData
2026-06-16 11:53:21 -  - utf=Y&lang=ru&stable=Y&CANGZIP=Y&SUPD_DBS=MYSQL&XE=N&CLIENT_SITE=localhost&LICENSE_KEY=X&SUPD_STS=3&SUPD_URS=0&TYPENC=D&CLIENT_PHPVER=8.5.7&NGINX=Y&dbv=8.0.45&instm=main%2C26.150.0%2CY%3Bmobileapp%2C25.0.100%2CN%3Bblog%2C26.400.0%2CN%3Bb24connector%2C25.0.0%2CN%3Bhighloadblock%2C25.100.0%2CN%3Biblock%2C25.300.0%2CN%3Bsocialservices%2C26.0.0%2CN%3Brest%2C26.0.0%2CN%3Bfileman%2C25.200.200%2CN%3Bforum%2C26.0.0%2CN%3Blanding%2C26.200.0%2CN%3Bclouds%2C25.100.0%2CN%3Bphotogallery%2C25.100.0%2CN%3Bform%2C26.0.0%2CN%3Bbitrixcloud%2C25.100.0%2CN%3Bsubscribe%2C25.0.0%2CN%3Bmessageservice%2C25.200.100%2CN%3Bui%2C26.150.0%2CN%3Blocation%2C25.400.0%2CN%3Bperfmon%2C25.300.0%2CN%3Bseo%2C25.100.400%2CN%3Bvote%2C26.0.0%2CN%3Btranslate%2C25.100.0%2CN%3Bsecurity%2C25.0.0%2CN%3Bbitrix.sitecorporate%2C26.0.0%2CN%3Bsearch%2C25.200.0%2CN&reqm=bitrix.sitecorporate&fullmoduleinfo=Y&SUPD_SRS=RU&SUPD_CMP=N
2026-06-16 11:53:21 -  - exec CUpdateClientPartner::GetHTTPPage
2026-06-16 11:53:21 -  - TIME GetUpdatesList(request) 0.163 sec
2026-06-16 11:53:21 -  - exec CUpdateClientPartner::ParseServerData
2026-06-16 11:53:23 -  - exec CUpdateClientPartner::GetUpdatesList
2026-06-16 11:53:23 -  - exec CUpdateClientPartner::__CollectRequestData
2026-06-16 11:53:23 -  - utf=Y&lang=ru&stable=Y&CANGZIP=Y&SUPD_DBS=MYSQL&XE=N&CLIENT_SITE=localhost&LICENSE_KEY=X&SUPD_STS=3&SUPD_URS=0&TYPENC=D&CLIENT_PHPVER=8.5.7&NGINX=Y&dbv=8.0.45&instm=main%2C26.150.0%2CY%3Bmobileapp%2C25.0.100%2CN%3Bblog%2C26.400.0%2CN%3Bb24connector%2C25.0.0%2CN%3Bhighloadblock%2C25.100.0%2CN%3Biblock%2C25.300.0%2CN%3Bsocialservices%2C26.0.0%2CN%3Brest%2C26.0.0%2CN%3Bfileman%2C25.200.200%2CN%3Bforum%2C26.0.0%2CN%3Blanding%2C26.200.0%2CN%3Bclouds%2C25.100.0%2CN%3Bphotogallery%2C25.100.0%2CN%3Bform%2C26.0.0%2CN%3Bbitrixcloud%2C25.100.0%2CN%3Bsubscribe%2C25.0.0%2CN%3Bmessageservice%2C25.200.100%2CN%3Bui%2C26.150.0%2CN%3Blocation%2C25.400.0%2CN%3Bperfmon%2C25.300.0%2CN%3Bseo%2C25.100.400%2CN%3Bvote%2C26.0.0%2CN%3Btranslate%2C25.100.0%2CN%3Bsecurity%2C25.0.0%2CN%3Bbitrix.sitecorporate%2C26.0.0%2CN%3Bsearch%2C25.200.0%2CN&reqm=bitrix.sitecorporate&fullmoduleinfo=Y&SUPD_SRS=RU&SUPD_CMP=N
2026-06-16 11:53:23 -  - exec CUpdateClientPartner::GetHTTPPage
2026-06-16 11:53:23 -  - TIME GetUpdatesList(request) 0.166 sec
2026-06-16 11:53:23 -  - exec CUpdateClientPartner::ParseServerData
2026-06-16 11:53:23 -  - exec CUpdateClientPartner::GetUpdatesList
2026-06-16 11:53:23 -  - exec CUpdateClientPartner::__CollectRequestData
2026-06-16 11:53:23 -  - utf=Y&lang=ru&stable=Y&CANGZIP=Y&SUPD_DBS=MYSQL&XE=N&CLIENT_SITE=localhost&LICENSE_KEY=X&SUPD_STS=3&SUPD_URS=0&TYPENC=D&CLIENT_PHPVER=8.5.7&NGINX=Y&dbv=8.0.45&instm=main%2C26.150.0%2CY%3Bmobileapp%2C25.0.100%2CN%3Bblog%2C26.400.0%2CN%3Bb24connector%2C25.0.0%2CN%3Bhighloadblock%2C25.100.0%2CN%3Biblock%2C25.300.0%2CN%3Bsocialservices%2C26.0.0%2CN%3Brest%2C26.0.0%2CN%3Bfileman%2C25.200.200%2CN%3Bforum%2C26.0.0%2CN%3Blanding%2C26.200.0%2CN%3Bclouds%2C25.100.0%2CN%3Bphotogallery%2C25.100.0%2CN%3Bform%2C26.0.0%2CN%3Bbitrixcloud%2C25.100.0%2CN%3Bsubscribe%2C25.0.0%2CN%3Bmessageservice%2C25.200.100%2CN%3Bui%2C26.150.0%2CN%3Blocation%2C25.400.0%2CN%3Bperfmon%2C25.300.0%2CN%3Bseo%2C25.100.400%2CN%3Bvote%2C26.0.0%2CN%3Btranslate%2C25.100.0%2CN%3Bsecurity%2C25.0.0%2CN%3Bbitrix.sitecorporate%2C26.0.0%2CN%3Bsearch%2C25.200.0%2CN&reqm=bitrix.sitecorporate&fullmoduleinfo=Y&SUPD_SRS=RU&SUPD_CMP=N
2026-06-16 11:53:23 -  - exec CUpdateClientPartner::GetHTTPPage
2026-06-16 11:53:24 -  - TIME GetUpdatesList(request) 0.171 sec
2026-06-16 11:53:24 -  - exec CUpdateClientPartner::ParseServerData
2026-06-16 11:53:26 -  - exec CUpdateClientPartner::GetUpdatesList
2026-06-16 11:53:26 -  - exec CUpdateClientPartner::__CollectRequestData
2026-06-16 11:53:26 -  - utf=Y&lang=ru&stable=Y&CANGZIP=Y&SUPD_DBS=MYSQL&XE=N&CLIENT_SITE=localhost&LICENSE_KEY=X&SUPD_STS=3&SUPD_URS=0&TYPENC=D&CLIENT_PHPVER=8.5.7&NGINX=Y&dbv=8.0.45&instm=main%2C26.150.0%2CY%3Bmobileapp%2C25.0.100%2CN%3Bblog%2C26.400.0%2CN%3Bb24connector%2C25.0.0%2CN%3Bhighloadblock%2C25.100.0%2CN%3Biblock%2C25.300.0%2CN%3Bsocialservices%2C26.0.0%2CN%3Brest%2C26.0.0%2CN%3Bfileman%2C25.200.200%2CN%3Bforum%2C26.0.0%2CN%3Blanding%2C26.200.0%2CN%3Bclouds%2C25.100.0%2CN%3Bphotogallery%2C25.100.0%2CN%3Bform%2C26.0.0%2CN%3Bbitrixcloud%2C25.100.0%2CN%3Bsubscribe%2C25.0.0%2CN%3Bmessageservice%2C25.200.100%2CN%3Bui%2C26.150.0%2CN%3Blocation%2C25.400.0%2CN%3Bperfmon%2C25.300.0%2CN%3Bseo%2C25.100.400%2CN%3Bvote%2C26.0.0%2CN%3Btranslate%2C25.100.0%2CN%3Bsecurity%2C25.0.0%2CN%3Bbitrix.sitecorporate%2C26.0.0%2CN%3Bsearch%2C25.200.0%2CN&reqm=bitrix.sitecorporate&fullmoduleinfo=Y&SUPD_SRS=RU&SUPD_CMP=N
2026-06-16 11:53:26 -  - exec CUpdateClientPartner::GetHTTPPage
2026-06-16 11:53:26 -  - TIME GetUpdatesList(request) 0.143 sec
2026-06-16 11:53:26 -  - exec CUpdateClientPartner::ParseServerData
2026-06-16 11:53:27 -  - exec CUpdateClientPartner::GetUpdatesList
2026-06-16 11:53:27 -  - exec CUpdateClientPartner::__CollectRequestData
2026-06-16 11:53:27 -  - utf=Y&lang=ru&stable=Y&CANGZIP=Y&SUPD_DBS=MYSQL&XE=N&CLIENT_SITE=localhost&LICENSE_KEY=X&SUPD_STS=3&SUPD_URS=0&TYPENC=D&CLIENT_PHPVER=8.5.7&NGINX=Y&dbv=8.0.45&instm=main%2C26.150.0%2CY%3Bmobileapp%2C25.0.100%2CN%3Bblog%2C26.400.0%2CN%3Bb24connector%2C25.0.0%2CN%3Bhighloadblock%2C25.100.0%2CN%3Biblock%2C25.300.0%2CN%3Bsocialservices%2C26.0.0%2CN%3Brest%2C26.0.0%2CN%3Bfileman%2C25.200.200%2CN%3Bforum%2C26.0.0%2CN%3Blanding%2C26.200.0%2CN%3Bclouds%2C25.100.0%2CN%3Bphotogallery%2C25.100.0%2CN%3Bform%2C26.0.0%2CN%3Bbitrixcloud%2C25.100.0%2CN%3Bsubscribe%2C25.0.0%2CN%3Bmessageservice%2C25.200.100%2CN%3Bui%2C26.150.0%2CN%3Blocation%2C25.400.0%2CN%3Bperfmon%2C25.300.0%2CN%3Bseo%2C25.100.400%2CN%3Bvote%2C26.0.0%2CN%3Btranslate%2C25.100.0%2CN%3Bsecurity%2C25.0.0%2CN%3Bbitrix.sitecorporate%2C26.0.0%2CN%3Bsearch%2C25.200.0%2CN&reqm=bitrix.sitecorporate&fullmoduleinfo=Y&SUPD_SRS=RU&SUPD_CMP=N
2026-06-16 11:53:27 -  - exec CUpdateClientPartner::GetHTTPPage
2026-06-16 11:53:27 -  - TIME GetUpdatesList(request) 0.154 sec
2026-06-16 11:53:27 -  - exec CUpdateClientPartner::ParseServerData
2026-06-16 11:55:15 -  - exec CUpdateClientPartner::GetUpdatesList
2026-06-16 11:55:15 -  - exec CUpdateClientPartner::__CollectRequestData
2026-06-16 11:55:15 -  - utf=Y&lang=ru&stable=Y&CANGZIP=Y&SUPD_DBS=MYSQL&XE=N&CLIENT_SITE=localhost&LICENSE_KEY=X&SUPD_STS=3&SUPD_URS=0&TYPENC=D&CLIENT_PHPVER=8.5.7&NGINX=Y&dbv=8.0.45&instm=main%2C26.150.0%2CY%3Bmobileapp%2C25.0.100%2CN%3Bblog%2C26.400.0%2CN%3Bb24connector%2C25.0.0%2CN%3Bhighloadblock%2C25.100.0%2CN%3Biblock%2C25.300.0%2CN%3Bsocialservices%2C26.0.0%2CN%3Brest%2C26.0.0%2CN%3Bfileman%2C25.200.200%2CN%3Bforum%2C26.0.0%2CN%3Blanding%2C26.200.0%2CN%3Bclouds%2C25.100.0%2CN%3Bphotogallery%2C25.100.0%2CN%3Bform%2C26.0.0%2CN%3Bbitrixcloud%2C25.100.0%2CN%3Bsubscribe%2C25.0.0%2CN%3Bmessageservice%2C25.200.100%2CN%3Bui%2C26.150.0%2CN%3Blocation%2C25.400.0%2CN%3Bperfmon%2C25.300.0%2CN%3Bseo%2C25.100.400%2CN%3Bvote%2C26.0.0%2CN%3Btranslate%2C25.100.0%2CN%3Bsecurity%2C25.0.0%2CN%3Bbitrix.sitecorporate%2C26.0.0%2CN%3Bsearch%2C25.200.0%2CN&reqm=bitrix.sitecorporate&fullmoduleinfo=Y&SUPD_SRS=RU&SUPD_CMP=N
2026-06-16 11:55:15 -  - exec CUpdateClientPartner::GetHTTPPage
2026-06-16 11:55:15 -  - TIME GetUpdatesList(request) 0.155 sec
2026-06-16 11:55:15 -  - exec CUpdateClientPartner::ParseServerData
2026-06-16 11:55:15 -  - exec CUpdateClientPartner::GetUpdatesList
2026-06-16 11:55:15 -  - exec CUpdateClientPartner::__CollectRequestData
2026-06-16 11:55:15 -  - utf=Y&lang=ru&stable=Y&CANGZIP=Y&SUPD_DBS=MYSQL&XE=N&CLIENT_SITE=localhost&LICENSE_KEY=X&SUPD_STS=3&SUPD_URS=0&TYPENC=D&CLIENT_PHPVER=8.5.7&NGINX=Y&dbv=8.0.45&instm=main%2C26.150.0%2CY%3Bmobileapp%2C25.0.100%2CN%3Bblog%2C26.400.0%2CN%3Bb24connector%2C25.0.0%2CN%3Bhighloadblock%2C25.100.0%2CN%3Biblock%2C25.300.0%2CN%3Bsocialservices%2C26.0.0%2CN%3Brest%2C26.0.0%2CN%3Bfileman%2C25.200.200%2CN%3Bforum%2C26.0.0%2CN%3Blanding%2C26.200.0%2CN%3Bclouds%2C25.100.0%2CN%3Bphotogallery%2C25.100.0%2CN%3Bform%2C26.0.0%2CN%3Bbitrixcloud%2C25.100.0%2CN%3Bsubscribe%2C25.0.0%2CN%3Bmessageservice%2C25.200.100%2CN%3Bui%2C26.150.0%2CN%3Blocation%2C25.400.0%2CN%3Bperfmon%2C25.300.0%2CN%3Bseo%2C25.100.400%2CN%3Bvote%2C26.0.0%2CN%3Btranslate%2C25.100.0%2CN%3Bsecurity%2C25.0.0%2CN%3Bbitrix.sitecorporate%2C26.0.0%2CN%3Bsearch%2C25.200.0%2CN&reqm=bitrix.sitecorporate&fullmoduleinfo=Y&SUPD_SRS=RU&SUPD_CMP=N
2026-06-16 11:55:15 -  - exec CUpdateClientPartner::GetHTTPPage
2026-06-16 11:55:15 -  - TIME GetUpdatesList(request) 0.161 sec
2026-06-16 11:55:15 -  - exec CUpdateClientPartner::ParseServerData
2026-06-16 11:55:18 -  - exec CUpdateClientPartner::GetUpdatesList
2026-06-16 11:55:18 -  - exec CUpdateClientPartner::__CollectRequestData
2026-06-16 11:55:18 -  - utf=Y&lang=ru&stable=Y&CANGZIP=Y&SUPD_DBS=MYSQL&XE=N&CLIENT_SITE=localhost&LICENSE_KEY=X&SUPD_STS=3&SUPD_URS=0&TYPENC=D&CLIENT_PHPVER=8.5.7&NGINX=Y&dbv=8.0.45&instm=main%2C26.150.0%2CY%3Bmobileapp%2C25.0.100%2CN%3Bblog%2C26.400.0%2CN%3Bb24connector%2C25.0.0%2CN%3Bhighloadblock%2C25.100.0%2CN%3Biblock%2C25.300.0%2CN%3Bsocialservices%2C26.0.0%2CN%3Brest%2C26.0.0%2CN%3Bfileman%2C25.200.200%2CN%3Bforum%2C26.0.0%2CN%3Blanding%2C26.200.0%2CN%3Bclouds%2C25.100.0%2CN%3Bphotogallery%2C25.100.0%2CN%3Bform%2C26.0.0%2CN%3Bbitrixcloud%2C25.100.0%2CN%3Bsubscribe%2C25.0.0%2CN%3Bmessageservice%2C25.200.100%2CN%3Bui%2C26.150.0%2CN%3Blocation%2C25.400.0%2CN%3Bperfmon%2C25.300.0%2CN%3Bseo%2C25.100.400%2CN%3Bvote%2C26.0.0%2CN%3Btranslate%2C25.100.0%2CN%3Bsecurity%2C25.0.0%2CN%3Bbitrix.sitecorporate%2C26.0.0%2CN%3Bsearch%2C25.200.0%2CN&reqm=bitrix.sitecorporate&fullmoduleinfo=Y&SUPD_SRS=RU&SUPD_CMP=N
2026-06-16 11:55:18 -  - exec CUpdateClientPartner::GetHTTPPage
2026-06-16 11:55:19 -  - TIME GetUpdatesList(request) 0.167 sec
2026-06-16 11:55:19 -  - exec CUpdateClientPartner::ParseServerData
2026-06-16 11:55:19 -  - exec CUpdateClientPartner::GetUpdatesList
2026-06-16 11:55:19 -  - exec CUpdateClientPartner::__CollectRequestData
2026-06-16 11:55:19 -  - utf=Y&lang=ru&stable=Y&CANGZIP=Y&SUPD_DBS=MYSQL&XE=N&CLIENT_SITE=localhost&LICENSE_KEY=X&SUPD_STS=3&SUPD_URS=0&TYPENC=D&CLIENT_PHPVER=8.5.7&NGINX=Y&dbv=8.0.45&instm=main%2C26.150.0%2CY%3Bmobileapp%2C25.0.100%2CN%3Bblog%2C26.400.0%2CN%3Bb24connector%2C25.0.0%2CN%3Bhighloadblock%2C25.100.0%2CN%3Biblock%2C25.300.0%2CN%3Bsocialservices%2C26.0.0%2CN%3Brest%2C26.0.0%2CN%3Bfileman%2C25.200.200%2CN%3Bforum%2C26.0.0%2CN%3Blanding%2C26.200.0%2CN%3Bclouds%2C25.100.0%2CN%3Bphotogallery%2C25.100.0%2CN%3Bform%2C26.0.0%2CN%3Bbitrixcloud%2C25.100.0%2CN%3Bsubscribe%2C25.0.0%2CN%3Bmessageservice%2C25.200.100%2CN%3Bui%2C26.150.0%2CN%3Blocation%2C25.400.0%2CN%3Bperfmon%2C25.300.0%2CN%3Bseo%2C25.100.400%2CN%3Bvote%2C26.0.0%2CN%3Btranslate%2C25.100.0%2CN%3Bsecurity%2C25.0.0%2CN%3Bbitrix.sitecorporate%2C26.0.0%2CN%3Bsearch%2C25.200.0%2CN&reqm=bitrix.sitecorporate&fullmoduleinfo=Y&SUPD_SRS=RU&SUPD_CMP=N
2026-06-16 11:55:19 -  - exec CUpdateClientPartner::GetHTTPPage
2026-06-16 11:55:19 -  - TIME GetUpdatesList(request) 0.127 sec
2026-06-16 11:55:19 -  - exec CUpdateClientPartner::ParseServerData
2026-06-16 11:55:52 -  - exec CUpdateClientPartner::GetUpdatesList
2026-06-16 11:55:52 -  - exec CUpdateClientPartner::__CollectRequestData
2026-06-16 11:55:52 -  - utf=Y&lang=ru&stable=Y&CANGZIP=Y&SUPD_DBS=MYSQL&XE=N&CLIENT_SITE=localhost&LICENSE_KEY=X&SUPD_STS=3&SUPD_URS=0&TYPENC=D&CLIENT_PHPVER=8.5.7&NGINX=Y&dbv=8.0.45&instm=main%2C26.150.0%2CY%3Bmobileapp%2C25.0.100%2CN%3Bblog%2C26.400.0%2CN%3Bb24connector%2C25.0.0%2CN%3Bhighloadblock%2C25.100.0%2CN%3Biblock%2C25.300.0%2CN%3Bsocialservices%2C26.0.0%2CN%3Brest%2C26.0.0%2CN%3Bfileman%2C25.200.200%2CN%3Bforum%2C26.0.0%2CN%3Blanding%2C26.200.0%2CN%3Bclouds%2C25.100.0%2CN%3Bphotogallery%2C25.100.0%2CN%3Bform%2C26.0.0%2CN%3Bbitrixcloud%2C25.100.0%2CN%3Bsubscribe%2C25.0.0%2CN%3Bmessageservice%2C25.200.100%2CN%3Bui%2C26.150.0%2CN%3Blocation%2C25.400.0%2CN%3Bperfmon%2C25.300.0%2CN%3Bseo%2C25.100.400%2CN%3Bvote%2C26.0.0%2CN%3Btranslate%2C25.100.0%2CN%3Bsecurity%2C25.0.0%2CN%3Bbitrix.sitecorporate%2C26.0.0%2CN%3Bsearch%2C25.200.0%2CN&reqm=bitrix.sitecorporate&fullmoduleinfo=Y&SUPD_SRS=RU&SUPD_CMP=N
2026-06-16 11:55:52 -  - exec CUpdateClientPartner::GetHTTPPage
2026-06-16 11:55:52 -  - TIME GetUpdatesList(request) 0.192 sec
2026-06-16 11:55:52 -  - exec CUpdateClientPartner::ParseServerData
2026-06-16 11:55:53 -  - exec CUpdateClientPartner::GetUpdatesList
2026-06-16 11:55:53 -  - exec CUpdateClientPartner::__CollectRequestData
2026-06-16 11:55:53 -  - utf=Y&lang=ru&stable=Y&CANGZIP=Y&SUPD_DBS=MYSQL&XE=N&CLIENT_SITE=localhost&LICENSE_KEY=X&SUPD_STS=3&SUPD_URS=0&TYPENC=D&CLIENT_PHPVER=8.5.7&NGINX=Y&dbv=8.0.45&instm=main%2C26.150.0%2CY%3Bmobileapp%2C25.0.100%2CN%3Bblog%2C26.400.0%2CN%3Bb24connector%2C25.0.0%2CN%3Bhighloadblock%2C25.100.0%2CN%3Biblock%2C25.300.0%2CN%3Bsocialservices%2C26.0.0%2CN%3Brest%2C26.0.0%2CN%3Bfileman%2C25.200.200%2CN%3Bforum%2C26.0.0%2CN%3Blanding%2C26.200.0%2CN%3Bclouds%2C25.100.0%2CN%3Bphotogallery%2C25.100.0%2CN%3Bform%2C26.0.0%2CN%3Bbitrixcloud%2C25.100.0%2CN%3Bsubscribe%2C25.0.0%2CN%3Bmessageservice%2C25.200.100%2CN%3Bui%2C26.150.0%2CN%3Blocation%2C25.400.0%2CN%3Bperfmon%2C25.300.0%2CN%3Bseo%2C25.100.400%2CN%3Bvote%2C26.0.0%2CN%3Btranslate%2C25.100.0%2CN%3Bsecurity%2C25.0.0%2CN%3Bbitrix.sitecorporate%2C26.0.0%2CN%3Bsearch%2C25.200.0%2CN&reqm=bitrix.sitecorporate&fullmoduleinfo=Y&SUPD_SRS=RU&SUPD_CMP=N
2026-06-16 11:55:53 -  - exec CUpdateClientPartner::GetHTTPPage
2026-06-16 11:55:53 -  - TIME GetUpdatesList(request) 0.169 sec
2026-06-16 11:55:53 -  - exec CUpdateClientPartner::ParseServerData
2026-06-16 11:55:55 -  - exec CUpdateClientPartner::GetUpdatesList
2026-06-16 11:55:55 -  - exec CUpdateClientPartner::__CollectRequestData
2026-06-16 11:55:55 -  - utf=Y&lang=ru&stable=Y&CANGZIP=Y&SUPD_DBS=MYSQL&XE=N&CLIENT_SITE=localhost&LICENSE_KEY=X&SUPD_STS=3&SUPD_URS=0&TYPENC=D&CLIENT_PHPVER=8.5.7&NGINX=Y&dbv=8.0.45&instm=main%2C26.150.0%2CY%3Bmobileapp%2C25.0.100%2CN%3Bblog%2C26.400.0%2CN%3Bb24connector%2C25.0.0%2CN%3Bhighloadblock%2C25.100.0%2CN%3Biblock%2C25.300.0%2CN%3Bsocialservices%2C26.0.0%2CN%3Brest%2C26.0.0%2CN%3Bfileman%2C25.200.200%2CN%3Bforum%2C26.0.0%2CN%3Blanding%2C26.200.0%2CN%3Bclouds%2C25.100.0%2CN%3Bphotogallery%2C25.100.0%2CN%3Bform%2C26.0.0%2CN%3Bbitrixcloud%2C25.100.0%2CN%3Bsubscribe%2C25.0.0%2CN%3Bmessageservice%2C25.200.100%2CN%3Bui%2C26.150.0%2CN%3Blocation%2C25.400.0%2CN%3Bperfmon%2C25.300.0%2CN%3Bseo%2C25.100.400%2CN%3Bvote%2C26.0.0%2CN%3Btranslate%2C25.100.0%2CN%3Bsecurity%2C25.0.0%2CN%3Bbitrix.sitecorporate%2C26.0.0%2CN%3Bsearch%2C25.200.0%2CN&reqm=bitrix.sitecorporate&fullmoduleinfo=Y&SUPD_SRS=RU&SUPD_CMP=N
2026-06-16 11:55:55 -  - exec CUpdateClientPartner::GetHTTPPage
2026-06-16 11:55:55 -  - TIME GetUpdatesList(request) 0.161 sec
2026-06-16 11:55:55 -  - exec CUpdateClientPartner::ParseServerData
2026-06-16 11:55:55 -  - exec CUpdateClientPartner::GetUpdatesList
2026-06-16 11:55:55 -  - exec CUpdateClientPartner::__CollectRequestData
2026-06-16 11:55:55 -  - utf=Y&lang=ru&stable=Y&CANGZIP=Y&SUPD_DBS=MYSQL&XE=N&CLIENT_SITE=localhost&LICENSE_KEY=X&SUPD_STS=3&SUPD_URS=0&TYPENC=D&CLIENT_PHPVER=8.5.7&NGINX=Y&dbv=8.0.45&instm=main%2C26.150.0%2CY%3Bmobileapp%2C25.0.100%2CN%3Bblog%2C26.400.0%2CN%3Bb24connector%2C25.0.0%2CN%3Bhighloadblock%2C25.100.0%2CN%3Biblock%2C25.300.0%2CN%3Bsocialservices%2C26.0.0%2CN%3Brest%2C26.0.0%2CN%3Bfileman%2C25.200.200%2CN%3Bforum%2C26.0.0%2CN%3Blanding%2C26.200.0%2CN%3Bclouds%2C25.100.0%2CN%3Bphotogallery%2C25.100.0%2CN%3Bform%2C26.0.0%2CN%3Bbitrixcloud%2C25.100.0%2CN%3Bsubscribe%2C25.0.0%2CN%3Bmessageservice%2C25.200.100%2CN%3Bui%2C26.150.0%2CN%3Blocation%2C25.400.0%2CN%3Bperfmon%2C25.300.0%2CN%3Bseo%2C25.100.400%2CN%3Bvote%2C26.0.0%2CN%3Btranslate%2C25.100.0%2CN%3Bsecurity%2C25.0.0%2CN%3Bbitrix.sitecorporate%2C26.0.0%2CN%3Bsearch%2C25.200.0%2CN&reqm=bitrix.sitecorporate&fullmoduleinfo=Y&SUPD_SRS=RU&SUPD_CMP=N
2026-06-16 11:55:55 -  - exec CUpdateClientPartner::GetHTTPPage
2026-06-16 11:55:55 -  - TIME GetUpdatesList(request) 0.166 sec
2026-06-16 11:55:55 -  - exec CUpdateClientPartner::ParseServerData
2026-06-16 11:56:04 -  - exec CUpdateClientPartner::GetUpdatesList
2026-06-16 11:56:04 -  - exec CUpdateClientPartner::__CollectRequestData
2026-06-16 11:56:04 -  - utf=Y&lang=ru&stable=Y&CANGZIP=Y&SUPD_DBS=MYSQL&XE=N&CLIENT_SITE=localhost&LICENSE_KEY=X&SUPD_STS=3&SUPD_URS=0&TYPENC=D&CLIENT_PHPVER=8.5.7&NGINX=Y&dbv=8.0.45&instm=main%2C26.150.0%2CY%3Bmobileapp%2C25.0.100%2CN%3Bblog%2C26.400.0%2CN%3Bb24connector%2C25.0.0%2CN%3Bhighloadblock%2C25.100.0%2CN%3Biblock%2C25.300.0%2CN%3Bsocialservices%2C26.0.0%2CN%3Brest%2C26.0.0%2CN%3Bfileman%2C25.200.200%2CN%3Bforum%2C26.0.0%2CN%3Blanding%2C26.200.0%2CN%3Bclouds%2C25.100.0%2CN%3Bphotogallery%2C25.100.0%2CN%3Bform%2C26.0.0%2CN%3Bbitrixcloud%2C25.100.0%2CN%3Bsubscribe%2C25.0.0%2CN%3Bmessageservice%2C25.200.100%2CN%3Bui%2C26.150.0%2CN%3Blocation%2C25.400.0%2CN%3Bperfmon%2C25.300.0%2CN%3Bseo%2C25.100.400%2CN%3Bvote%2C26.0.0%2CN%3Btranslate%2C25.100.0%2CN%3Bsecurity%2C25.0.0%2CN%3Bbitrix.sitecorporate%2C26.0.0%2CN%3Bsearch%2C25.200.0%2CN&reqm=bitrix.sitecorporate&fullmoduleinfo=Y&SUPD_SRS=RU&SUPD_CMP=N
2026-06-16 11:56:04 -  - exec CUpdateClientPartner::GetHTTPPage
2026-06-16 11:56:04 -  - TIME GetUpdatesList(request) 0.147 sec
2026-06-16 11:56:04 -  - exec CUpdateClientPartner::ParseServerData
2026-06-16 11:56:05 -  - exec CUpdateClientPartner::GetUpdatesList
2026-06-16 11:56:05 -  - exec CUpdateClientPartner::__CollectRequestData
2026-06-16 11:56:05 -  - utf=Y&lang=ru&stable=Y&CANGZIP=Y&SUPD_DBS=MYSQL&XE=N&CLIENT_SITE=localhost&LICENSE_KEY=X&SUPD_STS=3&SUPD_URS=0&TYPENC=D&CLIENT_PHPVER=8.5.7&NGINX=Y&dbv=8.0.45&instm=main%2C26.150.0%2CY%3Bmobileapp%2C25.0.100%2CN%3Bblog%2C26.400.0%2CN%3Bb24connector%2C25.0.0%2CN%3Bhighloadblock%2C25.100.0%2CN%3Biblock%2C25.300.0%2CN%3Bsocialservices%2C26.0.0%2CN%3Brest%2C26.0.0%2CN%3Bfileman%2C25.200.200%2CN%3Bforum%2C26.0.0%2CN%3Blanding%2C26.200.0%2CN%3Bclouds%2C25.100.0%2CN%3Bphotogallery%2C25.100.0%2CN%3Bform%2C26.0.0%2CN%3Bbitrixcloud%2C25.100.0%2CN%3Bsubscribe%2C25.0.0%2CN%3Bmessageservice%2C25.200.100%2CN%3Bui%2C26.150.0%2CN%3Blocation%2C25.400.0%2CN%3Bperfmon%2C25.300.0%2CN%3Bseo%2C25.100.400%2CN%3Bvote%2C26.0.0%2CN%3Btranslate%2C25.100.0%2CN%3Bsecurity%2C25.0.0%2CN%3Bbitrix.sitecorporate%2C26.0.0%2CN%3Bsearch%2C25.200.0%2CN&reqm=bitrix.sitecorporate&fullmoduleinfo=Y&SUPD_SRS=RU&SUPD_CMP=N
2026-06-16 11:56:05 -  - exec CUpdateClientPartner::GetHTTPPage
2026-06-16 11:56:05 -  - TIME GetUpdatesList(request) 0.152 sec
2026-06-16 11:56:05 -  - exec CUpdateClientPartner::ParseServerData
2026-06-16 12:09:07 -  - exec CUpdateClientPartner::GetUpdatesList
2026-06-16 12:09:07 -  - exec CUpdateClientPartner::__CollectRequestData
2026-06-16 12:09:07 -  - utf=Y&lang=ru&stable=Y&CANGZIP=Y&SUPD_DBS=MYSQL&XE=N&CLIENT_SITE=localhost&LICENSE_KEY=X&SUPD_STS=3&SUPD_URS=0&TYPENC=D&CLIENT_PHPVER=8.5.7&NGINX=Y&dbv=8.0.45&instm=main%2C26.150.0%2CY%3Bmobileapp%2C25.0.100%2CN%3Bblog%2C26.400.0%2CN%3Bb24connector%2C25.0.0%2CN%3Bhighloadblock%2C25.100.0%2CN%3Biblock%2C25.300.0%2CN%3Bsocialservices%2C26.0.0%2CN%3Brest%2C26.0.0%2CN%3Bfileman%2C25.200.200%2CN%3Bforum%2C26.0.0%2CN%3Blanding%2C26.200.0%2CN%3Bclouds%2C25.100.0%2CN%3Bphotogallery%2C25.100.0%2CN%3Bform%2C26.0.0%2CN%3Bbitrixcloud%2C25.100.0%2CN%3Bsubscribe%2C25.0.0%2CN%3Bmessageservice%2C25.200.100%2CN%3Bui%2C26.150.0%2CN%3Blocation%2C25.400.0%2CN%3Bperfmon%2C25.300.0%2CN%3Bseo%2C25.100.400%2CN%3Bvote%2C26.0.0%2CN%3Btranslate%2C25.100.0%2CN%3Bsecurity%2C25.0.0%2CN%3Bbitrix.sitecorporate%2C26.0.0%2CN%3Bsearch%2C25.200.0%2CN&reqm=bitrix.sitecorporate&fullmoduleinfo=Y&SUPD_SRS=RU&SUPD_CMP=N
2026-06-16 12:09:07 -  - exec CUpdateClientPartner::GetHTTPPage
2026-06-16 12:09:07 -  - TIME GetUpdatesList(request) 0.177 sec
2026-06-16 12:09:07 -  - exec CUpdateClientPartner::ParseServerData
2026-06-16 12:09:07 -  - exec CUpdateClientPartner::GetUpdatesList
2026-06-16 12:09:07 -  - exec CUpdateClientPartner::__CollectRequestData
2026-06-16 12:09:07 -  - utf=Y&lang=ru&stable=Y&CANGZIP=Y&SUPD_DBS=MYSQL&XE=N&CLIENT_SITE=localhost&LICENSE_KEY=X&SUPD_STS=3&SUPD_URS=0&TYPENC=D&CLIENT_PHPVER=8.5.7&NGINX=Y&dbv=8.0.45&instm=main%2C26.150.0%2CY%3Bmobileapp%2C25.0.100%2CN%3Bblog%2C26.400.0%2CN%3Bb24connector%2C25.0.0%2CN%3Bhighloadblock%2C25.100.0%2CN%3Biblock%2C25.300.0%2CN%3Bsocialservices%2C26.0.0%2CN%3Brest%2C26.0.0%2CN%3Bfileman%2C25.200.200%2CN%3Bforum%2C26.0.0%2CN%3Blanding%2C26.200.0%2CN%3Bclouds%2C25.100.0%2CN%3Bphotogallery%2C25.100.0%2CN%3Bform%2C26.0.0%2CN%3Bbitrixcloud%2C25.100.0%2CN%3Bsubscribe%2C25.0.0%2CN%3Bmessageservice%2C25.200.100%2CN%3Bui%2C26.150.0%2CN%3Blocation%2C25.400.0%2CN%3Bperfmon%2C25.300.0%2CN%3Bseo%2C25.100.400%2CN%3Bvote%2C26.0.0%2CN%3Btranslate%2C25.100.0%2CN%3Bsecurity%2C25.0.0%2CN%3Bbitrix.sitecorporate%2C26.0.0%2CN%3Bsearch%2C25.200.0%2CN&reqm=bitrix.sitecorporate&fullmoduleinfo=Y&SUPD_SRS=RU&SUPD_CMP=N
2026-06-16 12:09:07 -  - exec CUpdateClientPartner::GetHTTPPage
2026-06-16 12:09:07 -  - TIME GetUpdatesList(request) 0.14 sec
2026-06-16 12:09:07 -  - exec CUpdateClientPartner::ParseServerData
2026-06-16 12:09:09 -  - exec CUpdateClientPartner::GetUpdatesList
2026-06-16 12:09:09 -  - exec CUpdateClientPartner::__CollectRequestData
2026-06-16 12:09:09 -  - utf=Y&lang=ru&stable=Y&CANGZIP=Y&SUPD_DBS=MYSQL&XE=N&CLIENT_SITE=localhost&LICENSE_KEY=X&SUPD_STS=3&SUPD_URS=0&TYPENC=D&CLIENT_PHPVER=8.5.7&NGINX=Y&dbv=8.0.45&instm=main%2C26.150.0%2CY%3Bmobileapp%2C25.0.100%2CN%3Bblog%2C26.400.0%2CN%3Bb24connector%2C25.0.0%2CN%3Bhighloadblock%2C25.100.0%2CN%3Biblock%2C25.300.0%2CN%3Bsocialservices%2C26.0.0%2CN%3Brest%2C26.0.0%2CN%3Bfileman%2C25.200.200%2CN%3Bforum%2C26.0.0%2CN%3Blanding%2C26.200.0%2CN%3Bclouds%2C25.100.0%2CN%3Bphotogallery%2C25.100.0%2CN%3Bform%2C26.0.0%2CN%3Bbitrixcloud%2C25.100.0%2CN%3Bsubscribe%2C25.0.0%2CN%3Bmessageservice%2C25.200.100%2CN%3Bui%2C26.150.0%2CN%3Blocation%2C25.400.0%2CN%3Bperfmon%2C25.300.0%2CN%3Bseo%2C25.100.400%2CN%3Bvote%2C26.0.0%2CN%3Btranslate%2C25.100.0%2CN%3Bsecurity%2C25.0.0%2CN%3Bbitrix.sitecorporate%2C26.0.0%2CN%3Bsearch%2C25.200.0%2CN&reqm=bitrix.sitecorporate&fullmoduleinfo=Y&SUPD_SRS=RU&SUPD_CMP=N
2026-06-16 12:09:09 -  - exec CUpdateClientPartner::GetHTTPPage
2026-06-16 12:09:09 -  - TIME GetUpdatesList(request) 0.174 sec
2026-06-16 12:09:09 -  - exec CUpdateClientPartner::ParseServerData
2026-06-16 12:09:11 -  - exec CUpdateClientPartner::GetUpdatesList
2026-06-16 12:09:11 -  - exec CUpdateClientPartner::__CollectRequestData
2026-06-16 12:09:11 -  - utf=Y&lang=ru&stable=Y&CANGZIP=Y&SUPD_DBS=MYSQL&XE=N&CLIENT_SITE=localhost&LICENSE_KEY=X&SUPD_STS=3&SUPD_URS=0&TYPENC=D&CLIENT_PHPVER=8.5.7&NGINX=Y&dbv=8.0.45&instm=main%2C26.150.0%2CY%3Bmobileapp%2C25.0.100%2CN%3Bblog%2C26.400.0%2CN%3Bb24connector%2C25.0.0%2CN%3Bhighloadblock%2C25.100.0%2CN%3Biblock%2C25.300.0%2CN%3Bsocialservices%2C26.0.0%2CN%3Brest%2C26.0.0%2CN%3Bfileman%2C25.200.200%2CN%3Bforum%2C26.0.0%2CN%3Blanding%2C26.200.0%2CN%3Bclouds%2C25.100.0%2CN%3Bphotogallery%2C25.100.0%2CN%3Bform%2C26.0.0%2CN%3Bbitrixcloud%2C25.100.0%2CN%3Bsubscribe%2C25.0.0%2CN%3Bmessageservice%2C25.200.100%2CN%3Bui%2C26.150.0%2CN%3Blocation%2C25.400.0%2CN%3Bperfmon%2C25.300.0%2CN%3Bseo%2C25.100.400%2CN%3Bvote%2C26.0.0%2CN%3Btranslate%2C25.100.0%2CN%3Bsecurity%2C25.0.0%2CN%3Bbitrix.sitecorporate%2C26.0.0%2CN%3Bsearch%2C25.200.0%2CN&reqm=bitrix.sitecorporate&fullmoduleinfo=Y&SUPD_SRS=RU&SUPD_CMP=N
2026-06-16 12:09:11 -  - exec CUpdateClientPartner::GetHTTPPage
2026-06-16 12:09:11 -  - TIME GetUpdatesList(request) 0.134 sec
2026-06-16 12:09:11 -  - exec CUpdateClientPartner::ParseServerData
2026-06-16 12:09:11 -  - exec CUpdateClientPartner::GetUpdatesList
2026-06-16 12:09:11 -  - exec CUpdateClientPartner::__CollectRequestData
2026-06-16 12:09:11 -  - utf=Y&lang=ru&stable=Y&CANGZIP=Y&SUPD_DBS=MYSQL&XE=N&CLIENT_SITE=localhost&LICENSE_KEY=X&SUPD_STS=3&SUPD_URS=0&TYPENC=D&CLIENT_PHPVER=8.5.7&NGINX=Y&dbv=8.0.45&instm=main%2C26.150.0%2CY%3Bmobileapp%2C25.0.100%2CN%3Bblog%2C26.400.0%2CN%3Bb24connector%2C25.0.0%2CN%3Bhighloadblock%2C25.100.0%2CN%3Biblock%2C25.300.0%2CN%3Bsocialservices%2C26.0.0%2CN%3Brest%2C26.0.0%2CN%3Bfileman%2C25.200.200%2CN%3Bforum%2C26.0.0%2CN%3Blanding%2C26.200.0%2CN%3Bclouds%2C25.100.0%2CN%3Bphotogallery%2C25.100.0%2CN%3Bform%2C26.0.0%2CN%3Bbitrixcloud%2C25.100.0%2CN%3Bsubscribe%2C25.0.0%2CN%3Bmessageservice%2C25.200.100%2CN%3Bui%2C26.150.0%2CN%3Blocation%2C25.400.0%2CN%3Bperfmon%2C25.300.0%2CN%3Bseo%2C25.100.400%2CN%3Bvote%2C26.0.0%2CN%3Btranslate%2C25.100.0%2CN%3Bsecurity%2C25.0.0%2CN%3Bbitrix.sitecorporate%2C26.0.0%2CN%3Bsearch%2C25.200.0%2CN&reqm=bitrix.sitecorporate&fullmoduleinfo=Y&SUPD_SRS=RU&SUPD_CMP=N
2026-06-16 12:09:11 -  - exec CUpdateClientPartner::GetHTTPPage
2026-06-16 12:09:11 -  - TIME GetUpdatesList(request) 0.164 sec
2026-06-16 12:09:11 -  - exec CUpdateClientPartner::ParseServerData
2026-06-16 12:09:14 -  - exec CUpdateClientPartner::GetUpdatesList
2026-06-16 12:09:14 -  - exec CUpdateClientPartner::__CollectRequestData
2026-06-16 12:09:14 -  - utf=Y&lang=ru&stable=Y&CANGZIP=Y&SUPD_DBS=MYSQL&XE=N&CLIENT_SITE=localhost&LICENSE_KEY=X&SUPD_STS=3&SUPD_URS=0&TYPENC=D&CLIENT_PHPVER=8.5.7&NGINX=Y&dbv=8.0.45&instm=main%2C26.150.0%2CY%3Bmobileapp%2C25.0.100%2CN%3Bblog%2C26.400.0%2CN%3Bb24connector%2C25.0.0%2CN%3Bhighloadblock%2C25.100.0%2CN%3Biblock%2C25.300.0%2CN%3Bsocialservices%2C26.0.0%2CN%3Brest%2C26.0.0%2CN%3Bfileman%2C25.200.200%2CN%3Bforum%2C26.0.0%2CN%3Blanding%2C26.200.0%2CN%3Bclouds%2C25.100.0%2CN%3Bphotogallery%2C25.100.0%2CN%3Bform%2C26.0.0%2CN%3Bbitrixcloud%2C25.100.0%2CN%3Bsubscribe%2C25.0.0%2CN%3Bmessageservice%2C25.200.100%2CN%3Bui%2C26.150.0%2CN%3Blocation%2C25.400.0%2CN%3Bperfmon%2C25.300.0%2CN%3Bseo%2C25.100.400%2CN%3Bvote%2C26.0.0%2CN%3Btranslate%2C25.100.0%2CN%3Bsecurity%2C25.0.0%2CN%3Bbitrix.sitecorporate%2C26.0.0%2CN%3Bsearch%2C25.200.0%2CN&reqm=bitrix.sitecorporate&fullmoduleinfo=Y&SUPD_SRS=RU&SUPD_CMP=N
2026-06-16 12:09:14 -  - exec CUpdateClientPartner::GetHTTPPage
2026-06-16 12:09:14 -  - TIME GetUpdatesList(request) 0.153 sec
2026-06-16 12:09:14 -  - exec CUpdateClientPartner::ParseServerData
2026-06-16 12:09:14 -  - exec CUpdateClientPartner::GetUpdatesList
2026-06-16 12:09:14 -  - exec CUpdateClientPartner::__CollectRequestData
2026-06-16 12:09:14 -  - utf=Y&lang=ru&stable=Y&CANGZIP=Y&SUPD_DBS=MYSQL&XE=N&CLIENT_SITE=localhost&LICENSE_KEY=X&SUPD_STS=3&SUPD_URS=0&TYPENC=D&CLIENT_PHPVER=8.5.7&NGINX=Y&dbv=8.0.45&instm=main%2C26.150.0%2CY%3Bmobileapp%2C25.0.100%2CN%3Bblog%2C26.400.0%2CN%3Bb24connector%2C25.0.0%2CN%3Bhighloadblock%2C25.100.0%2CN%3Biblock%2C25.300.0%2CN%3Bsocialservices%2C26.0.0%2CN%3Brest%2C26.0.0%2CN%3Bfileman%2C25.200.200%2CN%3Bforum%2C26.0.0%2CN%3Blanding%2C26.200.0%2CN%3Bclouds%2C25.100.0%2CN%3Bphotogallery%2C25.100.0%2CN%3Bform%2C26.0.0%2CN%3Bbitrixcloud%2C25.100.0%2CN%3Bsubscribe%2C25.0.0%2CN%3Bmessageservice%2C25.200.100%2CN%3Bui%2C26.150.0%2CN%3Blocation%2C25.400.0%2CN%3Bperfmon%2C25.300.0%2CN%3Bseo%2C25.100.400%2CN%3Bvote%2C26.0.0%2CN%3Btranslate%2C25.100.0%2CN%3Bsecurity%2C25.0.0%2CN%3Bbitrix.sitecorporate%2C26.0.0%2CN%3Bsearch%2C25.200.0%2CN&reqm=bitrix.sitecorporate&fullmoduleinfo=Y&SUPD_SRS=RU&SUPD_CMP=N
2026-06-16 12:09:14 -  - exec CUpdateClientPartner::GetHTTPPage
2026-06-16 12:09:14 -  - TIME GetUpdatesList(request) 0.166 sec
2026-06-16 12:09:14 -  - exec CUpdateClientPartner::ParseServerData
2026-06-16 12:09:23 -  - exec CUpdateClientPartner::GetUpdatesList
2026-06-16 12:09:23 -  - exec CUpdateClientPartner::__CollectRequestData
2026-06-16 12:09:23 -  - utf=Y&lang=ru&stable=Y&CANGZIP=Y&SUPD_DBS=MYSQL&XE=N&CLIENT_SITE=localhost&LICENSE_KEY=X&SUPD_STS=3&SUPD_URS=0&TYPENC=D&CLIENT_PHPVER=8.5.7&NGINX=Y&dbv=8.0.45&instm=main%2C26.150.0%2CY%3Bmobileapp%2C25.0.100%2CN%3Bblog%2C26.400.0%2CN%3Bb24connector%2C25.0.0%2CN%3Bhighloadblock%2C25.100.0%2CN%3Biblock%2C25.300.0%2CN%3Bsocialservices%2C26.0.0%2CN%3Brest%2C26.0.0%2CN%3Bfileman%2C25.200.200%2CN%3Bforum%2C26.0.0%2CN%3Blanding%2C26.200.0%2CN%3Bclouds%2C25.100.0%2CN%3Bphotogallery%2C25.100.0%2CN%3Bform%2C26.0.0%2CN%3Bbitrixcloud%2C25.100.0%2CN%3Bsubscribe%2C25.0.0%2CN%3Bmessageservice%2C25.200.100%2CN%3Bui%2C26.150.0%2CN%3Blocation%2C25.400.0%2CN%3Bperfmon%2C25.300.0%2CN%3Bseo%2C25.100.400%2CN%3Bvote%2C26.0.0%2CN%3Btranslate%2C25.100.0%2CN%3Bsecurity%2C25.0.0%2CN%3Bbitrix.sitecorporate%2C26.0.0%2CN%3Bsearch%2C25.200.0%2CN&reqm=bitrix.sitecorporate&fullmoduleinfo=Y&SUPD_SRS=RU&SUPD_CMP=N
2026-06-16 12:09:23 -  - exec CUpdateClientPartner::GetHTTPPage
2026-06-16 12:09:23 -  - TIME GetUpdatesList(request) 0.175 sec
2026-06-16 12:09:23 -  - exec CUpdateClientPartner::ParseServerData
2026-06-16 12:18:11 -  - exec CUpdateClientPartner::GetUpdatesList
2026-06-16 12:18:11 -  - exec CUpdateClientPartner::__CollectRequestData
2026-06-16 12:18:11 -  - utf=Y&lang=ru&stable=Y&CANGZIP=Y&SUPD_DBS=MYSQL&XE=N&CLIENT_SITE=localhost&LICENSE_KEY=X&SUPD_STS=3&SUPD_URS=0&TYPENC=D&CLIENT_PHPVER=8.5.7&NGINX=Y&dbv=8.0.45&instm=main%2C26.150.0%2CY%3Bmobileapp%2C25.0.100%2CN%3Bblog%2C26.400.0%2CN%3Bb24connector%2C25.0.0%2CN%3Bhighloadblock%2C25.100.0%2CN%3Biblock%2C25.300.0%2CN%3Bsocialservices%2C26.0.0%2CN%3Brest%2C26.0.0%2CN%3Bfileman%2C25.200.200%2CN%3Bforum%2C26.0.0%2CN%3Blanding%2C26.200.0%2CN%3Bclouds%2C25.100.0%2CN%3Bphotogallery%2C25.100.0%2CN%3Bform%2C26.0.0%2CN%3Bbitrixcloud%2C25.100.0%2CN%3Bsubscribe%2C25.0.0%2CN%3Bmessageservice%2C25.200.100%2CN%3Bui%2C26.150.0%2CN%3Blocation%2C25.400.0%2CN%3Bperfmon%2C25.300.0%2CN%3Bseo%2C25.100.400%2CN%3Bvote%2C26.0.0%2CN%3Btranslate%2C25.100.0%2CN%3Bsecurity%2C25.0.0%2CN%3Bbitrix.sitecorporate%2C26.0.0%2CN%3Bsearch%2C25.200.0%2CN&reqm=bitrix.sitecorporate&fullmoduleinfo=Y&SUPD_SRS=RU&SUPD_CMP=N
2026-06-16 12:18:11 -  - exec CUpdateClientPartner::GetHTTPPage
2026-06-16 12:18:11 -  - TIME GetUpdatesList(request) 0.162 sec
2026-06-16 12:18:11 -  - exec CUpdateClientPartner::ParseServerData
2026-06-16 12:18:13 -  - exec CUpdateClientPartner::GetUpdatesList
2026-06-16 12:18:13 -  - exec CUpdateClientPartner::__CollectRequestData
2026-06-16 12:18:13 -  - utf=Y&lang=ru&stable=Y&CANGZIP=Y&SUPD_DBS=MYSQL&XE=N&CLIENT_SITE=localhost&LICENSE_KEY=X&SUPD_STS=3&SUPD_URS=0&TYPENC=D&CLIENT_PHPVER=8.5.7&NGINX=Y&dbv=8.0.45&instm=main%2C26.150.0%2CY%3Bmobileapp%2C25.0.100%2CN%3Bblog%2C26.400.0%2CN%3Bb24connector%2C25.0.0%2CN%3Bhighloadblock%2C25.100.0%2CN%3Biblock%2C25.300.0%2CN%3Bsocialservices%2C26.0.0%2CN%3Brest%2C26.0.0%2CN%3Bfileman%2C25.200.200%2CN%3Bforum%2C26.0.0%2CN%3Blanding%2C26.200.0%2CN%3Bclouds%2C25.100.0%2CN%3Bphotogallery%2C25.100.0%2CN%3Bform%2C26.0.0%2CN%3Bbitrixcloud%2C25.100.0%2CN%3Bsubscribe%2C25.0.0%2CN%3Bmessageservice%2C25.200.100%2CN%3Bui%2C26.150.0%2CN%3Blocation%2C25.400.0%2CN%3Bperfmon%2C25.300.0%2CN%3Bseo%2C25.100.400%2CN%3Bvote%2C26.0.0%2CN%3Btranslate%2C25.100.0%2CN%3Bsecurity%2C25.0.0%2CN%3Bbitrix.sitecorporate%2C26.0.0%2CN%3Bsearch%2C25.200.0%2CN&reqm=bitrix.sitecorporate&fullmoduleinfo=Y&SUPD_SRS=RU&SUPD_CMP=N
2026-06-16 12:18:13 -  - exec CUpdateClientPartner::GetHTTPPage
2026-06-16 12:18:13 -  - TIME GetUpdatesList(request) 0.138 sec
2026-06-16 12:18:13 -  - exec CUpdateClientPartner::ParseServerData
2026-06-16 12:18:13 -  - exec CUpdateClientPartner::GetUpdatesList
2026-06-16 12:18:13 -  - exec CUpdateClientPartner::__CollectRequestData
2026-06-16 12:18:13 -  - utf=Y&lang=ru&stable=Y&CANGZIP=Y&SUPD_DBS=MYSQL&XE=N&CLIENT_SITE=localhost&LICENSE_KEY=X&SUPD_STS=3&SUPD_URS=0&TYPENC=D&CLIENT_PHPVER=8.5.7&NGINX=Y&dbv=8.0.45&instm=main%2C26.150.0%2CY%3Bmobileapp%2C25.0.100%2CN%3Bblog%2C26.400.0%2CN%3Bb24connector%2C25.0.0%2CN%3Bhighloadblock%2C25.100.0%2CN%3Biblock%2C25.300.0%2CN%3Bsocialservices%2C26.0.0%2CN%3Brest%2C26.0.0%2CN%3Bfileman%2C25.200.200%2CN%3Bforum%2C26.0.0%2CN%3Blanding%2C26.200.0%2CN%3Bclouds%2C25.100.0%2CN%3Bphotogallery%2C25.100.0%2CN%3Bform%2C26.0.0%2CN%3Bbitrixcloud%2C25.100.0%2CN%3Bsubscribe%2C25.0.0%2CN%3Bmessageservice%2C25.200.100%2CN%3Bui%2C26.150.0%2CN%3Blocation%2C25.400.0%2CN%3Bperfmon%2C25.300.0%2CN%3Bseo%2C25.100.400%2CN%3Bvote%2C26.0.0%2CN%3Btranslate%2C25.100.0%2CN%3Bsecurity%2C25.0.0%2CN%3Bbitrix.sitecorporate%2C26.0.0%2CN%3Bsearch%2C25.200.0%2CN&reqm=bitrix.sitecorporate&fullmoduleinfo=Y&SUPD_SRS=RU&SUPD_CMP=N
2026-06-16 12:18:13 -  - exec CUpdateClientPartner::GetHTTPPage
2026-06-16 12:18:13 -  - TIME GetUpdatesList(request) 0.168 sec
2026-06-16 12:18:13 -  - exec CUpdateClientPartner::ParseServerData
2026-06-16 12:18:15 -  - exec CUpdateClientPartner::GetUpdatesList
2026-06-16 12:18:15 -  - exec CUpdateClientPartner::__CollectRequestData
2026-06-16 12:18:15 -  - utf=Y&lang=ru&stable=Y&CANGZIP=Y&SUPD_DBS=MYSQL&XE=N&CLIENT_SITE=localhost&LICENSE_KEY=X&SUPD_STS=3&SUPD_URS=0&TYPENC=D&CLIENT_PHPVER=8.5.7&NGINX=Y&dbv=8.0.45&instm=main%2C26.150.0%2CY%3Bmobileapp%2C25.0.100%2CN%3Bblog%2C26.400.0%2CN%3Bb24connector%2C25.0.0%2CN%3Bhighloadblock%2C25.100.0%2CN%3Biblock%2C25.300.0%2CN%3Bsocialservices%2C26.0.0%2CN%3Brest%2C26.0.0%2CN%3Bfileman%2C25.200.200%2CN%3Bforum%2C26.0.0%2CN%3Blanding%2C26.200.0%2CN%3Bclouds%2C25.100.0%2CN%3Bphotogallery%2C25.100.0%2CN%3Bform%2C26.0.0%2CN%3Bbitrixcloud%2C25.100.0%2CN%3Bsubscribe%2C25.0.0%2CN%3Bmessageservice%2C25.200.100%2CN%3Bui%2C26.150.0%2CN%3Blocation%2C25.400.0%2CN%3Bperfmon%2C25.300.0%2CN%3Bseo%2C25.100.400%2CN%3Bvote%2C26.0.0%2CN%3Btranslate%2C25.100.0%2CN%3Bsecurity%2C25.0.0%2CN%3Bbitrix.sitecorporate%2C26.0.0%2CN%3Bsearch%2C25.200.0%2CN&reqm=bitrix.sitecorporate&fullmoduleinfo=Y&SUPD_SRS=RU&SUPD_CMP=N
2026-06-16 12:18:15 -  - exec CUpdateClientPartner::GetHTTPPage
2026-06-16 12:18:15 -  - TIME GetUpdatesList(request) 0.15 sec
2026-06-16 12:18:15 -  - exec CUpdateClientPartner::ParseServerData
2026-06-16 12:18:18 -  - exec CUpdateClientPartner::GetUpdatesList
2026-06-16 12:18:18 -  - exec CUpdateClientPartner::__CollectRequestData
2026-06-16 12:18:18 -  - utf=Y&lang=ru&stable=Y&CANGZIP=Y&SUPD_DBS=MYSQL&XE=N&CLIENT_SITE=localhost&LICENSE_KEY=X&SUPD_STS=3&SUPD_URS=0&TYPENC=D&CLIENT_PHPVER=8.5.7&NGINX=Y&dbv=8.0.45&instm=main%2C26.150.0%2CY%3Bmobileapp%2C25.0.100%2CN%3Bblog%2C26.400.0%2CN%3Bb24connector%2C25.0.0%2CN%3Bhighloadblock%2C25.100.0%2CN%3Biblock%2C25.300.0%2CN%3Bsocialservices%2C26.0.0%2CN%3Brest%2C26.0.0%2CN%3Bfileman%2C25.200.200%2CN%3Bforum%2C26.0.0%2CN%3Blanding%2C26.200.0%2CN%3Bclouds%2C25.100.0%2CN%3Bphotogallery%2C25.100.0%2CN%3Bform%2C26.0.0%2CN%3Bbitrixcloud%2C25.100.0%2CN%3Bsubscribe%2C25.0.0%2CN%3Bmessageservice%2C25.200.100%2CN%3Bui%2C26.150.0%2CN%3Blocation%2C25.400.0%2CN%3Bperfmon%2C25.300.0%2CN%3Bseo%2C25.100.400%2CN%3Bvote%2C26.0.0%2CN%3Btranslate%2C25.100.0%2CN%3Bsecurity%2C25.0.0%2CN%3Bbitrix.sitecorporate%2C26.0.0%2CN%3Bsearch%2C25.200.0%2CN&reqm=bitrix.sitecorporate&fullmoduleinfo=Y&SUPD_SRS=RU&SUPD_CMP=N
2026-06-16 12:18:18 -  - exec CUpdateClientPartner::GetHTTPPage
2026-06-16 12:18:18 -  - TIME GetUpdatesList(request) 0.165 sec
2026-06-16 12:18:18 -  - exec CUpdateClientPartner::ParseServerData
2026-06-16 12:18:19 -  - exec CUpdateClientPartner::GetUpdatesList
2026-06-16 12:18:19 -  - exec CUpdateClientPartner::__CollectRequestData
2026-06-16 12:18:19 -  - utf=Y&lang=ru&stable=Y&CANGZIP=Y&SUPD_DBS=MYSQL&XE=N&CLIENT_SITE=localhost&LICENSE_KEY=X&SUPD_STS=3&SUPD_URS=0&TYPENC=D&CLIENT_PHPVER=8.5.7&NGINX=Y&dbv=8.0.45&instm=main%2C26.150.0%2CY%3Bmobileapp%2C25.0.100%2CN%3Bblog%2C26.400.0%2CN%3Bb24connector%2C25.0.0%2CN%3Bhighloadblock%2C25.100.0%2CN%3Biblock%2C25.300.0%2CN%3Bsocialservices%2C26.0.0%2CN%3Brest%2C26.0.0%2CN%3Bfileman%2C25.200.200%2CN%3Bforum%2C26.0.0%2CN%3Blanding%2C26.200.0%2CN%3Bclouds%2C25.100.0%2CN%3Bphotogallery%2C25.100.0%2CN%3Bform%2C26.0.0%2CN%3Bbitrixcloud%2C25.100.0%2CN%3Bsubscribe%2C25.0.0%2CN%3Bmessageservice%2C25.200.100%2CN%3Bui%2C26.150.0%2CN%3Blocation%2C25.400.0%2CN%3Bperfmon%2C25.300.0%2CN%3Bseo%2C25.100.400%2CN%3Bvote%2C26.0.0%2CN%3Btranslate%2C25.100.0%2CN%3Bsecurity%2C25.0.0%2CN%3Bbitrix.sitecorporate%2C26.0.0%2CN%3Bsearch%2C25.200.0%2CN&reqm=bitrix.sitecorporate&fullmoduleinfo=Y&SUPD_SRS=RU&SUPD_CMP=N
2026-06-16 12:18:19 -  - exec CUpdateClientPartner::GetHTTPPage
2026-06-16 12:18:19 -  - TIME GetUpdatesList(request) 0.145 sec
2026-06-16 12:18:19 -  - exec CUpdateClientPartner::ParseServerData
2026-06-16 12:19:15 -  - exec CUpdateClientPartner::GetUpdatesList
2026-06-16 12:19:15 -  - exec CUpdateClientPartner::__CollectRequestData
2026-06-16 12:19:15 -  - utf=Y&lang=ru&stable=Y&CANGZIP=Y&SUPD_DBS=MYSQL&XE=N&CLIENT_SITE=localhost&LICENSE_KEY=X&SUPD_STS=3&SUPD_URS=0&TYPENC=D&CLIENT_PHPVER=8.5.7&NGINX=Y&dbv=8.0.45&instm=main%2C26.150.0%2CY%3Bmobileapp%2C25.0.100%2CN%3Bblog%2C26.400.0%2CN%3Bb24connector%2C25.0.0%2CN%3Bhighloadblock%2C25.100.0%2CN%3Biblock%2C25.300.0%2CN%3Bsocialservices%2C26.0.0%2CN%3Brest%2C26.0.0%2CN%3Bfileman%2C25.200.200%2CN%3Bforum%2C26.0.0%2CN%3Blanding%2C26.200.0%2CN%3Bclouds%2C25.100.0%2CN%3Bphotogallery%2C25.100.0%2CN%3Bform%2C26.0.0%2CN%3Bbitrixcloud%2C25.100.0%2CN%3Bsubscribe%2C25.0.0%2CN%3Bmessageservice%2C25.200.100%2CN%3Bui%2C26.150.0%2CN%3Blocation%2C25.400.0%2CN%3Bperfmon%2C25.300.0%2CN%3Bseo%2C25.100.400%2CN%3Bvote%2C26.0.0%2CN%3Btranslate%2C25.100.0%2CN%3Bsecurity%2C25.0.0%2CN%3Bbitrix.sitecorporate%2C26.0.0%2CN%3Bsearch%2C25.200.0%2CN&reqm=bitrix.sitecorporate&fullmoduleinfo=Y&SUPD_SRS=RU&SUPD_CMP=N
2026-06-16 12:19:15 -  - exec CUpdateClientPartner::GetHTTPPage
2026-06-16 12:19:15 -  - TIME GetUpdatesList(request) 0.144 sec
2026-06-16 12:19:15 -  - exec CUpdateClientPartner::ParseServerData
2026-06-16 12:19:15 -  - exec CUpdateClientPartner::GetUpdatesList
2026-06-16 12:19:15 -  - exec CUpdateClientPartner::__CollectRequestData
2026-06-16 12:19:15 -  - utf=Y&lang=ru&stable=Y&CANGZIP=Y&SUPD_DBS=MYSQL&XE=N&CLIENT_SITE=localhost&LICENSE_KEY=X&SUPD_STS=3&SUPD_URS=0&TYPENC=D&CLIENT_PHPVER=8.5.7&NGINX=Y&dbv=8.0.45&instm=main%2C26.150.0%2CY%3Bmobileapp%2C25.0.100%2CN%3Bblog%2C26.400.0%2CN%3Bb24connector%2C25.0.0%2CN%3Bhighloadblock%2C25.100.0%2CN%3Biblock%2C25.300.0%2CN%3Bsocialservices%2C26.0.0%2CN%3Brest%2C26.0.0%2CN%3Bfileman%2C25.200.200%2CN%3Bforum%2C26.0.0%2CN%3Blanding%2C26.200.0%2CN%3Bclouds%2C25.100.0%2CN%3Bphotogallery%2C25.100.0%2CN%3Bform%2C26.0.0%2CN%3Bbitrixcloud%2C25.100.0%2CN%3Bsubscribe%2C25.0.0%2CN%3Bmessageservice%2C25.200.100%2CN%3Bui%2C26.150.0%2CN%3Blocation%2C25.400.0%2CN%3Bperfmon%2C25.300.0%2CN%3Bseo%2C25.100.400%2CN%3Bvote%2C26.0.0%2CN%3Btranslate%2C25.100.0%2CN%3Bsecurity%2C25.0.0%2CN%3Bbitrix.sitecorporate%2C26.0.0%2CN%3Bsearch%2C25.200.0%2CN&reqm=bitrix.sitecorporate&fullmoduleinfo=Y&SUPD_SRS=RU&SUPD_CMP=N
2026-06-16 12:19:15 -  - exec CUpdateClientPartner::GetHTTPPage
2026-06-16 12:19:15 -  - TIME GetUpdatesList(request) 0.147 sec
2026-06-16 12:19:15 -  - exec CUpdateClientPartner::ParseServerData
2026-06-16 12:19:19 -  - exec CUpdateClientPartner::GetUpdatesList
2026-06-16 12:19:19 -  - exec CUpdateClientPartner::__CollectRequestData
2026-06-16 12:19:19 -  - utf=Y&lang=ru&stable=Y&CANGZIP=Y&SUPD_DBS=MYSQL&XE=N&CLIENT_SITE=localhost&LICENSE_KEY=X&SUPD_STS=3&SUPD_URS=0&TYPENC=D&CLIENT_PHPVER=8.5.7&NGINX=Y&dbv=8.0.45&instm=main%2C26.150.0%2CY%3Bmobileapp%2C25.0.100%2CN%3Bblog%2C26.400.0%2CN%3Bb24connector%2C25.0.0%2CN%3Bhighloadblock%2C25.100.0%2CN%3Biblock%2C25.300.0%2CN%3Bsocialservices%2C26.0.0%2CN%3Brest%2C26.0.0%2CN%3Bfileman%2C25.200.200%2CN%3Bforum%2C26.0.0%2CN%3Blanding%2C26.200.0%2CN%3Bclouds%2C25.100.0%2CN%3Bphotogallery%2C25.100.0%2CN%3Bform%2C26.0.0%2CN%3Bbitrixcloud%2C25.100.0%2CN%3Bsubscribe%2C25.0.0%2CN%3Bmessageservice%2C25.200.100%2CN%3Bui%2C26.150.0%2CN%3Blocation%2C25.400.0%2CN%3Bperfmon%2C25.300.0%2CN%3Bseo%2C25.100.400%2CN%3Bvote%2C26.0.0%2CN%3Btranslate%2C25.100.0%2CN%3Bsecurity%2C25.0.0%2CN%3Bbitrix.sitecorporate%2C26.0.0%2CN%3Bsearch%2C25.200.0%2CN&reqm=bitrix.sitecorporate&fullmoduleinfo=Y&SUPD_SRS=RU&SUPD_CMP=N
2026-06-16 12:19:19 -  - exec CUpdateClientPartner::GetHTTPPage
2026-06-16 12:19:19 -  - TIME GetUpdatesList(request) 0.173 sec
2026-06-16 12:19:19 -  - exec CUpdateClientPartner::ParseServerData
2026-06-16 12:19:19 -  - exec CUpdateClientPartner::GetUpdatesList
2026-06-16 12:19:19 -  - exec CUpdateClientPartner::__CollectRequestData
2026-06-16 12:19:19 -  - utf=Y&lang=ru&stable=Y&CANGZIP=Y&SUPD_DBS=MYSQL&XE=N&CLIENT_SITE=localhost&LICENSE_KEY=X&SUPD_STS=3&SUPD_URS=0&TYPENC=D&CLIENT_PHPVER=8.5.7&NGINX=Y&dbv=8.0.45&instm=main%2C26.150.0%2CY%3Bmobileapp%2C25.0.100%2CN%3Bblog%2C26.400.0%2CN%3Bb24connector%2C25.0.0%2CN%3Bhighloadblock%2C25.100.0%2CN%3Biblock%2C25.300.0%2CN%3Bsocialservices%2C26.0.0%2CN%3Brest%2C26.0.0%2CN%3Bfileman%2C25.200.200%2CN%3Bforum%2C26.0.0%2CN%3Blanding%2C26.200.0%2CN%3Bclouds%2C25.100.0%2CN%3Bphotogallery%2C25.100.0%2CN%3Bform%2C26.0.0%2CN%3Bbitrixcloud%2C25.100.0%2CN%3Bsubscribe%2C25.0.0%2CN%3Bmessageservice%2C25.200.100%2CN%3Bui%2C26.150.0%2CN%3Blocation%2C25.400.0%2CN%3Bperfmon%2C25.300.0%2CN%3Bseo%2C25.100.400%2CN%3Bvote%2C26.0.0%2CN%3Btranslate%2C25.100.0%2CN%3Bsecurity%2C25.0.0%2CN%3Bbitrix.sitecorporate%2C26.0.0%2CN%3Bsearch%2C25.200.0%2CN&reqm=bitrix.sitecorporate&fullmoduleinfo=Y&SUPD_SRS=RU&SUPD_CMP=N
2026-06-16 12:19:19 -  - exec CUpdateClientPartner::GetHTTPPage
2026-06-16 12:19:19 -  - TIME GetUpdatesList(request) 0.156 sec
2026-06-16 12:19:19 -  - exec CUpdateClientPartner::ParseServerData
2026-06-16 12:19:26 -  - exec CUpdateClientPartner::GetUpdatesList
2026-06-16 12:19:26 -  - exec CUpdateClientPartner::__CollectRequestData
2026-06-16 12:19:26 -  - utf=Y&lang=ru&stable=Y&CANGZIP=Y&SUPD_DBS=MYSQL&XE=N&CLIENT_SITE=localhost&LICENSE_KEY=X&SUPD_STS=3&SUPD_URS=0&TYPENC=D&CLIENT_PHPVER=8.5.7&NGINX=Y&dbv=8.0.45&instm=main%2C26.150.0%2CY%3Bmobileapp%2C25.0.100%2CN%3Bblog%2C26.400.0%2CN%3Bb24connector%2C25.0.0%2CN%3Bhighloadblock%2C25.100.0%2CN%3Biblock%2C25.300.0%2CN%3Bsocialservices%2C26.0.0%2CN%3Brest%2C26.0.0%2CN%3Bfileman%2C25.200.200%2CN%3Bforum%2C26.0.0%2CN%3Blanding%2C26.200.0%2CN%3Bclouds%2C25.100.0%2CN%3Bphotogallery%2C25.100.0%2CN%3Bform%2C26.0.0%2CN%3Bbitrixcloud%2C25.100.0%2CN%3Bsubscribe%2C25.0.0%2CN%3Bmessageservice%2C25.200.100%2CN%3Bui%2C26.150.0%2CN%3Blocation%2C25.400.0%2CN%3Bperfmon%2C25.300.0%2CN%3Bseo%2C25.100.400%2CN%3Bvote%2C26.0.0%2CN%3Btranslate%2C25.100.0%2CN%3Bsecurity%2C25.0.0%2CN%3Bbitrix.sitecorporate%2C26.0.0%2CN%3Bsearch%2C25.200.0%2CN&reqm=bitrix.sitecorporate&fullmoduleinfo=Y&SUPD_SRS=RU&SUPD_CMP=N
2026-06-16 12:19:26 -  - exec CUpdateClientPartner::GetHTTPPage
2026-06-16 12:19:26 -  - TIME GetUpdatesList(request) 0.148 sec
2026-06-16 12:19:26 -  - exec CUpdateClientPartner::ParseServerData
2026-06-16 12:19:27 -  - exec CUpdateClientPartner::GetUpdatesList
2026-06-16 12:19:27 -  - exec CUpdateClientPartner::__CollectRequestData
2026-06-16 12:19:27 -  - utf=Y&lang=ru&stable=Y&CANGZIP=Y&SUPD_DBS=MYSQL&XE=N&CLIENT_SITE=localhost&LICENSE_KEY=X&SUPD_STS=3&SUPD_URS=0&TYPENC=D&CLIENT_PHPVER=8.5.7&NGINX=Y&dbv=8.0.45&instm=main%2C26.150.0%2CY%3Bmobileapp%2C25.0.100%2CN%3Bblog%2C26.400.0%2CN%3Bb24connector%2C25.0.0%2CN%3Bhighloadblock%2C25.100.0%2CN%3Biblock%2C25.300.0%2CN%3Bsocialservices%2C26.0.0%2CN%3Brest%2C26.0.0%2CN%3Bfileman%2C25.200.200%2CN%3Bforum%2C26.0.0%2CN%3Blanding%2C26.200.0%2CN%3Bclouds%2C25.100.0%2CN%3Bphotogallery%2C25.100.0%2CN%3Bform%2C26.0.0%2CN%3Bbitrixcloud%2C25.100.0%2CN%3Bsubscribe%2C25.0.0%2CN%3Bmessageservice%2C25.200.100%2CN%3Bui%2C26.150.0%2CN%3Blocation%2C25.400.0%2CN%3Bperfmon%2C25.300.0%2CN%3Bseo%2C25.100.400%2CN%3Bvote%2C26.0.0%2CN%3Btranslate%2C25.100.0%2CN%3Bsecurity%2C25.0.0%2CN%3Bbitrix.sitecorporate%2C26.0.0%2CN%3Bsearch%2C25.200.0%2CN&reqm=bitrix.sitecorporate&fullmoduleinfo=Y&SUPD_SRS=RU&SUPD_CMP=N
2026-06-16 12:19:27 -  - exec CUpdateClientPartner::GetHTTPPage
2026-06-16 12:19:27 -  - TIME GetUpdatesList(request) 0.151 sec
2026-06-16 12:19:27 -  - exec CUpdateClientPartner::ParseServerData
2026-06-16 12:19:29 -  - exec CUpdateClientPartner::GetUpdatesList
2026-06-16 12:19:29 -  - exec CUpdateClientPartner::__CollectRequestData
2026-06-16 12:19:29 -  - utf=Y&lang=ru&stable=Y&CANGZIP=Y&SUPD_DBS=MYSQL&XE=N&CLIENT_SITE=localhost&LICENSE_KEY=X&SUPD_STS=3&SUPD_URS=0&TYPENC=D&CLIENT_PHPVER=8.5.7&NGINX=Y&dbv=8.0.45&instm=main%2C26.150.0%2CY%3Bmobileapp%2C25.0.100%2CN%3Bblog%2C26.400.0%2CN%3Bb24connector%2C25.0.0%2CN%3Bhighloadblock%2C25.100.0%2CN%3Biblock%2C25.300.0%2CN%3Bsocialservices%2C26.0.0%2CN%3Brest%2C26.0.0%2CN%3Bfileman%2C25.200.200%2CN%3Bforum%2C26.0.0%2CN%3Blanding%2C26.200.0%2CN%3Bclouds%2C25.100.0%2CN%3Bphotogallery%2C25.100.0%2CN%3Bform%2C26.0.0%2CN%3Bbitrixcloud%2C25.100.0%2CN%3Bsubscribe%2C25.0.0%2CN%3Bmessageservice%2C25.200.100%2CN%3Bui%2C26.150.0%2CN%3Blocation%2C25.400.0%2CN%3Bperfmon%2C25.300.0%2CN%3Bseo%2C25.100.400%2CN%3Bvote%2C26.0.0%2CN%3Btranslate%2C25.100.0%2CN%3Bsecurity%2C25.0.0%2CN%3Bbitrix.sitecorporate%2C26.0.0%2CN%3Bsearch%2C25.200.0%2CN&reqm=bitrix.sitecorporate&fullmoduleinfo=Y&SUPD_SRS=RU&SUPD_CMP=N
2026-06-16 12:19:29 -  - exec CUpdateClientPartner::GetHTTPPage
2026-06-16 12:19:29 -  - TIME GetUpdatesList(request) 0.147 sec
2026-06-16 12:19:29 -  - exec CUpdateClientPartner::ParseServerData
2026-06-16 12:19:30 -  - exec CUpdateClientPartner::GetUpdatesList
2026-06-16 12:19:30 -  - exec CUpdateClientPartner::__CollectRequestData
2026-06-16 12:19:30 -  - utf=Y&lang=ru&stable=Y&CANGZIP=Y&SUPD_DBS=MYSQL&XE=N&CLIENT_SITE=localhost&LICENSE_KEY=X&SUPD_STS=3&SUPD_URS=0&TYPENC=D&CLIENT_PHPVER=8.5.7&NGINX=Y&dbv=8.0.45&instm=main%2C26.150.0%2CY%3Bmobileapp%2C25.0.100%2CN%3Bblog%2C26.400.0%2CN%3Bb24connector%2C25.0.0%2CN%3Bhighloadblock%2C25.100.0%2CN%3Biblock%2C25.300.0%2CN%3Bsocialservices%2C26.0.0%2CN%3Brest%2C26.0.0%2CN%3Bfileman%2C25.200.200%2CN%3Bforum%2C26.0.0%2CN%3Blanding%2C26.200.0%2CN%3Bclouds%2C25.100.0%2CN%3Bphotogallery%2C25.100.0%2CN%3Bform%2C26.0.0%2CN%3Bbitrixcloud%2C25.100.0%2CN%3Bsubscribe%2C25.0.0%2CN%3Bmessageservice%2C25.200.100%2CN%3Bui%2C26.150.0%2CN%3Blocation%2C25.400.0%2CN%3Bperfmon%2C25.300.0%2CN%3Bseo%2C25.100.400%2CN%3Bvote%2C26.0.0%2CN%3Btranslate%2C25.100.0%2CN%3Bsecurity%2C25.0.0%2CN%3Bbitrix.sitecorporate%2C26.0.0%2CN%3Bsearch%2C25.200.0%2CN&reqm=bitrix.sitecorporate&fullmoduleinfo=Y&SUPD_SRS=RU&SUPD_CMP=N
2026-06-16 12:19:30 -  - exec CUpdateClientPartner::GetHTTPPage
2026-06-16 12:19:30 -  - TIME GetUpdatesList(request) 0.165 sec
2026-06-16 12:19:30 -  - exec CUpdateClientPartner::ParseServerData
2026-06-16 12:19:34 -  - exec CUpdateClientPartner::GetUpdatesList
2026-06-16 12:19:34 -  - exec CUpdateClientPartner::__CollectRequestData
2026-06-16 12:19:34 -  - utf=Y&lang=ru&stable=Y&CANGZIP=Y&SUPD_DBS=MYSQL&XE=N&CLIENT_SITE=localhost&LICENSE_KEY=X&SUPD_STS=3&SUPD_URS=0&TYPENC=D&CLIENT_PHPVER=8.5.7&NGINX=Y&dbv=8.0.45&instm=main%2C26.150.0%2CY%3Bmobileapp%2C25.0.100%2CN%3Bblog%2C26.400.0%2CN%3Bb24connector%2C25.0.0%2CN%3Bhighloadblock%2C25.100.0%2CN%3Biblock%2C25.300.0%2CN%3Bsocialservices%2C26.0.0%2CN%3Brest%2C26.0.0%2CN%3Bfileman%2C25.200.200%2CN%3Bforum%2C26.0.0%2CN%3Blanding%2C26.200.0%2CN%3Bclouds%2C25.100.0%2CN%3Bphotogallery%2C25.100.0%2CN%3Bform%2C26.0.0%2CN%3Bbitrixcloud%2C25.100.0%2CN%3Bsubscribe%2C25.0.0%2CN%3Bmessageservice%2C25.200.100%2CN%3Bui%2C26.150.0%2CN%3Blocation%2C25.400.0%2CN%3Bperfmon%2C25.300.0%2CN%3Bseo%2C25.100.400%2CN%3Bvote%2C26.0.0%2CN%3Btranslate%2C25.100.0%2CN%3Bsecurity%2C25.0.0%2CN%3Bbitrix.sitecorporate%2C26.0.0%2CN%3Bsearch%2C25.200.0%2CN&reqm=bitrix.sitecorporate&fullmoduleinfo=Y&SUPD_SRS=RU&SUPD_CMP=N
2026-06-16 12:19:34 -  - exec CUpdateClientPartner::GetHTTPPage
2026-06-16 12:19:34 -  - TIME GetUpdatesList(request) 0.158 sec
2026-06-16 12:19:34 -  - exec CUpdateClientPartner::ParseServerData
2026-06-16 12:19:35 -  - exec CUpdateClientPartner::GetUpdatesList
2026-06-16 12:19:35 -  - exec CUpdateClientPartner::__CollectRequestData
2026-06-16 12:19:35 -  - utf=Y&lang=ru&stable=Y&CANGZIP=Y&SUPD_DBS=MYSQL&XE=N&CLIENT_SITE=localhost&LICENSE_KEY=X&SUPD_STS=3&SUPD_URS=0&TYPENC=D&CLIENT_PHPVER=8.5.7&NGINX=Y&dbv=8.0.45&instm=main%2C26.150.0%2CY%3Bmobileapp%2C25.0.100%2CN%3Bblog%2C26.400.0%2CN%3Bb24connector%2C25.0.0%2CN%3Bhighloadblock%2C25.100.0%2CN%3Biblock%2C25.300.0%2CN%3Bsocialservices%2C26.0.0%2CN%3Brest%2C26.0.0%2CN%3Bfileman%2C25.200.200%2CN%3Bforum%2C26.0.0%2CN%3Blanding%2C26.200.0%2CN%3Bclouds%2C25.100.0%2CN%3Bphotogallery%2C25.100.0%2CN%3Bform%2C26.0.0%2CN%3Bbitrixcloud%2C25.100.0%2CN%3Bsubscribe%2C25.0.0%2CN%3Bmessageservice%2C25.200.100%2CN%3Bui%2C26.150.0%2CN%3Blocation%2C25.400.0%2CN%3Bperfmon%2C25.300.0%2CN%3Bseo%2C25.100.400%2CN%3Bvote%2C26.0.0%2CN%3Btranslate%2C25.100.0%2CN%3Bsecurity%2C25.0.0%2CN%3Bbitrix.sitecorporate%2C26.0.0%2CN%3Bsearch%2C25.200.0%2CN&reqm=bitrix.sitecorporate&fullmoduleinfo=Y&SUPD_SRS=RU&SUPD_CMP=N
2026-06-16 12:19:35 -  - exec CUpdateClientPartner::GetHTTPPage
2026-06-16 12:19:35 -  - TIME GetUpdatesList(request) 0.153 sec
2026-06-16 12:19:35 -  - exec CUpdateClientPartner::ParseServerData
2026-06-16 12:21:00 -  - exec CUpdateClientPartner::GetUpdatesList
2026-06-16 12:21:00 -  - exec CUpdateClientPartner::__CollectRequestData
2026-06-16 12:21:00 -  - utf=Y&lang=ru&stable=Y&CANGZIP=Y&SUPD_DBS=MYSQL&XE=N&CLIENT_SITE=localhost&LICENSE_KEY=X&SUPD_STS=3&SUPD_URS=0&TYPENC=D&CLIENT_PHPVER=8.5.7&NGINX=Y&dbv=8.0.45&instm=main%2C26.150.0%2CY%3Bmobileapp%2C25.0.100%2CN%3Bblog%2C26.400.0%2CN%3Bb24connector%2C25.0.0%2CN%3Bhighloadblock%2C25.100.0%2CN%3Biblock%2C25.300.0%2CN%3Bsocialservices%2C26.0.0%2CN%3Brest%2C26.0.0%2CN%3Bfileman%2C25.200.200%2CN%3Bforum%2C26.0.0%2CN%3Blanding%2C26.200.0%2CN%3Bclouds%2C25.100.0%2CN%3Bphotogallery%2C25.100.0%2CN%3Bform%2C26.0.0%2CN%3Bbitrixcloud%2C25.100.0%2CN%3Bsubscribe%2C25.0.0%2CN%3Bmessageservice%2C25.200.100%2CN%3Bui%2C26.150.0%2CN%3Blocation%2C25.400.0%2CN%3Bperfmon%2C25.300.0%2CN%3Bseo%2C25.100.400%2CN%3Bvote%2C26.0.0%2CN%3Btranslate%2C25.100.0%2CN%3Bsecurity%2C25.0.0%2CN%3Bbitrix.sitecorporate%2C26.0.0%2CN%3Bsearch%2C25.200.0%2CN&reqm=bitrix.sitecorporate&fullmoduleinfo=Y&SUPD_SRS=RU&SUPD_CMP=N
2026-06-16 12:21:00 -  - exec CUpdateClientPartner::GetHTTPPage
2026-06-16 12:21:00 -  - TIME GetUpdatesList(request) 0.154 sec
2026-06-16 12:21:00 -  - exec CUpdateClientPartner::ParseServerData
2026-06-16 12:21:00 -  - exec CUpdateClientPartner::GetUpdatesList
2026-06-16 12:21:00 -  - exec CUpdateClientPartner::__CollectRequestData
2026-06-16 12:21:00 -  - utf=Y&lang=ru&stable=Y&CANGZIP=Y&SUPD_DBS=MYSQL&XE=N&CLIENT_SITE=localhost&LICENSE_KEY=X&SUPD_STS=3&SUPD_URS=0&TYPENC=D&CLIENT_PHPVER=8.5.7&NGINX=Y&dbv=8.0.45&instm=main%2C26.150.0%2CY%3Bmobileapp%2C25.0.100%2CN%3Bblog%2C26.400.0%2CN%3Bb24connector%2C25.0.0%2CN%3Bhighloadblock%2C25.100.0%2CN%3Biblock%2C25.300.0%2CN%3Bsocialservices%2C26.0.0%2CN%3Brest%2C26.0.0%2CN%3Bfileman%2C25.200.200%2CN%3Bforum%2C26.0.0%2CN%3Blanding%2C26.200.0%2CN%3Bclouds%2C25.100.0%2CN%3Bphotogallery%2C25.100.0%2CN%3Bform%2C26.0.0%2CN%3Bbitrixcloud%2C25.100.0%2CN%3Bsubscribe%2C25.0.0%2CN%3Bmessageservice%2C25.200.100%2CN%3Bui%2C26.150.0%2CN%3Blocation%2C25.400.0%2CN%3Bperfmon%2C25.300.0%2CN%3Bseo%2C25.100.400%2CN%3Bvote%2C26.0.0%2CN%3Btranslate%2C25.100.0%2CN%3Bsecurity%2C25.0.0%2CN%3Bbitrix.sitecorporate%2C26.0.0%2CN%3Bsearch%2C25.200.0%2CN&reqm=bitrix.sitecorporate&fullmoduleinfo=Y&SUPD_SRS=RU&SUPD_CMP=N
2026-06-16 12:21:00 -  - exec CUpdateClientPartner::GetHTTPPage
2026-06-16 12:21:01 -  - TIME GetUpdatesList(request) 0.169 sec
2026-06-16 12:21:01 -  - exec CUpdateClientPartner::ParseServerData
2026-06-16 12:21:03 -  - exec CUpdateClientPartner::GetUpdatesList
2026-06-16 12:21:03 -  - exec CUpdateClientPartner::__CollectRequestData
2026-06-16 12:21:03 -  - utf=Y&lang=ru&stable=Y&CANGZIP=Y&SUPD_DBS=MYSQL&XE=N&CLIENT_SITE=localhost&LICENSE_KEY=X&SUPD_STS=3&SUPD_URS=0&TYPENC=D&CLIENT_PHPVER=8.5.7&NGINX=Y&dbv=8.0.45&instm=main%2C26.150.0%2CY%3Bmobileapp%2C25.0.100%2CN%3Bblog%2C26.400.0%2CN%3Bb24connector%2C25.0.0%2CN%3Bhighloadblock%2C25.100.0%2CN%3Biblock%2C25.300.0%2CN%3Bsocialservices%2C26.0.0%2CN%3Brest%2C26.0.0%2CN%3Bfileman%2C25.200.200%2CN%3Bforum%2C26.0.0%2CN%3Blanding%2C26.200.0%2CN%3Bclouds%2C25.100.0%2CN%3Bphotogallery%2C25.100.0%2CN%3Bform%2C26.0.0%2CN%3Bbitrixcloud%2C25.100.0%2CN%3Bsubscribe%2C25.0.0%2CN%3Bmessageservice%2C25.200.100%2CN%3Bui%2C26.150.0%2CN%3Blocation%2C25.400.0%2CN%3Bperfmon%2C25.300.0%2CN%3Bseo%2C25.100.400%2CN%3Bvote%2C26.0.0%2CN%3Btranslate%2C25.100.0%2CN%3Bsecurity%2C25.0.0%2CN%3Bbitrix.sitecorporate%2C26.0.0%2CN%3Bsearch%2C25.200.0%2CN&reqm=bitrix.sitecorporate&fullmoduleinfo=Y&SUPD_SRS=RU&SUPD_CMP=N
2026-06-16 12:21:03 -  - exec CUpdateClientPartner::GetHTTPPage
2026-06-16 12:21:03 -  - TIME GetUpdatesList(request) 0.151 sec
2026-06-16 12:21:03 -  - exec CUpdateClientPartner::ParseServerData
2026-06-16 12:21:03 -  - exec CUpdateClientPartner::GetUpdatesList
2026-06-16 12:21:03 -  - exec CUpdateClientPartner::__CollectRequestData
2026-06-16 12:21:03 -  - utf=Y&lang=ru&stable=Y&CANGZIP=Y&SUPD_DBS=MYSQL&XE=N&CLIENT_SITE=localhost&LICENSE_KEY=X&SUPD_STS=3&SUPD_URS=0&TYPENC=D&CLIENT_PHPVER=8.5.7&NGINX=Y&dbv=8.0.45&instm=main%2C26.150.0%2CY%3Bmobileapp%2C25.0.100%2CN%3Bblog%2C26.400.0%2CN%3Bb24connector%2C25.0.0%2CN%3Bhighloadblock%2C25.100.0%2CN%3Biblock%2C25.300.0%2CN%3Bsocialservices%2C26.0.0%2CN%3Brest%2C26.0.0%2CN%3Bfileman%2C25.200.200%2CN%3Bforum%2C26.0.0%2CN%3Blanding%2C26.200.0%2CN%3Bclouds%2C25.100.0%2CN%3Bphotogallery%2C25.100.0%2CN%3Bform%2C26.0.0%2CN%3Bbitrixcloud%2C25.100.0%2CN%3Bsubscribe%2C25.0.0%2CN%3Bmessageservice%2C25.200.100%2CN%3Bui%2C26.150.0%2CN%3Blocation%2C25.400.0%2CN%3Bperfmon%2C25.300.0%2CN%3Bseo%2C25.100.400%2CN%3Bvote%2C26.0.0%2CN%3Btranslate%2C25.100.0%2CN%3Bsecurity%2C25.0.0%2CN%3Bbitrix.sitecorporate%2C26.0.0%2CN%3Bsearch%2C25.200.0%2CN&reqm=bitrix.sitecorporate&fullmoduleinfo=Y&SUPD_SRS=RU&SUPD_CMP=N
2026-06-16 12:21:03 -  - exec CUpdateClientPartner::GetHTTPPage
2026-06-16 12:21:04 -  - TIME GetUpdatesList(request) 0.154 sec
2026-06-16 12:21:04 -  - exec CUpdateClientPartner::ParseServerData
2026-06-16 12:23:15 -  - exec CUpdateClientPartner::GetUpdatesList
2026-06-16 12:23:15 -  - exec CUpdateClientPartner::__CollectRequestData
2026-06-16 12:23:15 -  - utf=Y&lang=ru&stable=Y&CANGZIP=Y&SUPD_DBS=MYSQL&XE=N&CLIENT_SITE=localhost&LICENSE_KEY=X&SUPD_STS=3&SUPD_URS=0&TYPENC=D&CLIENT_PHPVER=8.5.7&NGINX=Y&dbv=8.0.45&instm=main%2C26.150.0%2CY%3Bmobileapp%2C25.0.100%2CN%3Bblog%2C26.400.0%2CN%3Bb24connector%2C25.0.0%2CN%3Bhighloadblock%2C25.100.0%2CN%3Biblock%2C25.300.0%2CN%3Bsocialservices%2C26.0.0%2CN%3Brest%2C26.0.0%2CN%3Bfileman%2C25.200.200%2CN%3Bforum%2C26.0.0%2CN%3Blanding%2C26.200.0%2CN%3Bclouds%2C25.100.0%2CN%3Bphotogallery%2C25.100.0%2CN%3Bform%2C26.0.0%2CN%3Bbitrixcloud%2C25.100.0%2CN%3Bsubscribe%2C25.0.0%2CN%3Bmessageservice%2C25.200.100%2CN%3Bui%2C26.150.0%2CN%3Blocation%2C25.400.0%2CN%3Bperfmon%2C25.300.0%2CN%3Bseo%2C25.100.400%2CN%3Bvote%2C26.0.0%2CN%3Btranslate%2C25.100.0%2CN%3Bsecurity%2C25.0.0%2CN%3Bbitrix.sitecorporate%2C26.0.0%2CN%3Bsearch%2C25.200.0%2CN&reqm=bitrix.sitecorporate&fullmoduleinfo=Y&SUPD_SRS=RU&SUPD_CMP=N
2026-06-16 12:23:15 -  - exec CUpdateClientPartner::GetHTTPPage
2026-06-16 12:23:15 -  - TIME GetUpdatesList(request) 0.161 sec
2026-06-16 12:23:15 -  - exec CUpdateClientPartner::ParseServerData
2026-06-16 12:23:16 -  - exec CUpdateClientPartner::GetUpdatesList
2026-06-16 12:23:16 -  - exec CUpdateClientPartner::__CollectRequestData
2026-06-16 12:23:16 -  - utf=Y&lang=ru&stable=Y&CANGZIP=Y&SUPD_DBS=MYSQL&XE=N&CLIENT_SITE=localhost&LICENSE_KEY=X&SUPD_STS=3&SUPD_URS=0&TYPENC=D&CLIENT_PHPVER=8.5.7&NGINX=Y&dbv=8.0.45&instm=main%2C26.150.0%2CY%3Bmobileapp%2C25.0.100%2CN%3Bblog%2C26.400.0%2CN%3Bb24connector%2C25.0.0%2CN%3Bhighloadblock%2C25.100.0%2CN%3Biblock%2C25.300.0%2CN%3Bsocialservices%2C26.0.0%2CN%3Brest%2C26.0.0%2CN%3Bfileman%2C25.200.200%2CN%3Bforum%2C26.0.0%2CN%3Blanding%2C26.200.0%2CN%3Bclouds%2C25.100.0%2CN%3Bphotogallery%2C25.100.0%2CN%3Bform%2C26.0.0%2CN%3Bbitrixcloud%2C25.100.0%2CN%3Bsubscribe%2C25.0.0%2CN%3Bmessageservice%2C25.200.100%2CN%3Bui%2C26.150.0%2CN%3Blocation%2C25.400.0%2CN%3Bperfmon%2C25.300.0%2CN%3Bseo%2C25.100.400%2CN%3Bvote%2C26.0.0%2CN%3Btranslate%2C25.100.0%2CN%3Bsecurity%2C25.0.0%2CN%3Bbitrix.sitecorporate%2C26.0.0%2CN%3Bsearch%2C25.200.0%2CN&reqm=bitrix.sitecorporate&fullmoduleinfo=Y&SUPD_SRS=RU&SUPD_CMP=N
2026-06-16 12:23:16 -  - exec CUpdateClientPartner::GetHTTPPage
2026-06-16 12:23:16 -  - TIME GetUpdatesList(request) 0.166 sec
2026-06-16 12:23:16 -  - exec CUpdateClientPartner::ParseServerData
2026-06-16 12:23:19 -  - exec CUpdateClientPartner::GetUpdatesList
2026-06-16 12:23:19 -  - exec CUpdateClientPartner::__CollectRequestData
2026-06-16 12:23:19 -  - utf=Y&lang=ru&stable=Y&CANGZIP=Y&SUPD_DBS=MYSQL&XE=N&CLIENT_SITE=localhost&LICENSE_KEY=X&SUPD_STS=3&SUPD_URS=0&TYPENC=D&CLIENT_PHPVER=8.5.7&NGINX=Y&dbv=8.0.45&instm=main%2C26.150.0%2CY%3Bmobileapp%2C25.0.100%2CN%3Bblog%2C26.400.0%2CN%3Bb24connector%2C25.0.0%2CN%3Bhighloadblock%2C25.100.0%2CN%3Biblock%2C25.300.0%2CN%3Bsocialservices%2C26.0.0%2CN%3Brest%2C26.0.0%2CN%3Bfileman%2C25.200.200%2CN%3Bforum%2C26.0.0%2CN%3Blanding%2C26.200.0%2CN%3Bclouds%2C25.100.0%2CN%3Bphotogallery%2C25.100.0%2CN%3Bform%2C26.0.0%2CN%3Bbitrixcloud%2C25.100.0%2CN%3Bsubscribe%2C25.0.0%2CN%3Bmessageservice%2C25.200.100%2CN%3Bui%2C26.150.0%2CN%3Blocation%2C25.400.0%2CN%3Bperfmon%2C25.300.0%2CN%3Bseo%2C25.100.400%2CN%3Bvote%2C26.0.0%2CN%3Btranslate%2C25.100.0%2CN%3Bsecurity%2C25.0.0%2CN%3Bbitrix.sitecorporate%2C26.0.0%2CN%3Bsearch%2C25.200.0%2CN&reqm=bitrix.sitecorporate&fullmoduleinfo=Y&SUPD_SRS=RU&SUPD_CMP=N
2026-06-16 12:23:19 -  - exec CUpdateClientPartner::GetHTTPPage
2026-06-16 12:23:19 -  - TIME GetUpdatesList(request) 0.133 sec
2026-06-16 12:23:19 -  - exec CUpdateClientPartner::ParseServerData
2026-06-16 12:23:20 -  - exec CUpdateClientPartner::GetUpdatesList
2026-06-16 12:23:20 -  - exec CUpdateClientPartner::__CollectRequestData
2026-06-16 12:23:20 -  - utf=Y&lang=ru&stable=Y&CANGZIP=Y&SUPD_DBS=MYSQL&XE=N&CLIENT_SITE=localhost&LICENSE_KEY=X&SUPD_STS=3&SUPD_URS=0&TYPENC=D&CLIENT_PHPVER=8.5.7&NGINX=Y&dbv=8.0.45&instm=main%2C26.150.0%2CY%3Bmobileapp%2C25.0.100%2CN%3Bblog%2C26.400.0%2CN%3Bb24connector%2C25.0.0%2CN%3Bhighloadblock%2C25.100.0%2CN%3Biblock%2C25.300.0%2CN%3Bsocialservices%2C26.0.0%2CN%3Brest%2C26.0.0%2CN%3Bfileman%2C25.200.200%2CN%3Bforum%2C26.0.0%2CN%3Blanding%2C26.200.0%2CN%3Bclouds%2C25.100.0%2CN%3Bphotogallery%2C25.100.0%2CN%3Bform%2C26.0.0%2CN%3Bbitrixcloud%2C25.100.0%2CN%3Bsubscribe%2C25.0.0%2CN%3Bmessageservice%2C25.200.100%2CN%3Bui%2C26.150.0%2CN%3Blocation%2C25.400.0%2CN%3Bperfmon%2C25.300.0%2CN%3Bseo%2C25.100.400%2CN%3Bvote%2C26.0.0%2CN%3Btranslate%2C25.100.0%2CN%3Bsecurity%2C25.0.0%2CN%3Bbitrix.sitecorporate%2C26.0.0%2CN%3Bsearch%2C25.200.0%2CN&reqm=bitrix.sitecorporate&fullmoduleinfo=Y&SUPD_SRS=RU&SUPD_CMP=N
2026-06-16 12:23:20 -  - exec CUpdateClientPartner::GetHTTPPage
2026-06-16 12:23:20 -  - TIME GetUpdatesList(request) 0.147 sec
2026-06-16 12:23:20 -  - exec CUpdateClientPartner::ParseServerData
2026-06-16 12:24:35 -  - exec CUpdateClientPartner::GetUpdatesList
2026-06-16 12:24:35 -  - exec CUpdateClientPartner::__CollectRequestData
2026-06-16 12:24:35 -  - utf=Y&lang=ru&stable=Y&CANGZIP=Y&SUPD_DBS=MYSQL&XE=N&CLIENT_SITE=localhost&LICENSE_KEY=X&SUPD_STS=3&SUPD_URS=0&TYPENC=D&CLIENT_PHPVER=8.5.7&NGINX=Y&dbv=8.0.45&instm=main%2C26.150.0%2CY%3Bmobileapp%2C25.0.100%2CN%3Bblog%2C26.400.0%2CN%3Bb24connector%2C25.0.0%2CN%3Bhighloadblock%2C25.100.0%2CN%3Biblock%2C25.300.0%2CN%3Bsocialservices%2C26.0.0%2CN%3Brest%2C26.0.0%2CN%3Bfileman%2C25.200.200%2CN%3Bforum%2C26.0.0%2CN%3Blanding%2C26.200.0%2CN%3Bclouds%2C25.100.0%2CN%3Bphotogallery%2C25.100.0%2CN%3Bform%2C26.0.0%2CN%3Bbitrixcloud%2C25.100.0%2CN%3Bsubscribe%2C25.0.0%2CN%3Bmessageservice%2C25.200.100%2CN%3Bui%2C26.150.0%2CN%3Blocation%2C25.400.0%2CN%3Bperfmon%2C25.300.0%2CN%3Bseo%2C25.100.400%2CN%3Bvote%2C26.0.0%2CN%3Btranslate%2C25.100.0%2CN%3Bsecurity%2C25.0.0%2CN%3Bbitrix.sitecorporate%2C26.0.0%2CN%3Bsearch%2C25.200.0%2CN&reqm=bitrix.sitecorporate&fullmoduleinfo=Y&SUPD_SRS=RU&SUPD_CMP=N
2026-06-16 12:24:35 -  - exec CUpdateClientPartner::GetHTTPPage
2026-06-16 12:24:35 -  - TIME GetUpdatesList(request) 0.146 sec
2026-06-16 12:24:35 -  - exec CUpdateClientPartner::ParseServerData
2026-06-16 12:24:35 -  - exec CUpdateClientPartner::GetUpdatesList
2026-06-16 12:24:35 -  - exec CUpdateClientPartner::__CollectRequestData
2026-06-16 12:24:35 -  - utf=Y&lang=ru&stable=Y&CANGZIP=Y&SUPD_DBS=MYSQL&XE=N&CLIENT_SITE=localhost&LICENSE_KEY=X&SUPD_STS=3&SUPD_URS=0&TYPENC=D&CLIENT_PHPVER=8.5.7&NGINX=Y&dbv=8.0.45&instm=main%2C26.150.0%2CY%3Bmobileapp%2C25.0.100%2CN%3Bblog%2C26.400.0%2CN%3Bb24connector%2C25.0.0%2CN%3Bhighloadblock%2C25.100.0%2CN%3Biblock%2C25.300.0%2CN%3Bsocialservices%2C26.0.0%2CN%3Brest%2C26.0.0%2CN%3Bfileman%2C25.200.200%2CN%3Bforum%2C26.0.0%2CN%3Blanding%2C26.200.0%2CN%3Bclouds%2C25.100.0%2CN%3Bphotogallery%2C25.100.0%2CN%3Bform%2C26.0.0%2CN%3Bbitrixcloud%2C25.100.0%2CN%3Bsubscribe%2C25.0.0%2CN%3Bmessageservice%2C25.200.100%2CN%3Bui%2C26.150.0%2CN%3Blocation%2C25.400.0%2CN%3Bperfmon%2C25.300.0%2CN%3Bseo%2C25.100.400%2CN%3Bvote%2C26.0.0%2CN%3Btranslate%2C25.100.0%2CN%3Bsecurity%2C25.0.0%2CN%3Bbitrix.sitecorporate%2C26.0.0%2CN%3Bsearch%2C25.200.0%2CN&reqm=bitrix.sitecorporate&fullmoduleinfo=Y&SUPD_SRS=RU&SUPD_CMP=N
2026-06-16 12:24:35 -  - exec CUpdateClientPartner::GetHTTPPage
2026-06-16 12:24:36 -  - TIME GetUpdatesList(request) 0.163 sec
2026-06-16 12:24:36 -  - exec CUpdateClientPartner::ParseServerData
2026-06-16 12:24:38 -  - exec CUpdateClientPartner::GetUpdatesList
2026-06-16 12:24:38 -  - exec CUpdateClientPartner::__CollectRequestData
2026-06-16 12:24:38 -  - utf=Y&lang=ru&stable=Y&CANGZIP=Y&SUPD_DBS=MYSQL&XE=N&CLIENT_SITE=localhost&LICENSE_KEY=X&SUPD_STS=3&SUPD_URS=0&TYPENC=D&CLIENT_PHPVER=8.5.7&NGINX=Y&dbv=8.0.45&instm=main%2C26.150.0%2CY%3Bmobileapp%2C25.0.100%2CN%3Bblog%2C26.400.0%2CN%3Bb24connector%2C25.0.0%2CN%3Bhighloadblock%2C25.100.0%2CN%3Biblock%2C25.300.0%2CN%3Bsocialservices%2C26.0.0%2CN%3Brest%2C26.0.0%2CN%3Bfileman%2C25.200.200%2CN%3Bforum%2C26.0.0%2CN%3Blanding%2C26.200.0%2CN%3Bclouds%2C25.100.0%2CN%3Bphotogallery%2C25.100.0%2CN%3Bform%2C26.0.0%2CN%3Bbitrixcloud%2C25.100.0%2CN%3Bsubscribe%2C25.0.0%2CN%3Bmessageservice%2C25.200.100%2CN%3Bui%2C26.150.0%2CN%3Blocation%2C25.400.0%2CN%3Bperfmon%2C25.300.0%2CN%3Bseo%2C25.100.400%2CN%3Bvote%2C26.0.0%2CN%3Btranslate%2C25.100.0%2CN%3Bsecurity%2C25.0.0%2CN%3Bbitrix.sitecorporate%2C26.0.0%2CN%3Bsearch%2C25.200.0%2CN&reqm=bitrix.sitecorporate&fullmoduleinfo=Y&SUPD_SRS=RU&SUPD_CMP=N
2026-06-16 12:24:38 -  - exec CUpdateClientPartner::GetHTTPPage
2026-06-16 12:24:38 -  - TIME GetUpdatesList(request) 0.158 sec
2026-06-16 12:24:38 -  - exec CUpdateClientPartner::ParseServerData
2026-06-16 12:24:38 -  - exec CUpdateClientPartner::GetUpdatesList
2026-06-16 12:24:38 -  - exec CUpdateClientPartner::__CollectRequestData
2026-06-16 12:24:38 -  - utf=Y&lang=ru&stable=Y&CANGZIP=Y&SUPD_DBS=MYSQL&XE=N&CLIENT_SITE=localhost&LICENSE_KEY=X&SUPD_STS=3&SUPD_URS=0&TYPENC=D&CLIENT_PHPVER=8.5.7&NGINX=Y&dbv=8.0.45&instm=main%2C26.150.0%2CY%3Bmobileapp%2C25.0.100%2CN%3Bblog%2C26.400.0%2CN%3Bb24connector%2C25.0.0%2CN%3Bhighloadblock%2C25.100.0%2CN%3Biblock%2C25.300.0%2CN%3Bsocialservices%2C26.0.0%2CN%3Brest%2C26.0.0%2CN%3Bfileman%2C25.200.200%2CN%3Bforum%2C26.0.0%2CN%3Blanding%2C26.200.0%2CN%3Bclouds%2C25.100.0%2CN%3Bphotogallery%2C25.100.0%2CN%3Bform%2C26.0.0%2CN%3Bbitrixcloud%2C25.100.0%2CN%3Bsubscribe%2C25.0.0%2CN%3Bmessageservice%2C25.200.100%2CN%3Bui%2C26.150.0%2CN%3Blocation%2C25.400.0%2CN%3Bperfmon%2C25.300.0%2CN%3Bseo%2C25.100.400%2CN%3Bvote%2C26.0.0%2CN%3Btranslate%2C25.100.0%2CN%3Bsecurity%2C25.0.0%2CN%3Bbitrix.sitecorporate%2C26.0.0%2CN%3Bsearch%2C25.200.0%2CN&reqm=bitrix.sitecorporate&fullmoduleinfo=Y&SUPD_SRS=RU&SUPD_CMP=N
2026-06-16 12:24:38 -  - exec CUpdateClientPartner::GetHTTPPage
2026-06-16 12:24:38 -  - TIME GetUpdatesList(request) 0.15 sec
2026-06-16 12:24:38 -  - exec CUpdateClientPartner::ParseServerData
2026-06-16 12:25:31 -  - exec CUpdateClientPartner::GetUpdatesList
2026-06-16 12:25:31 -  - exec CUpdateClientPartner::__CollectRequestData
2026-06-16 12:25:31 -  - utf=Y&lang=ru&stable=Y&CANGZIP=Y&SUPD_DBS=MYSQL&XE=N&CLIENT_SITE=localhost&LICENSE_KEY=X&SUPD_STS=3&SUPD_URS=0&TYPENC=D&CLIENT_PHPVER=8.5.7&NGINX=Y&dbv=8.0.45&instm=main%2C26.150.0%2CY%3Bmobileapp%2C25.0.100%2CN%3Bblog%2C26.400.0%2CN%3Bb24connector%2C25.0.0%2CN%3Bhighloadblock%2C25.100.0%2CN%3Biblock%2C25.300.0%2CN%3Bsocialservices%2C26.0.0%2CN%3Brest%2C26.0.0%2CN%3Bfileman%2C25.200.200%2CN%3Bforum%2C26.0.0%2CN%3Blanding%2C26.200.0%2CN%3Bclouds%2C25.100.0%2CN%3Bphotogallery%2C25.100.0%2CN%3Bform%2C26.0.0%2CN%3Bbitrixcloud%2C25.100.0%2CN%3Bsubscribe%2C25.0.0%2CN%3Bmessageservice%2C25.200.100%2CN%3Bui%2C26.150.0%2CN%3Blocation%2C25.400.0%2CN%3Bperfmon%2C25.300.0%2CN%3Bseo%2C25.100.400%2CN%3Bvote%2C26.0.0%2CN%3Btranslate%2C25.100.0%2CN%3Bsecurity%2C25.0.0%2CN%3Bbitrix.sitecorporate%2C26.0.0%2CN%3Bsearch%2C25.200.0%2CN&reqm=bitrix.sitecorporate&fullmoduleinfo=Y&SUPD_SRS=RU&SUPD_CMP=N
2026-06-16 12:25:31 -  - exec CUpdateClientPartner::GetHTTPPage
2026-06-16 12:25:31 -  - TIME GetUpdatesList(request) 0.17 sec
2026-06-16 12:25:31 -  - exec CUpdateClientPartner::ParseServerData
2026-06-16 12:25:32 -  - exec CUpdateClientPartner::GetUpdatesList
2026-06-16 12:25:32 -  - exec CUpdateClientPartner::__CollectRequestData
2026-06-16 12:25:32 -  - utf=Y&lang=ru&stable=Y&CANGZIP=Y&SUPD_DBS=MYSQL&XE=N&CLIENT_SITE=localhost&LICENSE_KEY=X&SUPD_STS=3&SUPD_URS=0&TYPENC=D&CLIENT_PHPVER=8.5.7&NGINX=Y&dbv=8.0.45&instm=main%2C26.150.0%2CY%3Bmobileapp%2C25.0.100%2CN%3Bblog%2C26.400.0%2CN%3Bb24connector%2C25.0.0%2CN%3Bhighloadblock%2C25.100.0%2CN%3Biblock%2C25.300.0%2CN%3Bsocialservices%2C26.0.0%2CN%3Brest%2C26.0.0%2CN%3Bfileman%2C25.200.200%2CN%3Bforum%2C26.0.0%2CN%3Blanding%2C26.200.0%2CN%3Bclouds%2C25.100.0%2CN%3Bphotogallery%2C25.100.0%2CN%3Bform%2C26.0.0%2CN%3Bbitrixcloud%2C25.100.0%2CN%3Bsubscribe%2C25.0.0%2CN%3Bmessageservice%2C25.200.100%2CN%3Bui%2C26.150.0%2CN%3Blocation%2C25.400.0%2CN%3Bperfmon%2C25.300.0%2CN%3Bseo%2C25.100.400%2CN%3Bvote%2C26.0.0%2CN%3Btranslate%2C25.100.0%2CN%3Bsecurity%2C25.0.0%2CN%3Bbitrix.sitecorporate%2C26.0.0%2CN%3Bsearch%2C25.200.0%2CN&reqm=bitrix.sitecorporate&fullmoduleinfo=Y&SUPD_SRS=RU&SUPD_CMP=N
2026-06-16 12:25:32 -  - exec CUpdateClientPartner::GetHTTPPage
2026-06-16 12:25:32 -  - TIME GetUpdatesList(request) 0.17 sec
2026-06-16 12:25:32 -  - exec CUpdateClientPartner::ParseServerData
2026-06-16 12:25:36 -  - exec CUpdateClientPartner::GetUpdatesList
2026-06-16 12:25:36 -  - exec CUpdateClientPartner::__CollectRequestData
2026-06-16 12:25:36 -  - utf=Y&lang=ru&stable=Y&CANGZIP=Y&SUPD_DBS=MYSQL&XE=N&CLIENT_SITE=localhost&LICENSE_KEY=X&SUPD_STS=3&SUPD_URS=0&TYPENC=D&CLIENT_PHPVER=8.5.7&NGINX=Y&dbv=8.0.45&instm=main%2C26.150.0%2CY%3Bmobileapp%2C25.0.100%2CN%3Bblog%2C26.400.0%2CN%3Bb24connector%2C25.0.0%2CN%3Bhighloadblock%2C25.100.0%2CN%3Biblock%2C25.300.0%2CN%3Bsocialservices%2C26.0.0%2CN%3Brest%2C26.0.0%2CN%3Bfileman%2C25.200.200%2CN%3Bforum%2C26.0.0%2CN%3Blanding%2C26.200.0%2CN%3Bclouds%2C25.100.0%2CN%3Bphotogallery%2C25.100.0%2CN%3Bform%2C26.0.0%2CN%3Bbitrixcloud%2C25.100.0%2CN%3Bsubscribe%2C25.0.0%2CN%3Bmessageservice%2C25.200.100%2CN%3Bui%2C26.150.0%2CN%3Blocation%2C25.400.0%2CN%3Bperfmon%2C25.300.0%2CN%3Bseo%2C25.100.400%2CN%3Bvote%2C26.0.0%2CN%3Btranslate%2C25.100.0%2CN%3Bsecurity%2C25.0.0%2CN%3Bbitrix.sitecorporate%2C26.0.0%2CN%3Bsearch%2C25.200.0%2CN&reqm=bitrix.sitecorporate&fullmoduleinfo=Y&SUPD_SRS=RU&SUPD_CMP=N
2026-06-16 12:25:36 -  - exec CUpdateClientPartner::GetHTTPPage
2026-06-16 12:25:36 -  - TIME GetUpdatesList(request) 0.167 sec
2026-06-16 12:25:36 -  - exec CUpdateClientPartner::ParseServerData
2026-06-16 12:25:36 -  - exec CUpdateClientPartner::GetUpdatesList
2026-06-16 12:25:36 -  - exec CUpdateClientPartner::__CollectRequestData
2026-06-16 12:25:36 -  - utf=Y&lang=ru&stable=Y&CANGZIP=Y&SUPD_DBS=MYSQL&XE=N&CLIENT_SITE=localhost&LICENSE_KEY=X&SUPD_STS=3&SUPD_URS=0&TYPENC=D&CLIENT_PHPVER=8.5.7&NGINX=Y&dbv=8.0.45&instm=main%2C26.150.0%2CY%3Bmobileapp%2C25.0.100%2CN%3Bblog%2C26.400.0%2CN%3Bb24connector%2C25.0.0%2CN%3Bhighloadblock%2C25.100.0%2CN%3Biblock%2C25.300.0%2CN%3Bsocialservices%2C26.0.0%2CN%3Brest%2C26.0.0%2CN%3Bfileman%2C25.200.200%2CN%3Bforum%2C26.0.0%2CN%3Blanding%2C26.200.0%2CN%3Bclouds%2C25.100.0%2CN%3Bphotogallery%2C25.100.0%2CN%3Bform%2C26.0.0%2CN%3Bbitrixcloud%2C25.100.0%2CN%3Bsubscribe%2C25.0.0%2CN%3Bmessageservice%2C25.200.100%2CN%3Bui%2C26.150.0%2CN%3Blocation%2C25.400.0%2CN%3Bperfmon%2C25.300.0%2CN%3Bseo%2C25.100.400%2CN%3Bvote%2C26.0.0%2CN%3Btranslate%2C25.100.0%2CN%3Bsecurity%2C25.0.0%2CN%3Bbitrix.sitecorporate%2C26.0.0%2CN%3Bsearch%2C25.200.0%2CN&reqm=bitrix.sitecorporate&fullmoduleinfo=Y&SUPD_SRS=RU&SUPD_CMP=N
2026-06-16 12:25:36 -  - exec CUpdateClientPartner::GetHTTPPage
2026-06-16 12:25:36 -  - TIME GetUpdatesList(request) 0.157 sec
2026-06-16 12:25:36 -  - exec CUpdateClientPartner::ParseServerData
2026-06-16 12:27:17 -  - exec CUpdateClientPartner::GetUpdatesList
2026-06-16 12:27:17 -  - exec CUpdateClientPartner::__CollectRequestData
2026-06-16 12:27:17 -  - utf=Y&lang=ru&stable=Y&CANGZIP=Y&SUPD_DBS=MYSQL&XE=N&CLIENT_SITE=localhost&LICENSE_KEY=X&SUPD_STS=3&SUPD_URS=0&TYPENC=D&CLIENT_PHPVER=8.5.7&NGINX=Y&dbv=8.0.45&instm=main%2C26.150.0%2CY%3Bmobileapp%2C25.0.100%2CN%3Bblog%2C26.400.0%2CN%3Bb24connector%2C25.0.0%2CN%3Bhighloadblock%2C25.100.0%2CN%3Biblock%2C25.300.0%2CN%3Bsocialservices%2C26.0.0%2CN%3Brest%2C26.0.0%2CN%3Bfileman%2C25.200.200%2CN%3Bforum%2C26.0.0%2CN%3Blanding%2C26.200.0%2CN%3Bclouds%2C25.100.0%2CN%3Bphotogallery%2C25.100.0%2CN%3Bform%2C26.0.0%2CN%3Bbitrixcloud%2C25.100.0%2CN%3Bsubscribe%2C25.0.0%2CN%3Bmessageservice%2C25.200.100%2CN%3Bui%2C26.150.0%2CN%3Blocation%2C25.400.0%2CN%3Bperfmon%2C25.300.0%2CN%3Bseo%2C25.100.400%2CN%3Bvote%2C26.0.0%2CN%3Btranslate%2C25.100.0%2CN%3Bsecurity%2C25.0.0%2CN%3Bbitrix.sitecorporate%2C26.0.0%2CN%3Bsearch%2C25.200.0%2CN&reqm=bitrix.sitecorporate&fullmoduleinfo=Y&SUPD_SRS=RU&SUPD_CMP=N
2026-06-16 12:27:17 -  - exec CUpdateClientPartner::GetHTTPPage
2026-06-16 12:27:18 -  - TIME GetUpdatesList(request) 0.149 sec
2026-06-16 12:27:18 -  - exec CUpdateClientPartner::ParseServerData
2026-06-16 12:27:18 -  - exec CUpdateClientPartner::GetUpdatesList
2026-06-16 12:27:18 -  - exec CUpdateClientPartner::__CollectRequestData
2026-06-16 12:27:18 -  - utf=Y&lang=ru&stable=Y&CANGZIP=Y&SUPD_DBS=MYSQL&XE=N&CLIENT_SITE=localhost&LICENSE_KEY=X&SUPD_STS=3&SUPD_URS=0&TYPENC=D&CLIENT_PHPVER=8.5.7&NGINX=Y&dbv=8.0.45&instm=main%2C26.150.0%2CY%3Bmobileapp%2C25.0.100%2CN%3Bblog%2C26.400.0%2CN%3Bb24connector%2C25.0.0%2CN%3Bhighloadblock%2C25.100.0%2CN%3Biblock%2C25.300.0%2CN%3Bsocialservices%2C26.0.0%2CN%3Brest%2C26.0.0%2CN%3Bfileman%2C25.200.200%2CN%3Bforum%2C26.0.0%2CN%3Blanding%2C26.200.0%2CN%3Bclouds%2C25.100.0%2CN%3Bphotogallery%2C25.100.0%2CN%3Bform%2C26.0.0%2CN%3Bbitrixcloud%2C25.100.0%2CN%3Bsubscribe%2C25.0.0%2CN%3Bmessageservice%2C25.200.100%2CN%3Bui%2C26.150.0%2CN%3Blocation%2C25.400.0%2CN%3Bperfmon%2C25.300.0%2CN%3Bseo%2C25.100.400%2CN%3Bvote%2C26.0.0%2CN%3Btranslate%2C25.100.0%2CN%3Bsecurity%2C25.0.0%2CN%3Bbitrix.sitecorporate%2C26.0.0%2CN%3Bsearch%2C25.200.0%2CN&reqm=bitrix.sitecorporate&fullmoduleinfo=Y&SUPD_SRS=RU&SUPD_CMP=N
2026-06-16 12:27:18 -  - exec CUpdateClientPartner::GetHTTPPage
2026-06-16 12:27:18 -  - TIME GetUpdatesList(request) 0.141 sec
2026-06-16 12:27:18 -  - exec CUpdateClientPartner::ParseServerData
2026-06-16 12:27:21 -  - exec CUpdateClientPartner::GetUpdatesList
2026-06-16 12:27:21 -  - exec CUpdateClientPartner::__CollectRequestData
2026-06-16 12:27:21 -  - utf=Y&lang=ru&stable=Y&CANGZIP=Y&SUPD_DBS=MYSQL&XE=N&CLIENT_SITE=localhost&LICENSE_KEY=X&SUPD_STS=3&SUPD_URS=0&TYPENC=D&CLIENT_PHPVER=8.5.7&NGINX=Y&dbv=8.0.45&instm=main%2C26.150.0%2CY%3Bmobileapp%2C25.0.100%2CN%3Bblog%2C26.400.0%2CN%3Bb24connector%2C25.0.0%2CN%3Bhighloadblock%2C25.100.0%2CN%3Biblock%2C25.300.0%2CN%3Bsocialservices%2C26.0.0%2CN%3Brest%2C26.0.0%2CN%3Bfileman%2C25.200.200%2CN%3Bforum%2C26.0.0%2CN%3Blanding%2C26.200.0%2CN%3Bclouds%2C25.100.0%2CN%3Bphotogallery%2C25.100.0%2CN%3Bform%2C26.0.0%2CN%3Bbitrixcloud%2C25.100.0%2CN%3Bsubscribe%2C25.0.0%2CN%3Bmessageservice%2C25.200.100%2CN%3Bui%2C26.150.0%2CN%3Blocation%2C25.400.0%2CN%3Bperfmon%2C25.300.0%2CN%3Bseo%2C25.100.400%2CN%3Bvote%2C26.0.0%2CN%3Btranslate%2C25.100.0%2CN%3Bsecurity%2C25.0.0%2CN%3Bbitrix.sitecorporate%2C26.0.0%2CN%3Bsearch%2C25.200.0%2CN&reqm=bitrix.sitecorporate&fullmoduleinfo=Y&SUPD_SRS=RU&SUPD_CMP=N
2026-06-16 12:27:21 -  - exec CUpdateClientPartner::GetHTTPPage
2026-06-16 12:27:21 -  - TIME GetUpdatesList(request) 0.148 sec
2026-06-16 12:27:21 -  - exec CUpdateClientPartner::ParseServerData
2026-06-16 12:27:22 -  - exec CUpdateClientPartner::GetUpdatesList
2026-06-16 12:27:22 -  - exec CUpdateClientPartner::__CollectRequestData
2026-06-16 12:27:22 -  - utf=Y&lang=ru&stable=Y&CANGZIP=Y&SUPD_DBS=MYSQL&XE=N&CLIENT_SITE=localhost&LICENSE_KEY=X&SUPD_STS=3&SUPD_URS=0&TYPENC=D&CLIENT_PHPVER=8.5.7&NGINX=Y&dbv=8.0.45&instm=main%2C26.150.0%2CY%3Bmobileapp%2C25.0.100%2CN%3Bblog%2C26.400.0%2CN%3Bb24connector%2C25.0.0%2CN%3Bhighloadblock%2C25.100.0%2CN%3Biblock%2C25.300.0%2CN%3Bsocialservices%2C26.0.0%2CN%3Brest%2C26.0.0%2CN%3Bfileman%2C25.200.200%2CN%3Bforum%2C26.0.0%2CN%3Blanding%2C26.200.0%2CN%3Bclouds%2C25.100.0%2CN%3Bphotogallery%2C25.100.0%2CN%3Bform%2C26.0.0%2CN%3Bbitrixcloud%2C25.100.0%2CN%3Bsubscribe%2C25.0.0%2CN%3Bmessageservice%2C25.200.100%2CN%3Bui%2C26.150.0%2CN%3Blocation%2C25.400.0%2CN%3Bperfmon%2C25.300.0%2CN%3Bseo%2C25.100.400%2CN%3Bvote%2C26.0.0%2CN%3Btranslate%2C25.100.0%2CN%3Bsecurity%2C25.0.0%2CN%3Bbitrix.sitecorporate%2C26.0.0%2CN%3Bsearch%2C25.200.0%2CN&reqm=bitrix.sitecorporate&fullmoduleinfo=Y&SUPD_SRS=RU&SUPD_CMP=N
2026-06-16 12:27:22 -  - exec CUpdateClientPartner::GetHTTPPage
2026-06-16 12:27:22 -  - TIME GetUpdatesList(request) 0.164 sec
2026-06-16 12:27:22 -  - exec CUpdateClientPartner::ParseServerData
2026-06-16 12:28:45 -  - exec CUpdateClientPartner::GetUpdatesList
2026-06-16 12:28:45 -  - exec CUpdateClientPartner::__CollectRequestData
2026-06-16 12:28:45 -  - utf=Y&lang=ru&stable=Y&CANGZIP=Y&SUPD_DBS=MYSQL&XE=N&CLIENT_SITE=localhost&LICENSE_KEY=X&SUPD_STS=3&SUPD_URS=0&TYPENC=D&CLIENT_PHPVER=8.5.7&NGINX=Y&dbv=8.0.45&instm=main%2C26.150.0%2CY%3Bmobileapp%2C25.0.100%2CN%3Bblog%2C26.400.0%2CN%3Bb24connector%2C25.0.0%2CN%3Bhighloadblock%2C25.100.0%2CN%3Biblock%2C25.300.0%2CN%3Bsocialservices%2C26.0.0%2CN%3Brest%2C26.0.0%2CN%3Bfileman%2C25.200.200%2CN%3Bforum%2C26.0.0%2CN%3Blanding%2C26.200.0%2CN%3Bclouds%2C25.100.0%2CN%3Bphotogallery%2C25.100.0%2CN%3Bform%2C26.0.0%2CN%3Bbitrixcloud%2C25.100.0%2CN%3Bsubscribe%2C25.0.0%2CN%3Bmessageservice%2C25.200.100%2CN%3Bui%2C26.150.0%2CN%3Blocation%2C25.400.0%2CN%3Bperfmon%2C25.300.0%2CN%3Bseo%2C25.100.400%2CN%3Bvote%2C26.0.0%2CN%3Btranslate%2C25.100.0%2CN%3Bsecurity%2C25.0.0%2CN%3Bbitrix.sitecorporate%2C26.0.0%2CN%3Bsearch%2C25.200.0%2CN&reqm=bitrix.sitecorporate&fullmoduleinfo=Y&SUPD_SRS=RU&SUPD_CMP=N
2026-06-16 12:28:45 -  - exec CUpdateClientPartner::GetHTTPPage
2026-06-16 12:28:45 -  - TIME GetUpdatesList(request) 0.158 sec
2026-06-16 12:28:45 -  - exec CUpdateClientPartner::ParseServerData
2026-06-16 12:28:46 -  - exec CUpdateClientPartner::GetUpdatesList
2026-06-16 12:28:46 -  - exec CUpdateClientPartner::__CollectRequestData
2026-06-16 12:28:46 -  - utf=Y&lang=ru&stable=Y&CANGZIP=Y&SUPD_DBS=MYSQL&XE=N&CLIENT_SITE=localhost&LICENSE_KEY=X&SUPD_STS=3&SUPD_URS=0&TYPENC=D&CLIENT_PHPVER=8.5.7&NGINX=Y&dbv=8.0.45&instm=main%2C26.150.0%2CY%3Bmobileapp%2C25.0.100%2CN%3Bblog%2C26.400.0%2CN%3Bb24connector%2C25.0.0%2CN%3Bhighloadblock%2C25.100.0%2CN%3Biblock%2C25.300.0%2CN%3Bsocialservices%2C26.0.0%2CN%3Brest%2C26.0.0%2CN%3Bfileman%2C25.200.200%2CN%3Bforum%2C26.0.0%2CN%3Blanding%2C26.200.0%2CN%3Bclouds%2C25.100.0%2CN%3Bphotogallery%2C25.100.0%2CN%3Bform%2C26.0.0%2CN%3Bbitrixcloud%2C25.100.0%2CN%3Bsubscribe%2C25.0.0%2CN%3Bmessageservice%2C25.200.100%2CN%3Bui%2C26.150.0%2CN%3Blocation%2C25.400.0%2CN%3Bperfmon%2C25.300.0%2CN%3Bseo%2C25.100.400%2CN%3Bvote%2C26.0.0%2CN%3Btranslate%2C25.100.0%2CN%3Bsecurity%2C25.0.0%2CN%3Bbitrix.sitecorporate%2C26.0.0%2CN%3Bsearch%2C25.200.0%2CN&reqm=bitrix.sitecorporate&fullmoduleinfo=Y&SUPD_SRS=RU&SUPD_CMP=N
2026-06-16 12:28:46 -  - exec CUpdateClientPartner::GetHTTPPage
2026-06-16 12:28:46 -  - TIME GetUpdatesList(request) 0.165 sec
2026-06-16 12:28:46 -  - exec CUpdateClientPartner::ParseServerData
2026-06-16 12:28:48 -  - exec CUpdateClientPartner::GetUpdatesList
2026-06-16 12:28:48 -  - exec CUpdateClientPartner::__CollectRequestData
2026-06-16 12:28:48 -  - utf=Y&lang=ru&stable=Y&CANGZIP=Y&SUPD_DBS=MYSQL&XE=N&CLIENT_SITE=localhost&LICENSE_KEY=X&SUPD_STS=3&SUPD_URS=0&TYPENC=D&CLIENT_PHPVER=8.5.7&NGINX=Y&dbv=8.0.45&instm=main%2C26.150.0%2CY%3Bmobileapp%2C25.0.100%2CN%3Bblog%2C26.400.0%2CN%3Bb24connector%2C25.0.0%2CN%3Bhighloadblock%2C25.100.0%2CN%3Biblock%2C25.300.0%2CN%3Bsocialservices%2C26.0.0%2CN%3Brest%2C26.0.0%2CN%3Bfileman%2C25.200.200%2CN%3Bforum%2C26.0.0%2CN%3Blanding%2C26.200.0%2CN%3Bclouds%2C25.100.0%2CN%3Bphotogallery%2C25.100.0%2CN%3Bform%2C26.0.0%2CN%3Bbitrixcloud%2C25.100.0%2CN%3Bsubscribe%2C25.0.0%2CN%3Bmessageservice%2C25.200.100%2CN%3Bui%2C26.150.0%2CN%3Blocation%2C25.400.0%2CN%3Bperfmon%2C25.300.0%2CN%3Bseo%2C25.100.400%2CN%3Bvote%2C26.0.0%2CN%3Btranslate%2C25.100.0%2CN%3Bsecurity%2C25.0.0%2CN%3Bbitrix.sitecorporate%2C26.0.0%2CN%3Bsearch%2C25.200.0%2CN&reqm=bitrix.sitecorporate&fullmoduleinfo=Y&SUPD_SRS=RU&SUPD_CMP=N
2026-06-16 12:28:48 -  - exec CUpdateClientPartner::GetHTTPPage
2026-06-16 12:28:48 -  - TIME GetUpdatesList(request) 0.156 sec
2026-06-16 12:28:48 -  - exec CUpdateClientPartner::ParseServerData
2026-06-16 12:28:49 -  - exec CUpdateClientPartner::GetUpdatesList
2026-06-16 12:28:49 -  - exec CUpdateClientPartner::__CollectRequestData
2026-06-16 12:28:49 -  - utf=Y&lang=ru&stable=Y&CANGZIP=Y&SUPD_DBS=MYSQL&XE=N&CLIENT_SITE=localhost&LICENSE_KEY=X&SUPD_STS=3&SUPD_URS=0&TYPENC=D&CLIENT_PHPVER=8.5.7&NGINX=Y&dbv=8.0.45&instm=main%2C26.150.0%2CY%3Bmobileapp%2C25.0.100%2CN%3Bblog%2C26.400.0%2CN%3Bb24connector%2C25.0.0%2CN%3Bhighloadblock%2C25.100.0%2CN%3Biblock%2C25.300.0%2CN%3Bsocialservices%2C26.0.0%2CN%3Brest%2C26.0.0%2CN%3Bfileman%2C25.200.200%2CN%3Bforum%2C26.0.0%2CN%3Blanding%2C26.200.0%2CN%3Bclouds%2C25.100.0%2CN%3Bphotogallery%2C25.100.0%2CN%3Bform%2C26.0.0%2CN%3Bbitrixcloud%2C25.100.0%2CN%3Bsubscribe%2C25.0.0%2CN%3Bmessageservice%2C25.200.100%2CN%3Bui%2C26.150.0%2CN%3Blocation%2C25.400.0%2CN%3Bperfmon%2C25.300.0%2CN%3Bseo%2C25.100.400%2CN%3Bvote%2C26.0.0%2CN%3Btranslate%2C25.100.0%2CN%3Bsecurity%2C25.0.0%2CN%3Bbitrix.sitecorporate%2C26.0.0%2CN%3Bsearch%2C25.200.0%2CN&reqm=bitrix.sitecorporate&fullmoduleinfo=Y&SUPD_SRS=RU&SUPD_CMP=N
2026-06-16 12:28:49 -  - exec CUpdateClientPartner::GetHTTPPage
2026-06-16 12:28:49 -  - TIME GetUpdatesList(request) 0.149 sec
2026-06-16 12:28:49 -  - exec CUpdateClientPartner::ParseServerData
2026-06-16 12:29:38 -  - exec CUpdateClientPartner::GetUpdatesList
2026-06-16 12:29:38 -  - exec CUpdateClientPartner::__CollectRequestData
2026-06-16 12:29:38 -  - utf=Y&lang=ru&stable=Y&CANGZIP=Y&SUPD_DBS=MYSQL&XE=N&CLIENT_SITE=localhost&LICENSE_KEY=X&SUPD_STS=3&SUPD_URS=0&TYPENC=D&CLIENT_PHPVER=8.5.7&NGINX=Y&dbv=8.0.45&instm=main%2C26.150.0%2CY%3Bmobileapp%2C25.0.100%2CN%3Bblog%2C26.400.0%2CN%3Bb24connector%2C25.0.0%2CN%3Bhighloadblock%2C25.100.0%2CN%3Biblock%2C25.300.0%2CN%3Bsocialservices%2C26.0.0%2CN%3Brest%2C26.0.0%2CN%3Bfileman%2C25.200.200%2CN%3Bforum%2C26.0.0%2CN%3Blanding%2C26.200.0%2CN%3Bclouds%2C25.100.0%2CN%3Bphotogallery%2C25.100.0%2CN%3Bform%2C26.0.0%2CN%3Bbitrixcloud%2C25.100.0%2CN%3Bsubscribe%2C25.0.0%2CN%3Bmessageservice%2C25.200.100%2CN%3Bui%2C26.150.0%2CN%3Blocation%2C25.400.0%2CN%3Bperfmon%2C25.300.0%2CN%3Bseo%2C25.100.400%2CN%3Bvote%2C26.0.0%2CN%3Btranslate%2C25.100.0%2CN%3Bsecurity%2C25.0.0%2CN%3Bbitrix.sitecorporate%2C26.0.0%2CN%3Bsearch%2C25.200.0%2CN&reqm=bitrix.sitecorporate&fullmoduleinfo=Y&SUPD_SRS=RU&SUPD_CMP=N
2026-06-16 12:29:38 -  - exec CUpdateClientPartner::GetHTTPPage
2026-06-16 12:29:38 -  - TIME GetUpdatesList(request) 0.15 sec
2026-06-16 12:29:38 -  - exec CUpdateClientPartner::ParseServerData
2026-06-16 12:29:39 -  - exec CUpdateClientPartner::GetUpdatesList
2026-06-16 12:29:39 -  - exec CUpdateClientPartner::__CollectRequestData
2026-06-16 12:29:39 -  - utf=Y&lang=ru&stable=Y&CANGZIP=Y&SUPD_DBS=MYSQL&XE=N&CLIENT_SITE=localhost&LICENSE_KEY=X&SUPD_STS=3&SUPD_URS=0&TYPENC=D&CLIENT_PHPVER=8.5.7&NGINX=Y&dbv=8.0.45&instm=main%2C26.150.0%2CY%3Bmobileapp%2C25.0.100%2CN%3Bblog%2C26.400.0%2CN%3Bb24connector%2C25.0.0%2CN%3Bhighloadblock%2C25.100.0%2CN%3Biblock%2C25.300.0%2CN%3Bsocialservices%2C26.0.0%2CN%3Brest%2C26.0.0%2CN%3Bfileman%2C25.200.200%2CN%3Bforum%2C26.0.0%2CN%3Blanding%2C26.200.0%2CN%3Bclouds%2C25.100.0%2CN%3Bphotogallery%2C25.100.0%2CN%3Bform%2C26.0.0%2CN%3Bbitrixcloud%2C25.100.0%2CN%3Bsubscribe%2C25.0.0%2CN%3Bmessageservice%2C25.200.100%2CN%3Bui%2C26.150.0%2CN%3Blocation%2C25.400.0%2CN%3Bperfmon%2C25.300.0%2CN%3Bseo%2C25.100.400%2CN%3Bvote%2C26.0.0%2CN%3Btranslate%2C25.100.0%2CN%3Bsecurity%2C25.0.0%2CN%3Bbitrix.sitecorporate%2C26.0.0%2CN%3Bsearch%2C25.200.0%2CN&reqm=bitrix.sitecorporate&fullmoduleinfo=Y&SUPD_SRS=RU&SUPD_CMP=N
2026-06-16 12:29:39 -  - exec CUpdateClientPartner::GetHTTPPage
2026-06-16 12:29:39 -  - TIME GetUpdatesList(request) 0.166 sec
2026-06-16 12:29:39 -  - exec CUpdateClientPartner::ParseServerData
2026-06-16 12:29:41 -  - exec CUpdateClientPartner::GetUpdatesList
2026-06-16 12:29:41 -  - exec CUpdateClientPartner::__CollectRequestData
2026-06-16 12:29:41 -  - utf=Y&lang=ru&stable=Y&CANGZIP=Y&SUPD_DBS=MYSQL&XE=N&CLIENT_SITE=localhost&LICENSE_KEY=X&SUPD_STS=3&SUPD_URS=0&TYPENC=D&CLIENT_PHPVER=8.5.7&NGINX=Y&dbv=8.0.45&instm=main%2C26.150.0%2CY%3Bmobileapp%2C25.0.100%2CN%3Bblog%2C26.400.0%2CN%3Bb24connector%2C25.0.0%2CN%3Bhighloadblock%2C25.100.0%2CN%3Biblock%2C25.300.0%2CN%3Bsocialservices%2C26.0.0%2CN%3Brest%2C26.0.0%2CN%3Bfileman%2C25.200.200%2CN%3Bforum%2C26.0.0%2CN%3Blanding%2C26.200.0%2CN%3Bclouds%2C25.100.0%2CN%3Bphotogallery%2C25.100.0%2CN%3Bform%2C26.0.0%2CN%3Bbitrixcloud%2C25.100.0%2CN%3Bsubscribe%2C25.0.0%2CN%3Bmessageservice%2C25.200.100%2CN%3Bui%2C26.150.0%2CN%3Blocation%2C25.400.0%2CN%3Bperfmon%2C25.300.0%2CN%3Bseo%2C25.100.400%2CN%3Bvote%2C26.0.0%2CN%3Btranslate%2C25.100.0%2CN%3Bsecurity%2C25.0.0%2CN%3Bbitrix.sitecorporate%2C26.0.0%2CN%3Bsearch%2C25.200.0%2CN&reqm=bitrix.sitecorporate&fullmoduleinfo=Y&SUPD_SRS=RU&SUPD_CMP=N
2026-06-16 12:29:41 -  - exec CUpdateClientPartner::GetHTTPPage
2026-06-16 12:29:41 -  - TIME GetUpdatesList(request) 0.149 sec
2026-06-16 12:29:41 -  - exec CUpdateClientPartner::ParseServerData
2026-06-16 12:29:42 -  - exec CUpdateClientPartner::GetUpdatesList
2026-06-16 12:29:42 -  - exec CUpdateClientPartner::__CollectRequestData
2026-06-16 12:29:42 -  - utf=Y&lang=ru&stable=Y&CANGZIP=Y&SUPD_DBS=MYSQL&XE=N&CLIENT_SITE=localhost&LICENSE_KEY=X&SUPD_STS=3&SUPD_URS=0&TYPENC=D&CLIENT_PHPVER=8.5.7&NGINX=Y&dbv=8.0.45&instm=main%2C26.150.0%2CY%3Bmobileapp%2C25.0.100%2CN%3Bblog%2C26.400.0%2CN%3Bb24connector%2C25.0.0%2CN%3Bhighloadblock%2C25.100.0%2CN%3Biblock%2C25.300.0%2CN%3Bsocialservices%2C26.0.0%2CN%3Brest%2C26.0.0%2CN%3Bfileman%2C25.200.200%2CN%3Bforum%2C26.0.0%2CN%3Blanding%2C26.200.0%2CN%3Bclouds%2C25.100.0%2CN%3Bphotogallery%2C25.100.0%2CN%3Bform%2C26.0.0%2CN%3Bbitrixcloud%2C25.100.0%2CN%3Bsubscribe%2C25.0.0%2CN%3Bmessageservice%2C25.200.100%2CN%3Bui%2C26.150.0%2CN%3Blocation%2C25.400.0%2CN%3Bperfmon%2C25.300.0%2CN%3Bseo%2C25.100.400%2CN%3Bvote%2C26.0.0%2CN%3Btranslate%2C25.100.0%2CN%3Bsecurity%2C25.0.0%2CN%3Bbitrix.sitecorporate%2C26.0.0%2CN%3Bsearch%2C25.200.0%2CN&reqm=bitrix.sitecorporate&fullmoduleinfo=Y&SUPD_SRS=RU&SUPD_CMP=N
2026-06-16 12:29:42 -  - exec CUpdateClientPartner::GetHTTPPage
2026-06-16 12:29:42 -  - TIME GetUpdatesList(request) 0.146 sec
2026-06-16 12:29:42 -  - exec CUpdateClientPartner::ParseServerData
2026-06-16 12:32:19 -  - exec CUpdateClientPartner::GetUpdatesList
2026-06-16 12:32:19 -  - exec CUpdateClientPartner::__CollectRequestData
2026-06-16 12:32:19 -  - utf=Y&lang=ru&stable=Y&CANGZIP=Y&SUPD_DBS=MYSQL&XE=N&CLIENT_SITE=localhost&LICENSE_KEY=X&SUPD_STS=3&SUPD_URS=0&TYPENC=D&CLIENT_PHPVER=8.5.7&NGINX=Y&dbv=8.0.45&instm=main%2C26.150.0%2CY%3Bmobileapp%2C25.0.100%2CN%3Bblog%2C26.400.0%2CN%3Bb24connector%2C25.0.0%2CN%3Bhighloadblock%2C25.100.0%2CN%3Biblock%2C25.300.0%2CN%3Bsocialservices%2C26.0.0%2CN%3Brest%2C26.0.0%2CN%3Bfileman%2C25.200.200%2CN%3Bforum%2C26.0.0%2CN%3Blanding%2C26.200.0%2CN%3Bclouds%2C25.100.0%2CN%3Bphotogallery%2C25.100.0%2CN%3Bform%2C26.0.0%2CN%3Bbitrixcloud%2C25.100.0%2CN%3Bsubscribe%2C25.0.0%2CN%3Bmessageservice%2C25.200.100%2CN%3Bui%2C26.150.0%2CN%3Blocation%2C25.400.0%2CN%3Bperfmon%2C25.300.0%2CN%3Bseo%2C25.100.400%2CN%3Bvote%2C26.0.0%2CN%3Btranslate%2C25.100.0%2CN%3Bsecurity%2C25.0.0%2CN%3Bbitrix.sitecorporate%2C26.0.0%2CN%3Bsearch%2C25.200.0%2CN&reqm=bitrix.sitecorporate&fullmoduleinfo=Y&SUPD_SRS=RU&SUPD_CMP=N
2026-06-16 12:32:19 -  - exec CUpdateClientPartner::GetHTTPPage
2026-06-16 12:32:19 -  - TIME GetUpdatesList(request) 0.145 sec
2026-06-16 12:32:19 -  - exec CUpdateClientPartner::ParseServerData
2026-06-16 12:32:19 -  - exec CUpdateClientPartner::GetUpdatesList
2026-06-16 12:32:19 -  - exec CUpdateClientPartner::__CollectRequestData
2026-06-16 12:32:19 -  - utf=Y&lang=ru&stable=Y&CANGZIP=Y&SUPD_DBS=MYSQL&XE=N&CLIENT_SITE=localhost&LICENSE_KEY=X&SUPD_STS=3&SUPD_URS=0&TYPENC=D&CLIENT_PHPVER=8.5.7&NGINX=Y&dbv=8.0.45&instm=main%2C26.150.0%2CY%3Bmobileapp%2C25.0.100%2CN%3Bblog%2C26.400.0%2CN%3Bb24connector%2C25.0.0%2CN%3Bhighloadblock%2C25.100.0%2CN%3Biblock%2C25.300.0%2CN%3Bsocialservices%2C26.0.0%2CN%3Brest%2C26.0.0%2CN%3Bfileman%2C25.200.200%2CN%3Bforum%2C26.0.0%2CN%3Blanding%2C26.200.0%2CN%3Bclouds%2C25.100.0%2CN%3Bphotogallery%2C25.100.0%2CN%3Bform%2C26.0.0%2CN%3Bbitrixcloud%2C25.100.0%2CN%3Bsubscribe%2C25.0.0%2CN%3Bmessageservice%2C25.200.100%2CN%3Bui%2C26.150.0%2CN%3Blocation%2C25.400.0%2CN%3Bperfmon%2C25.300.0%2CN%3Bseo%2C25.100.400%2CN%3Bvote%2C26.0.0%2CN%3Btranslate%2C25.100.0%2CN%3Bsecurity%2C25.0.0%2CN%3Bbitrix.sitecorporate%2C26.0.0%2CN%3Bsearch%2C25.200.0%2CN&reqm=bitrix.sitecorporate&fullmoduleinfo=Y&SUPD_SRS=RU&SUPD_CMP=N
2026-06-16 12:32:19 -  - exec CUpdateClientPartner::GetHTTPPage
2026-06-16 12:32:20 -  - TIME GetUpdatesList(request) 0.16 sec
2026-06-16 12:32:20 -  - exec CUpdateClientPartner::ParseServerData
2026-06-16 12:32:23 -  - exec CUpdateClientPartner::GetUpdatesList
2026-06-16 12:32:23 -  - exec CUpdateClientPartner::__CollectRequestData
2026-06-16 12:32:23 -  - utf=Y&lang=ru&stable=Y&CANGZIP=Y&SUPD_DBS=MYSQL&XE=N&CLIENT_SITE=localhost&LICENSE_KEY=X&SUPD_STS=3&SUPD_URS=0&TYPENC=D&CLIENT_PHPVER=8.5.7&NGINX=Y&dbv=8.0.45&instm=main%2C26.150.0%2CY%3Bmobileapp%2C25.0.100%2CN%3Bblog%2C26.400.0%2CN%3Bb24connector%2C25.0.0%2CN%3Bhighloadblock%2C25.100.0%2CN%3Biblock%2C25.300.0%2CN%3Bsocialservices%2C26.0.0%2CN%3Brest%2C26.0.0%2CN%3Bfileman%2C25.200.200%2CN%3Bforum%2C26.0.0%2CN%3Blanding%2C26.200.0%2CN%3Bclouds%2C25.100.0%2CN%3Bphotogallery%2C25.100.0%2CN%3Bform%2C26.0.0%2CN%3Bbitrixcloud%2C25.100.0%2CN%3Bsubscribe%2C25.0.0%2CN%3Bmessageservice%2C25.200.100%2CN%3Bui%2C26.150.0%2CN%3Blocation%2C25.400.0%2CN%3Bperfmon%2C25.300.0%2CN%3Bseo%2C25.100.400%2CN%3Bvote%2C26.0.0%2CN%3Btranslate%2C25.100.0%2CN%3Bsecurity%2C25.0.0%2CN%3Bbitrix.sitecorporate%2C26.0.0%2CN%3Bsearch%2C25.200.0%2CN&reqm=bitrix.sitecorporate&fullmoduleinfo=Y&SUPD_SRS=RU&SUPD_CMP=N
2026-06-16 12:32:23 -  - exec CUpdateClientPartner::GetHTTPPage
2026-06-16 12:32:23 -  - TIME GetUpdatesList(request) 0.156 sec
2026-06-16 12:32:23 -  - exec CUpdateClientPartner::ParseServerData
2026-06-16 12:32:23 -  - exec CUpdateClientPartner::GetUpdatesList
2026-06-16 12:32:23 -  - exec CUpdateClientPartner::__CollectRequestData
2026-06-16 12:32:23 -  - utf=Y&lang=ru&stable=Y&CANGZIP=Y&SUPD_DBS=MYSQL&XE=N&CLIENT_SITE=localhost&LICENSE_KEY=X&SUPD_STS=3&SUPD_URS=0&TYPENC=D&CLIENT_PHPVER=8.5.7&NGINX=Y&dbv=8.0.45&instm=main%2C26.150.0%2CY%3Bmobileapp%2C25.0.100%2CN%3Bblog%2C26.400.0%2CN%3Bb24connector%2C25.0.0%2CN%3Bhighloadblock%2C25.100.0%2CN%3Biblock%2C25.300.0%2CN%3Bsocialservices%2C26.0.0%2CN%3Brest%2C26.0.0%2CN%3Bfileman%2C25.200.200%2CN%3Bforum%2C26.0.0%2CN%3Blanding%2C26.200.0%2CN%3Bclouds%2C25.100.0%2CN%3Bphotogallery%2C25.100.0%2CN%3Bform%2C26.0.0%2CN%3Bbitrixcloud%2C25.100.0%2CN%3Bsubscribe%2C25.0.0%2CN%3Bmessageservice%2C25.200.100%2CN%3Bui%2C26.150.0%2CN%3Blocation%2C25.400.0%2CN%3Bperfmon%2C25.300.0%2CN%3Bseo%2C25.100.400%2CN%3Bvote%2C26.0.0%2CN%3Btranslate%2C25.100.0%2CN%3Bsecurity%2C25.0.0%2CN%3Bbitrix.sitecorporate%2C26.0.0%2CN%3Bsearch%2C25.200.0%2CN&reqm=bitrix.sitecorporate&fullmoduleinfo=Y&SUPD_SRS=RU&SUPD_CMP=N
2026-06-16 12:32:23 -  - exec CUpdateClientPartner::GetHTTPPage
2026-06-16 12:32:23 -  - TIME GetUpdatesList(request) 0.153 sec
2026-06-16 12:32:23 -  - exec CUpdateClientPartner::ParseServerData
2026-06-16 12:33:53 -  - exec CUpdateClientPartner::GetUpdatesList
2026-06-16 12:33:53 -  - exec CUpdateClientPartner::__CollectRequestData
2026-06-16 12:33:53 -  - utf=Y&lang=ru&stable=Y&CANGZIP=Y&SUPD_DBS=MYSQL&XE=N&CLIENT_SITE=localhost&LICENSE_KEY=X&SUPD_STS=3&SUPD_URS=0&TYPENC=D&CLIENT_PHPVER=8.5.7&NGINX=Y&dbv=8.0.45&instm=main%2C26.150.0%2CY%3Bmobileapp%2C25.0.100%2CN%3Bblog%2C26.400.0%2CN%3Bb24connector%2C25.0.0%2CN%3Bhighloadblock%2C25.100.0%2CN%3Biblock%2C25.300.0%2CN%3Bsocialservices%2C26.0.0%2CN%3Brest%2C26.0.0%2CN%3Bfileman%2C25.200.200%2CN%3Bforum%2C26.0.0%2CN%3Blanding%2C26.200.0%2CN%3Bclouds%2C25.100.0%2CN%3Bphotogallery%2C25.100.0%2CN%3Bform%2C26.0.0%2CN%3Bbitrixcloud%2C25.100.0%2CN%3Bsubscribe%2C25.0.0%2CN%3Bmessageservice%2C25.200.100%2CN%3Bui%2C26.150.0%2CN%3Blocation%2C25.400.0%2CN%3Bperfmon%2C25.300.0%2CN%3Bseo%2C25.100.400%2CN%3Bvote%2C26.0.0%2CN%3Btranslate%2C25.100.0%2CN%3Bsecurity%2C25.0.0%2CN%3Bbitrix.sitecorporate%2C26.0.0%2CN%3Bsearch%2C25.200.0%2CN&reqm=bitrix.sitecorporate&fullmoduleinfo=Y&SUPD_SRS=RU&SUPD_CMP=N
2026-06-16 12:33:53 -  - exec CUpdateClientPartner::GetHTTPPage
2026-06-16 12:33:54 -  - TIME GetUpdatesList(request) 0.196 sec
2026-06-16 12:33:54 -  - exec CUpdateClientPartner::ParseServerData
2026-06-16 12:47:18 -  - exec CUpdateClientPartner::GetUpdatesList
2026-06-16 12:47:18 -  - exec CUpdateClientPartner::__CollectRequestData
2026-06-16 12:47:18 -  - utf=Y&lang=ru&stable=Y&CANGZIP=Y&SUPD_DBS=MYSQL&XE=N&CLIENT_SITE=localhost&LICENSE_KEY=X&SUPD_STS=3&SUPD_URS=0&TYPENC=D&CLIENT_PHPVER=8.5.7&NGINX=Y&dbv=8.0.45&instm=main%2C26.150.0%2CY%3Bmobileapp%2C25.0.100%2CN%3Bblog%2C26.400.0%2CN%3Bb24connector%2C25.0.0%2CN%3Bhighloadblock%2C25.100.0%2CN%3Biblock%2C25.300.0%2CN%3Bsocialservices%2C26.0.0%2CN%3Brest%2C26.0.0%2CN%3Bfileman%2C25.200.200%2CN%3Bforum%2C26.0.0%2CN%3Blanding%2C26.200.0%2CN%3Bclouds%2C25.100.0%2CN%3Bphotogallery%2C25.100.0%2CN%3Bform%2C26.0.0%2CN%3Bbitrixcloud%2C25.100.0%2CN%3Bsubscribe%2C25.0.0%2CN%3Bmessageservice%2C25.200.100%2CN%3Bui%2C26.150.0%2CN%3Blocation%2C25.400.0%2CN%3Bperfmon%2C25.300.0%2CN%3Bseo%2C25.100.400%2CN%3Bvote%2C26.0.0%2CN%3Btranslate%2C25.100.0%2CN%3Bsecurity%2C25.0.0%2CN%3Bbitrix.sitecorporate%2C26.0.0%2CN%3Bsearch%2C25.200.0%2CN&reqm=bitrix.sitecorporate&fullmoduleinfo=Y&SUPD_SRS=RU&SUPD_CMP=N
2026-06-16 12:47:18 -  - exec CUpdateClientPartner::GetHTTPPage
2026-06-16 12:47:18 -  - TIME GetUpdatesList(request) 0.213 sec
2026-06-16 12:47:18 -  - exec CUpdateClientPartner::ParseServerData
2026-06-16 12:47:18 -  - exec CUpdateClientPartner::GetUpdatesList
2026-06-16 12:47:18 -  - exec CUpdateClientPartner::__CollectRequestData
2026-06-16 12:47:18 -  - utf=Y&lang=ru&stable=Y&CANGZIP=Y&SUPD_DBS=MYSQL&XE=N&CLIENT_SITE=localhost&LICENSE_KEY=X&SUPD_STS=3&SUPD_URS=0&TYPENC=D&CLIENT_PHPVER=8.5.7&NGINX=Y&dbv=8.0.45&instm=main%2C26.150.0%2CY%3Bmobileapp%2C25.0.100%2CN%3Bblog%2C26.400.0%2CN%3Bb24connector%2C25.0.0%2CN%3Bhighloadblock%2C25.100.0%2CN%3Biblock%2C25.300.0%2CN%3Bsocialservices%2C26.0.0%2CN%3Brest%2C26.0.0%2CN%3Bfileman%2C25.200.200%2CN%3Bforum%2C26.0.0%2CN%3Blanding%2C26.200.0%2CN%3Bclouds%2C25.100.0%2CN%3Bphotogallery%2C25.100.0%2CN%3Bform%2C26.0.0%2CN%3Bbitrixcloud%2C25.100.0%2CN%3Bsubscribe%2C25.0.0%2CN%3Bmessageservice%2C25.200.100%2CN%3Bui%2C26.150.0%2CN%3Blocation%2C25.400.0%2CN%3Bperfmon%2C25.300.0%2CN%3Bseo%2C25.100.400%2CN%3Bvote%2C26.0.0%2CN%3Btranslate%2C25.100.0%2CN%3Bsecurity%2C25.0.0%2CN%3Bbitrix.sitecorporate%2C26.0.0%2CN%3Bsearch%2C25.200.0%2CN&reqm=bitrix.sitecorporate&fullmoduleinfo=Y&SUPD_SRS=RU&SUPD_CMP=N
2026-06-16 12:47:18 -  - exec CUpdateClientPartner::GetHTTPPage
2026-06-16 12:47:18 -  - TIME GetUpdatesList(request) 0.143 sec
2026-06-16 12:47:18 -  - exec CUpdateClientPartner::ParseServerData
2026-06-16 12:47:21 -  - exec CUpdateClientPartner::GetUpdatesList
2026-06-16 12:47:21 -  - exec CUpdateClientPartner::__CollectRequestData
2026-06-16 12:47:21 -  - utf=Y&lang=ru&stable=Y&CANGZIP=Y&SUPD_DBS=MYSQL&XE=N&CLIENT_SITE=localhost&LICENSE_KEY=X&SUPD_STS=3&SUPD_URS=0&TYPENC=D&CLIENT_PHPVER=8.5.7&NGINX=Y&dbv=8.0.45&instm=main%2C26.150.0%2CY%3Bmobileapp%2C25.0.100%2CN%3Bblog%2C26.400.0%2CN%3Bb24connector%2C25.0.0%2CN%3Bhighloadblock%2C25.100.0%2CN%3Biblock%2C25.300.0%2CN%3Bsocialservices%2C26.0.0%2CN%3Brest%2C26.0.0%2CN%3Bfileman%2C25.200.200%2CN%3Bforum%2C26.0.0%2CN%3Blanding%2C26.200.0%2CN%3Bclouds%2C25.100.0%2CN%3Bphotogallery%2C25.100.0%2CN%3Bform%2C26.0.0%2CN%3Bbitrixcloud%2C25.100.0%2CN%3Bsubscribe%2C25.0.0%2CN%3Bmessageservice%2C25.200.100%2CN%3Bui%2C26.150.0%2CN%3Blocation%2C25.400.0%2CN%3Bperfmon%2C25.300.0%2CN%3Bseo%2C25.100.400%2CN%3Bvote%2C26.0.0%2CN%3Btranslate%2C25.100.0%2CN%3Bsecurity%2C25.0.0%2CN%3Bbitrix.sitecorporate%2C26.0.0%2CN%3Bsearch%2C25.200.0%2CN&reqm=bitrix.sitecorporate&fullmoduleinfo=Y&SUPD_SRS=RU&SUPD_CMP=N
2026-06-16 12:47:21 -  - exec CUpdateClientPartner::GetHTTPPage
2026-06-16 12:47:22 -  - TIME GetUpdatesList(request) 0.145 sec
2026-06-16 12:47:22 -  - exec CUpdateClientPartner::ParseServerData
2026-06-16 12:47:22 -  - exec CUpdateClientPartner::GetUpdatesList
2026-06-16 12:47:22 -  - exec CUpdateClientPartner::__CollectRequestData
2026-06-16 12:47:22 -  - utf=Y&lang=ru&stable=Y&CANGZIP=Y&SUPD_DBS=MYSQL&XE=N&CLIENT_SITE=localhost&LICENSE_KEY=X&SUPD_STS=3&SUPD_URS=0&TYPENC=D&CLIENT_PHPVER=8.5.7&NGINX=Y&dbv=8.0.45&instm=main%2C26.150.0%2CY%3Bmobileapp%2C25.0.100%2CN%3Bblog%2C26.400.0%2CN%3Bb24connector%2C25.0.0%2CN%3Bhighloadblock%2C25.100.0%2CN%3Biblock%2C25.300.0%2CN%3Bsocialservices%2C26.0.0%2CN%3Brest%2C26.0.0%2CN%3Bfileman%2C25.200.200%2CN%3Bforum%2C26.0.0%2CN%3Blanding%2C26.200.0%2CN%3Bclouds%2C25.100.0%2CN%3Bphotogallery%2C25.100.0%2CN%3Bform%2C26.0.0%2CN%3Bbitrixcloud%2C25.100.0%2CN%3Bsubscribe%2C25.0.0%2CN%3Bmessageservice%2C25.200.100%2CN%3Bui%2C26.150.0%2CN%3Blocation%2C25.400.0%2CN%3Bperfmon%2C25.300.0%2CN%3Bseo%2C25.100.400%2CN%3Bvote%2C26.0.0%2CN%3Btranslate%2C25.100.0%2CN%3Bsecurity%2C25.0.0%2CN%3Bbitrix.sitecorporate%2C26.0.0%2CN%3Bsearch%2C25.200.0%2CN&reqm=bitrix.sitecorporate&fullmoduleinfo=Y&SUPD_SRS=RU&SUPD_CMP=N
2026-06-16 12:47:22 -  - exec CUpdateClientPartner::GetHTTPPage
2026-06-16 12:47:22 -  - TIME GetUpdatesList(request) 0.137 sec
2026-06-16 12:47:22 -  - exec CUpdateClientPartner::ParseServerData
2026-06-16 12:49:05 -  - exec CUpdateClientPartner::GetUpdatesList
2026-06-16 12:49:05 -  - exec CUpdateClientPartner::__CollectRequestData
2026-06-16 12:49:05 -  - utf=Y&lang=ru&stable=Y&CANGZIP=Y&SUPD_DBS=MYSQL&XE=N&CLIENT_SITE=localhost&LICENSE_KEY=X&SUPD_STS=3&SUPD_URS=0&TYPENC=D&CLIENT_PHPVER=8.5.7&NGINX=Y&dbv=8.0.45&instm=main%2C26.150.0%2CY%3Bmobileapp%2C25.0.100%2CN%3Bblog%2C26.400.0%2CN%3Bb24connector%2C25.0.0%2CN%3Bhighloadblock%2C25.100.0%2CN%3Biblock%2C25.300.0%2CN%3Bsocialservices%2C26.0.0%2CN%3Brest%2C26.0.0%2CN%3Bfileman%2C25.200.200%2CN%3Bforum%2C26.0.0%2CN%3Blanding%2C26.200.0%2CN%3Bclouds%2C25.100.0%2CN%3Bphotogallery%2C25.100.0%2CN%3Bform%2C26.0.0%2CN%3Bbitrixcloud%2C25.100.0%2CN%3Bsubscribe%2C25.0.0%2CN%3Bmessageservice%2C25.200.100%2CN%3Bui%2C26.150.0%2CN%3Blocation%2C25.400.0%2CN%3Bperfmon%2C25.300.0%2CN%3Bseo%2C25.100.400%2CN%3Bvote%2C26.0.0%2CN%3Btranslate%2C25.100.0%2CN%3Bsecurity%2C25.0.0%2CN%3Bbitrix.sitecorporate%2C26.0.0%2CN%3Bsearch%2C25.200.0%2CN&reqm=bitrix.sitecorporate&fullmoduleinfo=Y&SUPD_SRS=RU&SUPD_CMP=N
2026-06-16 12:49:05 -  - exec CUpdateClientPartner::GetHTTPPage
2026-06-16 12:49:05 -  - TIME GetUpdatesList(request) 0.156 sec
2026-06-16 12:49:05 -  - exec CUpdateClientPartner::ParseServerData
2026-06-16 12:49:05 -  - exec CUpdateClientPartner::GetUpdatesList
2026-06-16 12:49:05 -  - exec CUpdateClientPartner::__CollectRequestData
2026-06-16 12:49:05 -  - utf=Y&lang=ru&stable=Y&CANGZIP=Y&SUPD_DBS=MYSQL&XE=N&CLIENT_SITE=localhost&LICENSE_KEY=X&SUPD_STS=3&SUPD_URS=0&TYPENC=D&CLIENT_PHPVER=8.5.7&NGINX=Y&dbv=8.0.45&instm=main%2C26.150.0%2CY%3Bmobileapp%2C25.0.100%2CN%3Bblog%2C26.400.0%2CN%3Bb24connector%2C25.0.0%2CN%3Bhighloadblock%2C25.100.0%2CN%3Biblock%2C25.300.0%2CN%3Bsocialservices%2C26.0.0%2CN%3Brest%2C26.0.0%2CN%3Bfileman%2C25.200.200%2CN%3Bforum%2C26.0.0%2CN%3Blanding%2C26.200.0%2CN%3Bclouds%2C25.100.0%2CN%3Bphotogallery%2C25.100.0%2CN%3Bform%2C26.0.0%2CN%3Bbitrixcloud%2C25.100.0%2CN%3Bsubscribe%2C25.0.0%2CN%3Bmessageservice%2C25.200.100%2CN%3Bui%2C26.150.0%2CN%3Blocation%2C25.400.0%2CN%3Bperfmon%2C25.300.0%2CN%3Bseo%2C25.100.400%2CN%3Bvote%2C26.0.0%2CN%3Btranslate%2C25.100.0%2CN%3Bsecurity%2C25.0.0%2CN%3Bbitrix.sitecorporate%2C26.0.0%2CN%3Bsearch%2C25.200.0%2CN&reqm=bitrix.sitecorporate&fullmoduleinfo=Y&SUPD_SRS=RU&SUPD_CMP=N
2026-06-16 12:49:05 -  - exec CUpdateClientPartner::GetHTTPPage
2026-06-16 12:49:06 -  - TIME GetUpdatesList(request) 0.165 sec
2026-06-16 12:49:06 -  - exec CUpdateClientPartner::ParseServerData
2026-06-16 12:49:08 -  - exec CUpdateClientPartner::GetUpdatesList
2026-06-16 12:49:08 -  - exec CUpdateClientPartner::__CollectRequestData
2026-06-16 12:49:08 -  - utf=Y&lang=ru&stable=Y&CANGZIP=Y&SUPD_DBS=MYSQL&XE=N&CLIENT_SITE=localhost&LICENSE_KEY=X&SUPD_STS=3&SUPD_URS=0&TYPENC=D&CLIENT_PHPVER=8.5.7&NGINX=Y&dbv=8.0.45&instm=main%2C26.150.0%2CY%3Bmobileapp%2C25.0.100%2CN%3Bblog%2C26.400.0%2CN%3Bb24connector%2C25.0.0%2CN%3Bhighloadblock%2C25.100.0%2CN%3Biblock%2C25.300.0%2CN%3Bsocialservices%2C26.0.0%2CN%3Brest%2C26.0.0%2CN%3Bfileman%2C25.200.200%2CN%3Bforum%2C26.0.0%2CN%3Blanding%2C26.200.0%2CN%3Bclouds%2C25.100.0%2CN%3Bphotogallery%2C25.100.0%2CN%3Bform%2C26.0.0%2CN%3Bbitrixcloud%2C25.100.0%2CN%3Bsubscribe%2C25.0.0%2CN%3Bmessageservice%2C25.200.100%2CN%3Bui%2C26.150.0%2CN%3Blocation%2C25.400.0%2CN%3Bperfmon%2C25.300.0%2CN%3Bseo%2C25.100.400%2CN%3Bvote%2C26.0.0%2CN%3Btranslate%2C25.100.0%2CN%3Bsecurity%2C25.0.0%2CN%3Bbitrix.sitecorporate%2C26.0.0%2CN%3Bsearch%2C25.200.0%2CN&reqm=bitrix.sitecorporate&fullmoduleinfo=Y&SUPD_SRS=RU&SUPD_CMP=N
2026-06-16 12:49:08 -  - exec CUpdateClientPartner::GetHTTPPage
2026-06-16 12:49:08 -  - TIME GetUpdatesList(request) 0.161 sec
2026-06-16 12:49:08 -  - exec CUpdateClientPartner::ParseServerData
2026-06-16 12:49:08 -  - exec CUpdateClientPartner::GetUpdatesList
2026-06-16 12:49:08 -  - exec CUpdateClientPartner::__CollectRequestData
2026-06-16 12:49:08 -  - utf=Y&lang=ru&stable=Y&CANGZIP=Y&SUPD_DBS=MYSQL&XE=N&CLIENT_SITE=localhost&LICENSE_KEY=X&SUPD_STS=3&SUPD_URS=0&TYPENC=D&CLIENT_PHPVER=8.5.7&NGINX=Y&dbv=8.0.45&instm=main%2C26.150.0%2CY%3Bmobileapp%2C25.0.100%2CN%3Bblog%2C26.400.0%2CN%3Bb24connector%2C25.0.0%2CN%3Bhighloadblock%2C25.100.0%2CN%3Biblock%2C25.300.0%2CN%3Bsocialservices%2C26.0.0%2CN%3Brest%2C26.0.0%2CN%3Bfileman%2C25.200.200%2CN%3Bforum%2C26.0.0%2CN%3Blanding%2C26.200.0%2CN%3Bclouds%2C25.100.0%2CN%3Bphotogallery%2C25.100.0%2CN%3Bform%2C26.0.0%2CN%3Bbitrixcloud%2C25.100.0%2CN%3Bsubscribe%2C25.0.0%2CN%3Bmessageservice%2C25.200.100%2CN%3Bui%2C26.150.0%2CN%3Blocation%2C25.400.0%2CN%3Bperfmon%2C25.300.0%2CN%3Bseo%2C25.100.400%2CN%3Bvote%2C26.0.0%2CN%3Btranslate%2C25.100.0%2CN%3Bsecurity%2C25.0.0%2CN%3Bbitrix.sitecorporate%2C26.0.0%2CN%3Bsearch%2C25.200.0%2CN&reqm=bitrix.sitecorporate&fullmoduleinfo=Y&SUPD_SRS=RU&SUPD_CMP=N
2026-06-16 12:49:08 -  - exec CUpdateClientPartner::GetHTTPPage
2026-06-16 12:49:09 -  - TIME GetUpdatesList(request) 0.146 sec
2026-06-16 12:49:09 -  - exec CUpdateClientPartner::ParseServerData
2026-06-16 12:51:32 -  - exec CUpdateClientPartner::GetUpdatesList
2026-06-16 12:51:32 -  - exec CUpdateClientPartner::__CollectRequestData
2026-06-16 12:51:32 -  - utf=Y&lang=ru&stable=Y&CANGZIP=Y&SUPD_DBS=MYSQL&XE=N&CLIENT_SITE=localhost&LICENSE_KEY=X&SUPD_STS=3&SUPD_URS=0&TYPENC=D&CLIENT_PHPVER=8.5.7&NGINX=Y&dbv=8.0.45&instm=main%2C26.150.0%2CY%3Bmobileapp%2C25.0.100%2CN%3Bblog%2C26.400.0%2CN%3Bb24connector%2C25.0.0%2CN%3Bhighloadblock%2C25.100.0%2CN%3Biblock%2C25.300.0%2CN%3Bsocialservices%2C26.0.0%2CN%3Brest%2C26.0.0%2CN%3Bfileman%2C25.200.200%2CN%3Bforum%2C26.0.0%2CN%3Blanding%2C26.200.0%2CN%3Bclouds%2C25.100.0%2CN%3Bphotogallery%2C25.100.0%2CN%3Bform%2C26.0.0%2CN%3Bbitrixcloud%2C25.100.0%2CN%3Bsubscribe%2C25.0.0%2CN%3Bmessageservice%2C25.200.100%2CN%3Bui%2C26.150.0%2CN%3Blocation%2C25.400.0%2CN%3Bperfmon%2C25.300.0%2CN%3Bseo%2C25.100.400%2CN%3Bvote%2C26.0.0%2CN%3Btranslate%2C25.100.0%2CN%3Bsecurity%2C25.0.0%2CN%3Bbitrix.sitecorporate%2C26.0.0%2CN%3Bsearch%2C25.200.0%2CN&reqm=bitrix.sitecorporate&fullmoduleinfo=Y&SUPD_SRS=RU&SUPD_CMP=N
2026-06-16 12:51:32 -  - exec CUpdateClientPartner::GetHTTPPage
2026-06-16 12:51:32 -  - TIME GetUpdatesList(request) 0.177 sec
2026-06-16 12:51:32 -  - exec CUpdateClientPartner::ParseServerData
2026-06-16 12:51:32 -  - exec CUpdateClientPartner::GetUpdatesList
2026-06-16 12:51:32 -  - exec CUpdateClientPartner::__CollectRequestData
2026-06-16 12:51:32 -  - utf=Y&lang=ru&stable=Y&CANGZIP=Y&SUPD_DBS=MYSQL&XE=N&CLIENT_SITE=localhost&LICENSE_KEY=X&SUPD_STS=3&SUPD_URS=0&TYPENC=D&CLIENT_PHPVER=8.5.7&NGINX=Y&dbv=8.0.45&instm=main%2C26.150.0%2CY%3Bmobileapp%2C25.0.100%2CN%3Bblog%2C26.400.0%2CN%3Bb24connector%2C25.0.0%2CN%3Bhighloadblock%2C25.100.0%2CN%3Biblock%2C25.300.0%2CN%3Bsocialservices%2C26.0.0%2CN%3Brest%2C26.0.0%2CN%3Bfileman%2C25.200.200%2CN%3Bforum%2C26.0.0%2CN%3Blanding%2C26.200.0%2CN%3Bclouds%2C25.100.0%2CN%3Bphotogallery%2C25.100.0%2CN%3Bform%2C26.0.0%2CN%3Bbitrixcloud%2C25.100.0%2CN%3Bsubscribe%2C25.0.0%2CN%3Bmessageservice%2C25.200.100%2CN%3Bui%2C26.150.0%2CN%3Blocation%2C25.400.0%2CN%3Bperfmon%2C25.300.0%2CN%3Bseo%2C25.100.400%2CN%3Bvote%2C26.0.0%2CN%3Btranslate%2C25.100.0%2CN%3Bsecurity%2C25.0.0%2CN%3Bbitrix.sitecorporate%2C26.0.0%2CN%3Bsearch%2C25.200.0%2CN&reqm=bitrix.sitecorporate&fullmoduleinfo=Y&SUPD_SRS=RU&SUPD_CMP=N
2026-06-16 12:51:32 -  - exec CUpdateClientPartner::GetHTTPPage
2026-06-16 12:51:32 -  - TIME GetUpdatesList(request) 0.164 sec
2026-06-16 12:51:32 -  - exec CUpdateClientPartner::ParseServerData
2026-06-16 12:51:37 -  - exec CUpdateClientPartner::GetUpdatesList
2026-06-16 12:51:37 -  - exec CUpdateClientPartner::__CollectRequestData
2026-06-16 12:51:37 -  - utf=Y&lang=ru&stable=Y&CANGZIP=Y&SUPD_DBS=MYSQL&XE=N&CLIENT_SITE=localhost&LICENSE_KEY=X&SUPD_STS=3&SUPD_URS=0&TYPENC=D&CLIENT_PHPVER=8.5.7&NGINX=Y&dbv=8.0.45&instm=main%2C26.150.0%2CY%3Bmobileapp%2C25.0.100%2CN%3Bblog%2C26.400.0%2CN%3Bb24connector%2C25.0.0%2CN%3Bhighloadblock%2C25.100.0%2CN%3Biblock%2C25.300.0%2CN%3Bsocialservices%2C26.0.0%2CN%3Brest%2C26.0.0%2CN%3Bfileman%2C25.200.200%2CN%3Bforum%2C26.0.0%2CN%3Blanding%2C26.200.0%2CN%3Bclouds%2C25.100.0%2CN%3Bphotogallery%2C25.100.0%2CN%3Bform%2C26.0.0%2CN%3Bbitrixcloud%2C25.100.0%2CN%3Bsubscribe%2C25.0.0%2CN%3Bmessageservice%2C25.200.100%2CN%3Bui%2C26.150.0%2CN%3Blocation%2C25.400.0%2CN%3Bperfmon%2C25.300.0%2CN%3Bseo%2C25.100.400%2CN%3Bvote%2C26.0.0%2CN%3Btranslate%2C25.100.0%2CN%3Bsecurity%2C25.0.0%2CN%3Bbitrix.sitecorporate%2C26.0.0%2CN%3Bsearch%2C25.200.0%2CN&reqm=bitrix.sitecorporate&fullmoduleinfo=Y&SUPD_SRS=RU&SUPD_CMP=N
2026-06-16 12:51:37 -  - exec CUpdateClientPartner::GetHTTPPage
2026-06-16 12:51:37 -  - TIME GetUpdatesList(request) 0.161 sec
2026-06-16 12:51:37 -  - exec CUpdateClientPartner::ParseServerData
2026-06-16 12:51:38 -  - exec CUpdateClientPartner::GetUpdatesList
2026-06-16 12:51:38 -  - exec CUpdateClientPartner::__CollectRequestData
2026-06-16 12:51:38 -  - utf=Y&lang=ru&stable=Y&CANGZIP=Y&SUPD_DBS=MYSQL&XE=N&CLIENT_SITE=localhost&LICENSE_KEY=X&SUPD_STS=3&SUPD_URS=0&TYPENC=D&CLIENT_PHPVER=8.5.7&NGINX=Y&dbv=8.0.45&instm=main%2C26.150.0%2CY%3Bmobileapp%2C25.0.100%2CN%3Bblog%2C26.400.0%2CN%3Bb24connector%2C25.0.0%2CN%3Bhighloadblock%2C25.100.0%2CN%3Biblock%2C25.300.0%2CN%3Bsocialservices%2C26.0.0%2CN%3Brest%2C26.0.0%2CN%3Bfileman%2C25.200.200%2CN%3Bforum%2C26.0.0%2CN%3Blanding%2C26.200.0%2CN%3Bclouds%2C25.100.0%2CN%3Bphotogallery%2C25.100.0%2CN%3Bform%2C26.0.0%2CN%3Bbitrixcloud%2C25.100.0%2CN%3Bsubscribe%2C25.0.0%2CN%3Bmessageservice%2C25.200.100%2CN%3Bui%2C26.150.0%2CN%3Blocation%2C25.400.0%2CN%3Bperfmon%2C25.300.0%2CN%3Bseo%2C25.100.400%2CN%3Bvote%2C26.0.0%2CN%3Btranslate%2C25.100.0%2CN%3Bsecurity%2C25.0.0%2CN%3Bbitrix.sitecorporate%2C26.0.0%2CN%3Bsearch%2C25.200.0%2CN&reqm=bitrix.sitecorporate&fullmoduleinfo=Y&SUPD_SRS=RU&SUPD_CMP=N
2026-06-16 12:51:38 -  - exec CUpdateClientPartner::GetHTTPPage
2026-06-16 12:51:38 -  - TIME GetUpdatesList(request) 0.168 sec
2026-06-16 12:51:38 -  - exec CUpdateClientPartner::ParseServerData
2026-06-16 12:54:53 -  - exec CUpdateClientPartner::GetUpdatesList
2026-06-16 12:54:53 -  - exec CUpdateClientPartner::__CollectRequestData
2026-06-16 12:54:53 -  - utf=Y&lang=ru&stable=Y&CANGZIP=Y&SUPD_DBS=MYSQL&XE=N&CLIENT_SITE=localhost&LICENSE_KEY=X&SUPD_STS=3&SUPD_URS=0&TYPENC=D&CLIENT_PHPVER=8.5.7&NGINX=Y&dbv=8.0.45&instm=main%2C26.150.0%2CY%3Bmobileapp%2C25.0.100%2CN%3Bblog%2C26.400.0%2CN%3Bb24connector%2C25.0.0%2CN%3Bhighloadblock%2C25.100.0%2CN%3Biblock%2C25.300.0%2CN%3Bsocialservices%2C26.0.0%2CN%3Brest%2C26.0.0%2CN%3Bfileman%2C25.200.200%2CN%3Bforum%2C26.0.0%2CN%3Blanding%2C26.200.0%2CN%3Bclouds%2C25.100.0%2CN%3Bphotogallery%2C25.100.0%2CN%3Bform%2C26.0.0%2CN%3Bbitrixcloud%2C25.100.0%2CN%3Bsubscribe%2C25.0.0%2CN%3Bmessageservice%2C25.200.100%2CN%3Bui%2C26.150.0%2CN%3Blocation%2C25.400.0%2CN%3Bperfmon%2C25.300.0%2CN%3Bseo%2C25.100.400%2CN%3Bvote%2C26.0.0%2CN%3Btranslate%2C25.100.0%2CN%3Bsecurity%2C25.0.0%2CN%3Bbitrix.sitecorporate%2C26.0.0%2CN%3Bsearch%2C25.200.0%2CN&reqm=bitrix.sitecorporate&fullmoduleinfo=Y&SUPD_SRS=RU&SUPD_CMP=N
2026-06-16 12:54:53 -  - exec CUpdateClientPartner::GetHTTPPage
2026-06-16 12:54:53 -  - TIME GetUpdatesList(request) 0.149 sec
2026-06-16 12:54:53 -  - exec CUpdateClientPartner::ParseServerData
2026-06-16 12:54:54 -  - exec CUpdateClientPartner::GetUpdatesList
2026-06-16 12:54:54 -  - exec CUpdateClientPartner::__CollectRequestData
2026-06-16 12:54:54 -  - utf=Y&lang=ru&stable=Y&CANGZIP=Y&SUPD_DBS=MYSQL&XE=N&CLIENT_SITE=localhost&LICENSE_KEY=X&SUPD_STS=3&SUPD_URS=0&TYPENC=D&CLIENT_PHPVER=8.5.7&NGINX=Y&dbv=8.0.45&instm=main%2C26.150.0%2CY%3Bmobileapp%2C25.0.100%2CN%3Bblog%2C26.400.0%2CN%3Bb24connector%2C25.0.0%2CN%3Bhighloadblock%2C25.100.0%2CN%3Biblock%2C25.300.0%2CN%3Bsocialservices%2C26.0.0%2CN%3Brest%2C26.0.0%2CN%3Bfileman%2C25.200.200%2CN%3Bforum%2C26.0.0%2CN%3Blanding%2C26.200.0%2CN%3Bclouds%2C25.100.0%2CN%3Bphotogallery%2C25.100.0%2CN%3Bform%2C26.0.0%2CN%3Bbitrixcloud%2C25.100.0%2CN%3Bsubscribe%2C25.0.0%2CN%3Bmessageservice%2C25.200.100%2CN%3Bui%2C26.150.0%2CN%3Blocation%2C25.400.0%2CN%3Bperfmon%2C25.300.0%2CN%3Bseo%2C25.100.400%2CN%3Bvote%2C26.0.0%2CN%3Btranslate%2C25.100.0%2CN%3Bsecurity%2C25.0.0%2CN%3Bbitrix.sitecorporate%2C26.0.0%2CN%3Bsearch%2C25.200.0%2CN&reqm=bitrix.sitecorporate&fullmoduleinfo=Y&SUPD_SRS=RU&SUPD_CMP=N
2026-06-16 12:54:54 -  - exec CUpdateClientPartner::GetHTTPPage
2026-06-16 12:54:54 -  - TIME GetUpdatesList(request) 0.154 sec
2026-06-16 12:54:54 -  - exec CUpdateClientPartner::ParseServerData
2026-06-16 12:54:56 -  - exec CUpdateClientPartner::GetUpdatesList
2026-06-16 12:54:56 -  - exec CUpdateClientPartner::__CollectRequestData
2026-06-16 12:54:56 -  - utf=Y&lang=ru&stable=Y&CANGZIP=Y&SUPD_DBS=MYSQL&XE=N&CLIENT_SITE=localhost&LICENSE_KEY=X&SUPD_STS=3&SUPD_URS=0&TYPENC=D&CLIENT_PHPVER=8.5.7&NGINX=Y&dbv=8.0.45&instm=main%2C26.150.0%2CY%3Bmobileapp%2C25.0.100%2CN%3Bblog%2C26.400.0%2CN%3Bb24connector%2C25.0.0%2CN%3Bhighloadblock%2C25.100.0%2CN%3Biblock%2C25.300.0%2CN%3Bsocialservices%2C26.0.0%2CN%3Brest%2C26.0.0%2CN%3Bfileman%2C25.200.200%2CN%3Bforum%2C26.0.0%2CN%3Blanding%2C26.200.0%2CN%3Bclouds%2C25.100.0%2CN%3Bphotogallery%2C25.100.0%2CN%3Bform%2C26.0.0%2CN%3Bbitrixcloud%2C25.100.0%2CN%3Bsubscribe%2C25.0.0%2CN%3Bmessageservice%2C25.200.100%2CN%3Bui%2C26.150.0%2CN%3Blocation%2C25.400.0%2CN%3Bperfmon%2C25.300.0%2CN%3Bseo%2C25.100.400%2CN%3Bvote%2C26.0.0%2CN%3Btranslate%2C25.100.0%2CN%3Bsecurity%2C25.0.0%2CN%3Bbitrix.sitecorporate%2C26.0.0%2CN%3Bsearch%2C25.200.0%2CN&reqm=bitrix.sitecorporate&fullmoduleinfo=Y&SUPD_SRS=RU&SUPD_CMP=N
2026-06-16 12:54:56 -  - exec CUpdateClientPartner::GetHTTPPage
2026-06-16 12:54:56 -  - TIME GetUpdatesList(request) 0.15 sec
2026-06-16 12:54:56 -  - exec CUpdateClientPartner::ParseServerData
2026-06-16 12:54:57 -  - exec CUpdateClientPartner::GetUpdatesList
2026-06-16 12:54:57 -  - exec CUpdateClientPartner::__CollectRequestData
2026-06-16 12:54:57 -  - utf=Y&lang=ru&stable=Y&CANGZIP=Y&SUPD_DBS=MYSQL&XE=N&CLIENT_SITE=localhost&LICENSE_KEY=X&SUPD_STS=3&SUPD_URS=0&TYPENC=D&CLIENT_PHPVER=8.5.7&NGINX=Y&dbv=8.0.45&instm=main%2C26.150.0%2CY%3Bmobileapp%2C25.0.100%2CN%3Bblog%2C26.400.0%2CN%3Bb24connector%2C25.0.0%2CN%3Bhighloadblock%2C25.100.0%2CN%3Biblock%2C25.300.0%2CN%3Bsocialservices%2C26.0.0%2CN%3Brest%2C26.0.0%2CN%3Bfileman%2C25.200.200%2CN%3Bforum%2C26.0.0%2CN%3Blanding%2C26.200.0%2CN%3Bclouds%2C25.100.0%2CN%3Bphotogallery%2C25.100.0%2CN%3Bform%2C26.0.0%2CN%3Bbitrixcloud%2C25.100.0%2CN%3Bsubscribe%2C25.0.0%2CN%3Bmessageservice%2C25.200.100%2CN%3Bui%2C26.150.0%2CN%3Blocation%2C25.400.0%2CN%3Bperfmon%2C25.300.0%2CN%3Bseo%2C25.100.400%2CN%3Bvote%2C26.0.0%2CN%3Btranslate%2C25.100.0%2CN%3Bsecurity%2C25.0.0%2CN%3Bbitrix.sitecorporate%2C26.0.0%2CN%3Bsearch%2C25.200.0%2CN&reqm=bitrix.sitecorporate&fullmoduleinfo=Y&SUPD_SRS=RU&SUPD_CMP=N
2026-06-16 12:54:57 -  - exec CUpdateClientPartner::GetHTTPPage
2026-06-16 12:54:57 -  - TIME GetUpdatesList(request) 0.157 sec
2026-06-16 12:54:57 -  - exec CUpdateClientPartner::ParseServerData
2026-06-16 12:55:28 -  - exec CUpdateClientPartner::GetUpdatesList
2026-06-16 12:55:28 -  - exec CUpdateClientPartner::__CollectRequestData
2026-06-16 12:55:28 -  - utf=Y&lang=ru&stable=Y&CANGZIP=Y&SUPD_DBS=MYSQL&XE=N&CLIENT_SITE=localhost&LICENSE_KEY=X&SUPD_STS=3&SUPD_URS=0&TYPENC=D&CLIENT_PHPVER=8.5.7&NGINX=Y&dbv=8.0.45&instm=main%2C26.150.0%2CY%3Bmobileapp%2C25.0.100%2CN%3Bblog%2C26.400.0%2CN%3Bb24connector%2C25.0.0%2CN%3Bhighloadblock%2C25.100.0%2CN%3Biblock%2C25.300.0%2CN%3Bsocialservices%2C26.0.0%2CN%3Brest%2C26.0.0%2CN%3Bfileman%2C25.200.200%2CN%3Bforum%2C26.0.0%2CN%3Blanding%2C26.200.0%2CN%3Bclouds%2C25.100.0%2CN%3Bphotogallery%2C25.100.0%2CN%3Bform%2C26.0.0%2CN%3Bbitrixcloud%2C25.100.0%2CN%3Bsubscribe%2C25.0.0%2CN%3Bmessageservice%2C25.200.100%2CN%3Bui%2C26.150.0%2CN%3Blocation%2C25.400.0%2CN%3Bperfmon%2C25.300.0%2CN%3Bseo%2C25.100.400%2CN%3Bvote%2C26.0.0%2CN%3Btranslate%2C25.100.0%2CN%3Bsecurity%2C25.0.0%2CN%3Bbitrix.sitecorporate%2C26.0.0%2CN%3Bsearch%2C25.200.0%2CN&reqm=bitrix.sitecorporate&fullmoduleinfo=Y&SUPD_SRS=RU&SUPD_CMP=N
2026-06-16 12:55:28 -  - exec CUpdateClientPartner::GetHTTPPage
2026-06-16 12:55:28 -  - TIME GetUpdatesList(request) 0.155 sec
2026-06-16 12:55:28 -  - exec CUpdateClientPartner::ParseServerData
2026-06-16 12:55:29 -  - exec CUpdateClientPartner::GetUpdatesList
2026-06-16 12:55:29 -  - exec CUpdateClientPartner::__CollectRequestData
2026-06-16 12:55:29 -  - utf=Y&lang=ru&stable=Y&CANGZIP=Y&SUPD_DBS=MYSQL&XE=N&CLIENT_SITE=localhost&LICENSE_KEY=X&SUPD_STS=3&SUPD_URS=0&TYPENC=D&CLIENT_PHPVER=8.5.7&NGINX=Y&dbv=8.0.45&instm=main%2C26.150.0%2CY%3Bmobileapp%2C25.0.100%2CN%3Bblog%2C26.400.0%2CN%3Bb24connector%2C25.0.0%2CN%3Bhighloadblock%2C25.100.0%2CN%3Biblock%2C25.300.0%2CN%3Bsocialservices%2C26.0.0%2CN%3Brest%2C26.0.0%2CN%3Bfileman%2C25.200.200%2CN%3Bforum%2C26.0.0%2CN%3Blanding%2C26.200.0%2CN%3Bclouds%2C25.100.0%2CN%3Bphotogallery%2C25.100.0%2CN%3Bform%2C26.0.0%2CN%3Bbitrixcloud%2C25.100.0%2CN%3Bsubscribe%2C25.0.0%2CN%3Bmessageservice%2C25.200.100%2CN%3Bui%2C26.150.0%2CN%3Blocation%2C25.400.0%2CN%3Bperfmon%2C25.300.0%2CN%3Bseo%2C25.100.400%2CN%3Bvote%2C26.0.0%2CN%3Btranslate%2C25.100.0%2CN%3Bsecurity%2C25.0.0%2CN%3Bbitrix.sitecorporate%2C26.0.0%2CN%3Bsearch%2C25.200.0%2CN&reqm=bitrix.sitecorporate&fullmoduleinfo=Y&SUPD_SRS=RU&SUPD_CMP=N
2026-06-16 12:55:29 -  - exec CUpdateClientPartner::GetHTTPPage
2026-06-16 12:55:29 -  - TIME GetUpdatesList(request) 0.149 sec
2026-06-16 12:55:29 -  - exec CUpdateClientPartner::ParseServerData
2026-06-16 12:55:31 -  - exec CUpdateClientPartner::GetUpdatesList
2026-06-16 12:55:31 -  - exec CUpdateClientPartner::__CollectRequestData
2026-06-16 12:55:31 -  - utf=Y&lang=ru&stable=Y&CANGZIP=Y&SUPD_DBS=MYSQL&XE=N&CLIENT_SITE=localhost&LICENSE_KEY=X&SUPD_STS=3&SUPD_URS=0&TYPENC=D&CLIENT_PHPVER=8.5.7&NGINX=Y&dbv=8.0.45&instm=main%2C26.150.0%2CY%3Bmobileapp%2C25.0.100%2CN%3Bblog%2C26.400.0%2CN%3Bb24connector%2C25.0.0%2CN%3Bhighloadblock%2C25.100.0%2CN%3Biblock%2C25.300.0%2CN%3Bsocialservices%2C26.0.0%2CN%3Brest%2C26.0.0%2CN%3Bfileman%2C25.200.200%2CN%3Bforum%2C26.0.0%2CN%3Blanding%2C26.200.0%2CN%3Bclouds%2C25.100.0%2CN%3Bphotogallery%2C25.100.0%2CN%3Bform%2C26.0.0%2CN%3Bbitrixcloud%2C25.100.0%2CN%3Bsubscribe%2C25.0.0%2CN%3Bmessageservice%2C25.200.100%2CN%3Bui%2C26.150.0%2CN%3Blocation%2C25.400.0%2CN%3Bperfmon%2C25.300.0%2CN%3Bseo%2C25.100.400%2CN%3Bvote%2C26.0.0%2CN%3Btranslate%2C25.100.0%2CN%3Bsecurity%2C25.0.0%2CN%3Bbitrix.sitecorporate%2C26.0.0%2CN%3Bsearch%2C25.200.0%2CN&reqm=bitrix.sitecorporate&fullmoduleinfo=Y&SUPD_SRS=RU&SUPD_CMP=N
2026-06-16 12:55:31 -  - exec CUpdateClientPartner::GetHTTPPage
2026-06-16 12:55:31 -  - TIME GetUpdatesList(request) 0.139 sec
2026-06-16 12:55:31 -  - exec CUpdateClientPartner::ParseServerData
2026-06-16 12:55:31 -  - exec CUpdateClientPartner::GetUpdatesList
2026-06-16 12:55:31 -  - exec CUpdateClientPartner::__CollectRequestData
2026-06-16 12:55:31 -  - utf=Y&lang=ru&stable=Y&CANGZIP=Y&SUPD_DBS=MYSQL&XE=N&CLIENT_SITE=localhost&LICENSE_KEY=X&SUPD_STS=3&SUPD_URS=0&TYPENC=D&CLIENT_PHPVER=8.5.7&NGINX=Y&dbv=8.0.45&instm=main%2C26.150.0%2CY%3Bmobileapp%2C25.0.100%2CN%3Bblog%2C26.400.0%2CN%3Bb24connector%2C25.0.0%2CN%3Bhighloadblock%2C25.100.0%2CN%3Biblock%2C25.300.0%2CN%3Bsocialservices%2C26.0.0%2CN%3Brest%2C26.0.0%2CN%3Bfileman%2C25.200.200%2CN%3Bforum%2C26.0.0%2CN%3Blanding%2C26.200.0%2CN%3Bclouds%2C25.100.0%2CN%3Bphotogallery%2C25.100.0%2CN%3Bform%2C26.0.0%2CN%3Bbitrixcloud%2C25.100.0%2CN%3Bsubscribe%2C25.0.0%2CN%3Bmessageservice%2C25.200.100%2CN%3Bui%2C26.150.0%2CN%3Blocation%2C25.400.0%2CN%3Bperfmon%2C25.300.0%2CN%3Bseo%2C25.100.400%2CN%3Bvote%2C26.0.0%2CN%3Btranslate%2C25.100.0%2CN%3Bsecurity%2C25.0.0%2CN%3Bbitrix.sitecorporate%2C26.0.0%2CN%3Bsearch%2C25.200.0%2CN&reqm=bitrix.sitecorporate&fullmoduleinfo=Y&SUPD_SRS=RU&SUPD_CMP=N
2026-06-16 12:55:31 -  - exec CUpdateClientPartner::GetHTTPPage
2026-06-16 12:55:32 -  - TIME GetUpdatesList(request) 0.172 sec
2026-06-16 12:55:32 -  - exec CUpdateClientPartner::ParseServerData
2026-06-16 13:00:17 -  - exec CUpdateClientPartner::GetUpdatesList
2026-06-16 13:00:17 -  - exec CUpdateClientPartner::__CollectRequestData
2026-06-16 13:00:17 -  - utf=Y&lang=ru&stable=Y&CANGZIP=Y&SUPD_DBS=MYSQL&XE=N&CLIENT_SITE=localhost&LICENSE_KEY=X&SUPD_STS=3&SUPD_URS=0&TYPENC=D&CLIENT_PHPVER=8.5.7&NGINX=Y&dbv=8.0.45&instm=main%2C26.150.0%2CY%3Bmobileapp%2C25.0.100%2CN%3Bblog%2C26.400.0%2CN%3Bb24connector%2C25.0.0%2CN%3Bhighloadblock%2C25.100.0%2CN%3Biblock%2C25.300.0%2CN%3Bsocialservices%2C26.0.0%2CN%3Brest%2C26.0.0%2CN%3Bfileman%2C25.200.200%2CN%3Bforum%2C26.0.0%2CN%3Blanding%2C26.200.0%2CN%3Bclouds%2C25.100.0%2CN%3Bphotogallery%2C25.100.0%2CN%3Bform%2C26.0.0%2CN%3Bbitrixcloud%2C25.100.0%2CN%3Bsubscribe%2C25.0.0%2CN%3Bmessageservice%2C25.200.100%2CN%3Bui%2C26.150.0%2CN%3Blocation%2C25.400.0%2CN%3Bperfmon%2C25.300.0%2CN%3Bseo%2C25.100.400%2CN%3Bvote%2C26.0.0%2CN%3Btranslate%2C25.100.0%2CN%3Bsecurity%2C25.0.0%2CN%3Bbitrix.sitecorporate%2C26.0.0%2CN%3Bsearch%2C25.200.0%2CN&reqm=bitrix.sitecorporate&SUPD_SRS=RU&SUPD_CMP=N
2026-06-16 13:00:17 -  - exec CUpdateClientPartner::GetHTTPPage
2026-06-16 13:00:17 -  - TIME GetUpdatesList(request) 0.145 sec
2026-06-16 13:00:17 -  - exec CUpdateClientPartner::ParseServerData
2026-06-16 13:00:17 -  - exec CUpdateClientPartner::GetUpdatesList
2026-06-16 13:00:17 -  - exec CUpdateClientPartner::__CollectRequestData
2026-06-16 13:00:17 -  - utf=Y&lang=ru&stable=Y&CANGZIP=Y&SUPD_DBS=MYSQL&XE=N&CLIENT_SITE=localhost&LICENSE_KEY=X&SUPD_STS=3&SUPD_URS=0&TYPENC=D&CLIENT_PHPVER=8.5.7&NGINX=Y&dbv=8.0.45&instm=main%2C26.150.0%2CY%3Bmobileapp%2C25.0.100%2CN%3Bblog%2C26.400.0%2CN%3Bb24connector%2C25.0.0%2CN%3Bhighloadblock%2C25.100.0%2CN%3Biblock%2C25.300.0%2CN%3Bsocialservices%2C26.0.0%2CN%3Brest%2C26.0.0%2CN%3Bfileman%2C25.200.200%2CN%3Bforum%2C26.0.0%2CN%3Blanding%2C26.200.0%2CN%3Bclouds%2C25.100.0%2CN%3Bphotogallery%2C25.100.0%2CN%3Bform%2C26.0.0%2CN%3Bbitrixcloud%2C25.100.0%2CN%3Bsubscribe%2C25.0.0%2CN%3Bmessageservice%2C25.200.100%2CN%3Bui%2C26.150.0%2CN%3Blocation%2C25.400.0%2CN%3Bperfmon%2C25.300.0%2CN%3Bseo%2C25.100.400%2CN%3Bvote%2C26.0.0%2CN%3Btranslate%2C25.100.0%2CN%3Bsecurity%2C25.0.0%2CN%3Bbitrix.sitecorporate%2C26.0.0%2CN%3Bsearch%2C25.200.0%2CN&reqm=bitrix.sitecorporate&fullmoduleinfo=Y&SUPD_SRS=RU&SUPD_CMP=N
2026-06-16 13:00:17 -  - exec CUpdateClientPartner::GetHTTPPage
2026-06-16 13:00:18 -  - TIME GetUpdatesList(request) 0.139 sec
2026-06-16 13:00:18 -  - exec CUpdateClientPartner::ParseServerData
2026-06-16 13:00:20 -  - exec CUpdateClientPartner::GetUpdatesList
2026-06-16 13:00:20 -  - exec CUpdateClientPartner::__CollectRequestData
2026-06-16 13:00:20 -  - utf=Y&lang=ru&stable=Y&CANGZIP=Y&SUPD_DBS=MYSQL&XE=N&CLIENT_SITE=localhost&LICENSE_KEY=X&SUPD_STS=3&SUPD_URS=0&TYPENC=D&CLIENT_PHPVER=8.5.7&NGINX=Y&dbv=8.0.45&instm=main%2C26.150.0%2CY%3Bmobileapp%2C25.0.100%2CN%3Bblog%2C26.400.0%2CN%3Bb24connector%2C25.0.0%2CN%3Bhighloadblock%2C25.100.0%2CN%3Biblock%2C25.300.0%2CN%3Bsocialservices%2C26.0.0%2CN%3Brest%2C26.0.0%2CN%3Bfileman%2C25.200.200%2CN%3Bforum%2C26.0.0%2CN%3Blanding%2C26.200.0%2CN%3Bclouds%2C25.100.0%2CN%3Bphotogallery%2C25.100.0%2CN%3Bform%2C26.0.0%2CN%3Bbitrixcloud%2C25.100.0%2CN%3Bsubscribe%2C25.0.0%2CN%3Bmessageservice%2C25.200.100%2CN%3Bui%2C26.150.0%2CN%3Blocation%2C25.400.0%2CN%3Bperfmon%2C25.300.0%2CN%3Bseo%2C25.100.400%2CN%3Bvote%2C26.0.0%2CN%3Btranslate%2C25.100.0%2CN%3Bsecurity%2C25.0.0%2CN%3Bbitrix.sitecorporate%2C26.0.0%2CN%3Bsearch%2C25.200.0%2CN&reqm=bitrix.sitecorporate&fullmoduleinfo=Y&SUPD_SRS=RU&SUPD_CMP=N
2026-06-16 13:00:20 -  - exec CUpdateClientPartner::GetHTTPPage
2026-06-16 13:00:20 -  - TIME GetUpdatesList(request) 0.166 sec
2026-06-16 13:00:20 -  - exec CUpdateClientPartner::ParseServerData
2026-06-16 13:00:20 -  - exec CUpdateClientPartner::GetUpdatesList
2026-06-16 13:00:20 -  - exec CUpdateClientPartner::__CollectRequestData
2026-06-16 13:00:20 -  - utf=Y&lang=ru&stable=Y&CANGZIP=Y&SUPD_DBS=MYSQL&XE=N&CLIENT_SITE=localhost&LICENSE_KEY=X&SUPD_STS=3&SUPD_URS=0&TYPENC=D&CLIENT_PHPVER=8.5.7&NGINX=Y&dbv=8.0.45&instm=main%2C26.150.0%2CY%3Bmobileapp%2C25.0.100%2CN%3Bblog%2C26.400.0%2CN%3Bb24connector%2C25.0.0%2CN%3Bhighloadblock%2C25.100.0%2CN%3Biblock%2C25.300.0%2CN%3Bsocialservices%2C26.0.0%2CN%3Brest%2C26.0.0%2CN%3Bfileman%2C25.200.200%2CN%3Bforum%2C26.0.0%2CN%3Blanding%2C26.200.0%2CN%3Bclouds%2C25.100.0%2CN%3Bphotogallery%2C25.100.0%2CN%3Bform%2C26.0.0%2CN%3Bbitrixcloud%2C25.100.0%2CN%3Bsubscribe%2C25.0.0%2CN%3Bmessageservice%2C25.200.100%2CN%3Bui%2C26.150.0%2CN%3Blocation%2C25.400.0%2CN%3Bperfmon%2C25.300.0%2CN%3Bseo%2C25.100.400%2CN%3Bvote%2C26.0.0%2CN%3Btranslate%2C25.100.0%2CN%3Bsecurity%2C25.0.0%2CN%3Bbitrix.sitecorporate%2C26.0.0%2CN%3Bsearch%2C25.200.0%2CN&reqm=bitrix.sitecorporate&fullmoduleinfo=Y&SUPD_SRS=RU&SUPD_CMP=N
2026-06-16 13:00:20 -  - exec CUpdateClientPartner::GetHTTPPage
2026-06-16 13:00:20 -  - TIME GetUpdatesList(request) 0.165 sec
2026-06-16 13:00:20 -  - exec CUpdateClientPartner::ParseServerData
2026-06-16 13:00:25 -  - exec CUpdateClientPartner::GetUpdatesList
2026-06-16 13:00:25 -  - exec CUpdateClientPartner::__CollectRequestData
2026-06-16 13:00:25 -  - utf=Y&lang=ru&stable=Y&CANGZIP=Y&SUPD_DBS=MYSQL&XE=N&CLIENT_SITE=localhost&LICENSE_KEY=X&SUPD_STS=3&SUPD_URS=0&TYPENC=D&CLIENT_PHPVER=8.5.7&NGINX=Y&dbv=8.0.45&instm=main%2C26.150.0%2CY%3Bmobileapp%2C25.0.100%2CN%3Bblog%2C26.400.0%2CN%3Bb24connector%2C25.0.0%2CN%3Bhighloadblock%2C25.100.0%2CN%3Biblock%2C25.300.0%2CN%3Bsocialservices%2C26.0.0%2CN%3Brest%2C26.0.0%2CN%3Bfileman%2C25.200.200%2CN%3Bforum%2C26.0.0%2CN%3Blanding%2C26.200.0%2CN%3Bclouds%2C25.100.0%2CN%3Bphotogallery%2C25.100.0%2CN%3Bform%2C26.0.0%2CN%3Bbitrixcloud%2C25.100.0%2CN%3Bsubscribe%2C25.0.0%2CN%3Bmessageservice%2C25.200.100%2CN%3Bui%2C26.150.0%2CN%3Blocation%2C25.400.0%2CN%3Bperfmon%2C25.300.0%2CN%3Bseo%2C25.100.400%2CN%3Bvote%2C26.0.0%2CN%3Btranslate%2C25.100.0%2CN%3Bsecurity%2C25.0.0%2CN%3Bbitrix.sitecorporate%2C26.0.0%2CN%3Bsearch%2C25.200.0%2CN&reqm=bitrix.sitecorporate&fullmoduleinfo=Y&SUPD_SRS=RU&SUPD_CMP=N
2026-06-16 13:00:25 -  - exec CUpdateClientPartner::GetHTTPPage
2026-06-16 13:00:25 -  - TIME GetUpdatesList(request) 0.144 sec
2026-06-16 13:00:25 -  - exec CUpdateClientPartner::ParseServerData
2026-06-16 13:00:25 -  - exec CUpdateClientPartner::GetUpdatesList
2026-06-16 13:00:25 -  - exec CUpdateClientPartner::__CollectRequestData
2026-06-16 13:00:25 -  - utf=Y&lang=ru&stable=Y&CANGZIP=Y&SUPD_DBS=MYSQL&XE=N&CLIENT_SITE=localhost&LICENSE_KEY=X&SUPD_STS=3&SUPD_URS=0&TYPENC=D&CLIENT_PHPVER=8.5.7&NGINX=Y&dbv=8.0.45&instm=main%2C26.150.0%2CY%3Bmobileapp%2C25.0.100%2CN%3Bblog%2C26.400.0%2CN%3Bb24connector%2C25.0.0%2CN%3Bhighloadblock%2C25.100.0%2CN%3Biblock%2C25.300.0%2CN%3Bsocialservices%2C26.0.0%2CN%3Brest%2C26.0.0%2CN%3Bfileman%2C25.200.200%2CN%3Bforum%2C26.0.0%2CN%3Blanding%2C26.200.0%2CN%3Bclouds%2C25.100.0%2CN%3Bphotogallery%2C25.100.0%2CN%3Bform%2C26.0.0%2CN%3Bbitrixcloud%2C25.100.0%2CN%3Bsubscribe%2C25.0.0%2CN%3Bmessageservice%2C25.200.100%2CN%3Bui%2C26.150.0%2CN%3Blocation%2C25.400.0%2CN%3Bperfmon%2C25.300.0%2CN%3Bseo%2C25.100.400%2CN%3Bvote%2C26.0.0%2CN%3Btranslate%2C25.100.0%2CN%3Bsecurity%2C25.0.0%2CN%3Bbitrix.sitecorporate%2C26.0.0%2CN%3Bsearch%2C25.200.0%2CN&reqm=bitrix.sitecorporate&fullmoduleinfo=Y&SUPD_SRS=RU&SUPD_CMP=N
2026-06-16 13:00:25 -  - exec CUpdateClientPartner::GetHTTPPage
2026-06-16 13:00:25 -  - TIME GetUpdatesList(request) 0.152 sec
2026-06-16 13:00:25 -  - exec CUpdateClientPartner::ParseServerData
2026-06-16 13:02:12 -  - exec CUpdateClientPartner::GetUpdatesList
2026-06-16 13:02:12 -  - exec CUpdateClientPartner::__CollectRequestData
2026-06-16 13:02:12 -  - utf=Y&lang=ru&stable=Y&CANGZIP=Y&SUPD_DBS=MYSQL&XE=N&CLIENT_SITE=localhost&LICENSE_KEY=X&SUPD_STS=3&SUPD_URS=0&TYPENC=D&CLIENT_PHPVER=8.5.7&NGINX=Y&dbv=8.0.45&instm=main%2C26.150.0%2CY%3Bmobileapp%2C25.0.100%2CN%3Bblog%2C26.400.0%2CN%3Bb24connector%2C25.0.0%2CN%3Bhighloadblock%2C25.100.0%2CN%3Biblock%2C25.300.0%2CN%3Bsocialservices%2C26.0.0%2CN%3Brest%2C26.0.0%2CN%3Bfileman%2C25.200.200%2CN%3Bforum%2C26.0.0%2CN%3Blanding%2C26.200.0%2CN%3Bclouds%2C25.100.0%2CN%3Bphotogallery%2C25.100.0%2CN%3Bform%2C26.0.0%2CN%3Bbitrixcloud%2C25.100.0%2CN%3Bsubscribe%2C25.0.0%2CN%3Bmessageservice%2C25.200.100%2CN%3Bui%2C26.150.0%2CN%3Blocation%2C25.400.0%2CN%3Bperfmon%2C25.300.0%2CN%3Bseo%2C25.100.400%2CN%3Bvote%2C26.0.0%2CN%3Btranslate%2C25.100.0%2CN%3Bsecurity%2C25.0.0%2CN%3Bbitrix.sitecorporate%2C26.0.0%2CN%3Bsearch%2C25.200.0%2CN&reqm=bitrix.sitecorporate&fullmoduleinfo=Y&SUPD_SRS=RU&SUPD_CMP=N
2026-06-16 13:02:12 -  - exec CUpdateClientPartner::GetHTTPPage
2026-06-16 13:02:12 -  - TIME GetUpdatesList(request) 0.159 sec
2026-06-16 13:02:12 -  - exec CUpdateClientPartner::ParseServerData
2026-06-16 13:02:35 -  - exec CUpdateClientPartner::GetUpdatesList
2026-06-16 13:02:35 -  - exec CUpdateClientPartner::__CollectRequestData
2026-06-16 13:02:35 -  - utf=Y&lang=ru&stable=Y&CANGZIP=Y&SUPD_DBS=MYSQL&XE=N&CLIENT_SITE=localhost&LICENSE_KEY=X&SUPD_STS=3&SUPD_URS=0&TYPENC=D&CLIENT_PHPVER=8.5.7&NGINX=Y&dbv=8.0.45&instm=main%2C26.150.0%2CY%3Bmobileapp%2C25.0.100%2CN%3Bblog%2C26.400.0%2CN%3Bb24connector%2C25.0.0%2CN%3Bhighloadblock%2C25.100.0%2CN%3Biblock%2C25.300.0%2CN%3Bsocialservices%2C26.0.0%2CN%3Brest%2C26.0.0%2CN%3Bfileman%2C25.200.200%2CN%3Bforum%2C26.0.0%2CN%3Blanding%2C26.200.0%2CN%3Bclouds%2C25.100.0%2CN%3Bphotogallery%2C25.100.0%2CN%3Bform%2C26.0.0%2CN%3Bbitrixcloud%2C25.100.0%2CN%3Bsubscribe%2C25.0.0%2CN%3Bmessageservice%2C25.200.100%2CN%3Bui%2C26.150.0%2CN%3Blocation%2C25.400.0%2CN%3Bperfmon%2C25.300.0%2CN%3Bseo%2C25.100.400%2CN%3Bvote%2C26.0.0%2CN%3Btranslate%2C25.100.0%2CN%3Bsecurity%2C25.0.0%2CN%3Bbitrix.sitecorporate%2C26.0.0%2CN%3Bsearch%2C25.200.0%2CN&reqm=bitrix.sitecorporate&fullmoduleinfo=Y&SUPD_SRS=RU&SUPD_CMP=N
2026-06-16 13:02:35 -  - exec CUpdateClientPartner::GetHTTPPage
2026-06-16 13:02:35 -  - TIME GetUpdatesList(request) 0.163 sec
2026-06-16 13:02:35 -  - exec CUpdateClientPartner::ParseServerData
2026-06-16 13:05:41 -  - exec CUpdateClientPartner::GetUpdatesList
2026-06-16 13:05:41 -  - exec CUpdateClientPartner::__CollectRequestData
2026-06-16 13:05:41 -  - utf=Y&lang=ru&stable=Y&CANGZIP=Y&SUPD_DBS=MYSQL&XE=N&CLIENT_SITE=localhost&LICENSE_KEY=X&SUPD_STS=3&SUPD_URS=0&TYPENC=D&CLIENT_PHPVER=8.5.7&NGINX=Y&dbv=8.0.45&instm=main%2C26.150.0%2CY%3Bmobileapp%2C25.0.100%2CN%3Bblog%2C26.400.0%2CN%3Bb24connector%2C25.0.0%2CN%3Bhighloadblock%2C25.100.0%2CN%3Biblock%2C25.300.0%2CN%3Bsocialservices%2C26.0.0%2CN%3Brest%2C26.0.0%2CN%3Bfileman%2C25.200.200%2CN%3Bforum%2C26.0.0%2CN%3Blanding%2C26.200.0%2CN%3Bclouds%2C25.100.0%2CN%3Bphotogallery%2C25.100.0%2CN%3Bform%2C26.0.0%2CN%3Bbitrixcloud%2C25.100.0%2CN%3Bsubscribe%2C25.0.0%2CN%3Bmessageservice%2C25.200.100%2CN%3Bui%2C26.150.0%2CN%3Blocation%2C25.400.0%2CN%3Bperfmon%2C25.300.0%2CN%3Bseo%2C25.100.400%2CN%3Bvote%2C26.0.0%2CN%3Btranslate%2C25.100.0%2CN%3Bsecurity%2C25.0.0%2CN%3Bbitrix.sitecorporate%2C26.0.0%2CN%3Bsearch%2C25.200.0%2CN&reqm=bitrix.sitecorporate&fullmoduleinfo=Y&SUPD_SRS=RU&SUPD_CMP=N
2026-06-16 13:05:41 -  - exec CUpdateClientPartner::GetHTTPPage
2026-06-16 13:05:41 -  - TIME GetUpdatesList(request) 0.161 sec
2026-06-16 13:05:41 -  - exec CUpdateClientPartner::ParseServerData
2026-06-16 13:05:41 -  - exec CUpdateClientPartner::GetUpdatesList
2026-06-16 13:05:41 -  - exec CUpdateClientPartner::__CollectRequestData
2026-06-16 13:05:41 -  - utf=Y&lang=ru&stable=Y&CANGZIP=Y&SUPD_DBS=MYSQL&XE=N&CLIENT_SITE=localhost&LICENSE_KEY=X&SUPD_STS=3&SUPD_URS=0&TYPENC=D&CLIENT_PHPVER=8.5.7&NGINX=Y&dbv=8.0.45&instm=main%2C26.150.0%2CY%3Bmobileapp%2C25.0.100%2CN%3Bblog%2C26.400.0%2CN%3Bb24connector%2C25.0.0%2CN%3Bhighloadblock%2C25.100.0%2CN%3Biblock%2C25.300.0%2CN%3Bsocialservices%2C26.0.0%2CN%3Brest%2C26.0.0%2CN%3Bfileman%2C25.200.200%2CN%3Bforum%2C26.0.0%2CN%3Blanding%2C26.200.0%2CN%3Bclouds%2C25.100.0%2CN%3Bphotogallery%2C25.100.0%2CN%3Bform%2C26.0.0%2CN%3Bbitrixcloud%2C25.100.0%2CN%3Bsubscribe%2C25.0.0%2CN%3Bmessageservice%2C25.200.100%2CN%3Bui%2C26.150.0%2CN%3Blocation%2C25.400.0%2CN%3Bperfmon%2C25.300.0%2CN%3Bseo%2C25.100.400%2CN%3Bvote%2C26.0.0%2CN%3Btranslate%2C25.100.0%2CN%3Bsecurity%2C25.0.0%2CN%3Bbitrix.sitecorporate%2C26.0.0%2CN%3Bsearch%2C25.200.0%2CN&reqm=bitrix.sitecorporate&fullmoduleinfo=Y&SUPD_SRS=RU&SUPD_CMP=N
2026-06-16 13:05:41 -  - exec CUpdateClientPartner::GetHTTPPage
2026-06-16 13:05:41 -  - TIME GetUpdatesList(request) 0.17 sec
2026-06-16 13:05:41 -  - exec CUpdateClientPartner::ParseServerData
2026-06-16 13:05:44 -  - exec CUpdateClientPartner::GetUpdatesList
2026-06-16 13:05:44 -  - exec CUpdateClientPartner::__CollectRequestData
2026-06-16 13:05:44 -  - utf=Y&lang=ru&stable=Y&CANGZIP=Y&SUPD_DBS=MYSQL&XE=N&CLIENT_SITE=localhost&LICENSE_KEY=X&SUPD_STS=3&SUPD_URS=0&TYPENC=D&CLIENT_PHPVER=8.5.7&NGINX=Y&dbv=8.0.45&instm=main%2C26.150.0%2CY%3Bmobileapp%2C25.0.100%2CN%3Bblog%2C26.400.0%2CN%3Bb24connector%2C25.0.0%2CN%3Bhighloadblock%2C25.100.0%2CN%3Biblock%2C25.300.0%2CN%3Bsocialservices%2C26.0.0%2CN%3Brest%2C26.0.0%2CN%3Bfileman%2C25.200.200%2CN%3Bforum%2C26.0.0%2CN%3Blanding%2C26.200.0%2CN%3Bclouds%2C25.100.0%2CN%3Bphotogallery%2C25.100.0%2CN%3Bform%2C26.0.0%2CN%3Bbitrixcloud%2C25.100.0%2CN%3Bsubscribe%2C25.0.0%2CN%3Bmessageservice%2C25.200.100%2CN%3Bui%2C26.150.0%2CN%3Blocation%2C25.400.0%2CN%3Bperfmon%2C25.300.0%2CN%3Bseo%2C25.100.400%2CN%3Bvote%2C26.0.0%2CN%3Btranslate%2C25.100.0%2CN%3Bsecurity%2C25.0.0%2CN%3Bbitrix.sitecorporate%2C26.0.0%2CN%3Bsearch%2C25.200.0%2CN&reqm=bitrix.sitecorporate&fullmoduleinfo=Y&SUPD_SRS=RU&SUPD_CMP=N
2026-06-16 13:05:44 -  - exec CUpdateClientPartner::GetHTTPPage
2026-06-16 13:05:44 -  - TIME GetUpdatesList(request) 0.173 sec
2026-06-16 13:05:44 -  - exec CUpdateClientPartner::ParseServerData
2026-06-16 13:05:44 -  - exec CUpdateClientPartner::GetUpdatesList
2026-06-16 13:05:44 -  - exec CUpdateClientPartner::__CollectRequestData
2026-06-16 13:05:44 -  - utf=Y&lang=ru&stable=Y&CANGZIP=Y&SUPD_DBS=MYSQL&XE=N&CLIENT_SITE=localhost&LICENSE_KEY=X&SUPD_STS=3&SUPD_URS=0&TYPENC=D&CLIENT_PHPVER=8.5.7&NGINX=Y&dbv=8.0.45&instm=main%2C26.150.0%2CY%3Bmobileapp%2C25.0.100%2CN%3Bblog%2C26.400.0%2CN%3Bb24connector%2C25.0.0%2CN%3Bhighloadblock%2C25.100.0%2CN%3Biblock%2C25.300.0%2CN%3Bsocialservices%2C26.0.0%2CN%3Brest%2C26.0.0%2CN%3Bfileman%2C25.200.200%2CN%3Bforum%2C26.0.0%2CN%3Blanding%2C26.200.0%2CN%3Bclouds%2C25.100.0%2CN%3Bphotogallery%2C25.100.0%2CN%3Bform%2C26.0.0%2CN%3Bbitrixcloud%2C25.100.0%2CN%3Bsubscribe%2C25.0.0%2CN%3Bmessageservice%2C25.200.100%2CN%3Bui%2C26.150.0%2CN%3Blocation%2C25.400.0%2CN%3Bperfmon%2C25.300.0%2CN%3Bseo%2C25.100.400%2CN%3Bvote%2C26.0.0%2CN%3Btranslate%2C25.100.0%2CN%3Bsecurity%2C25.0.0%2CN%3Bbitrix.sitecorporate%2C26.0.0%2CN%3Bsearch%2C25.200.0%2CN&reqm=bitrix.sitecorporate&fullmoduleinfo=Y&SUPD_SRS=RU&SUPD_CMP=N
2026-06-16 13:05:44 -  - exec CUpdateClientPartner::GetHTTPPage
2026-06-16 13:05:44 -  - TIME GetUpdatesList(request) 0.172 sec
2026-06-16 13:05:44 -  - exec CUpdateClientPartner::ParseServerData
2026-06-16 13:12:37 -  - exec CUpdateClientPartner::GetUpdatesList
2026-06-16 13:12:37 -  - exec CUpdateClientPartner::__CollectRequestData
2026-06-16 13:12:37 -  - utf=Y&lang=ru&stable=Y&CANGZIP=Y&SUPD_DBS=MYSQL&XE=N&CLIENT_SITE=localhost&LICENSE_KEY=X&SUPD_STS=3&SUPD_URS=0&TYPENC=D&CLIENT_PHPVER=8.5.7&NGINX=Y&dbv=8.0.45&instm=main%2C26.150.0%2CY%3Bmobileapp%2C25.0.100%2CN%3Bblog%2C26.400.0%2CN%3Bb24connector%2C25.0.0%2CN%3Bhighloadblock%2C25.100.0%2CN%3Biblock%2C25.300.0%2CN%3Bsocialservices%2C26.0.0%2CN%3Brest%2C26.0.0%2CN%3Bfileman%2C25.200.200%2CN%3Bforum%2C26.0.0%2CN%3Blanding%2C26.200.0%2CN%3Bclouds%2C25.100.0%2CN%3Bphotogallery%2C25.100.0%2CN%3Bform%2C26.0.0%2CN%3Bbitrixcloud%2C25.100.0%2CN%3Bsubscribe%2C25.0.0%2CN%3Bmessageservice%2C25.200.100%2CN%3Bui%2C26.150.0%2CN%3Blocation%2C25.400.0%2CN%3Bperfmon%2C25.300.0%2CN%3Bseo%2C25.100.400%2CN%3Bvote%2C26.0.0%2CN%3Btranslate%2C25.100.0%2CN%3Bsecurity%2C25.0.0%2CN%3Bbitrix.sitecorporate%2C26.0.0%2CN%3Bsearch%2C25.200.0%2CN&reqm=bitrix.sitecorporate&fullmoduleinfo=Y&SUPD_SRS=RU&SUPD_CMP=N
2026-06-16 13:12:37 -  - exec CUpdateClientPartner::GetHTTPPage
2026-06-16 13:12:37 -  - TIME GetUpdatesList(request) 0.151 sec
2026-06-16 13:12:37 -  - exec CUpdateClientPartner::ParseServerData
2026-06-16 13:12:37 -  - exec CUpdateClientPartner::GetUpdatesList
2026-06-16 13:12:37 -  - exec CUpdateClientPartner::__CollectRequestData
2026-06-16 13:12:37 -  - utf=Y&lang=ru&stable=Y&CANGZIP=Y&SUPD_DBS=MYSQL&XE=N&CLIENT_SITE=localhost&LICENSE_KEY=X&SUPD_STS=3&SUPD_URS=0&TYPENC=D&CLIENT_PHPVER=8.5.7&NGINX=Y&dbv=8.0.45&instm=main%2C26.150.0%2CY%3Bmobileapp%2C25.0.100%2CN%3Bblog%2C26.400.0%2CN%3Bb24connector%2C25.0.0%2CN%3Bhighloadblock%2C25.100.0%2CN%3Biblock%2C25.300.0%2CN%3Bsocialservices%2C26.0.0%2CN%3Brest%2C26.0.0%2CN%3Bfileman%2C25.200.200%2CN%3Bforum%2C26.0.0%2CN%3Blanding%2C26.200.0%2CN%3Bclouds%2C25.100.0%2CN%3Bphotogallery%2C25.100.0%2CN%3Bform%2C26.0.0%2CN%3Bbitrixcloud%2C25.100.0%2CN%3Bsubscribe%2C25.0.0%2CN%3Bmessageservice%2C25.200.100%2CN%3Bui%2C26.150.0%2CN%3Blocation%2C25.400.0%2CN%3Bperfmon%2C25.300.0%2CN%3Bseo%2C25.100.400%2CN%3Bvote%2C26.0.0%2CN%3Btranslate%2C25.100.0%2CN%3Bsecurity%2C25.0.0%2CN%3Bbitrix.sitecorporate%2C26.0.0%2CN%3Bsearch%2C25.200.0%2CN&reqm=bitrix.sitecorporate&fullmoduleinfo=Y&SUPD_SRS=RU&SUPD_CMP=N
2026-06-16 13:12:37 -  - exec CUpdateClientPartner::GetHTTPPage
2026-06-16 13:12:37 -  - TIME GetUpdatesList(request) 0.149 sec
2026-06-16 13:12:37 -  - exec CUpdateClientPartner::ParseServerData
2026-06-16 13:12:40 -  - exec CUpdateClientPartner::GetUpdatesList
2026-06-16 13:12:40 -  - exec CUpdateClientPartner::__CollectRequestData
2026-06-16 13:12:40 -  - utf=Y&lang=ru&stable=Y&CANGZIP=Y&SUPD_DBS=MYSQL&XE=N&CLIENT_SITE=localhost&LICENSE_KEY=X&SUPD_STS=3&SUPD_URS=0&TYPENC=D&CLIENT_PHPVER=8.5.7&NGINX=Y&dbv=8.0.45&instm=main%2C26.150.0%2CY%3Bmobileapp%2C25.0.100%2CN%3Bblog%2C26.400.0%2CN%3Bb24connector%2C25.0.0%2CN%3Bhighloadblock%2C25.100.0%2CN%3Biblock%2C25.300.0%2CN%3Bsocialservices%2C26.0.0%2CN%3Brest%2C26.0.0%2CN%3Bfileman%2C25.200.200%2CN%3Bforum%2C26.0.0%2CN%3Blanding%2C26.200.0%2CN%3Bclouds%2C25.100.0%2CN%3Bphotogallery%2C25.100.0%2CN%3Bform%2C26.0.0%2CN%3Bbitrixcloud%2C25.100.0%2CN%3Bsubscribe%2C25.0.0%2CN%3Bmessageservice%2C25.200.100%2CN%3Bui%2C26.150.0%2CN%3Blocation%2C25.400.0%2CN%3Bperfmon%2C25.300.0%2CN%3Bseo%2C25.100.400%2CN%3Bvote%2C26.0.0%2CN%3Btranslate%2C25.100.0%2CN%3Bsecurity%2C25.0.0%2CN%3Bbitrix.sitecorporate%2C26.0.0%2CN%3Bsearch%2C25.200.0%2CN&reqm=bitrix.sitecorporate&fullmoduleinfo=Y&SUPD_SRS=RU&SUPD_CMP=N
2026-06-16 13:12:40 -  - exec CUpdateClientPartner::GetHTTPPage
2026-06-16 13:12:40 -  - TIME GetUpdatesList(request) 0.154 sec
2026-06-16 13:12:40 -  - exec CUpdateClientPartner::ParseServerData
2026-06-16 13:12:40 -  - exec CUpdateClientPartner::GetUpdatesList
2026-06-16 13:12:40 -  - exec CUpdateClientPartner::__CollectRequestData
2026-06-16 13:12:40 -  - utf=Y&lang=ru&stable=Y&CANGZIP=Y&SUPD_DBS=MYSQL&XE=N&CLIENT_SITE=localhost&LICENSE_KEY=X&SUPD_STS=3&SUPD_URS=0&TYPENC=D&CLIENT_PHPVER=8.5.7&NGINX=Y&dbv=8.0.45&instm=main%2C26.150.0%2CY%3Bmobileapp%2C25.0.100%2CN%3Bblog%2C26.400.0%2CN%3Bb24connector%2C25.0.0%2CN%3Bhighloadblock%2C25.100.0%2CN%3Biblock%2C25.300.0%2CN%3Bsocialservices%2C26.0.0%2CN%3Brest%2C26.0.0%2CN%3Bfileman%2C25.200.200%2CN%3Bforum%2C26.0.0%2CN%3Blanding%2C26.200.0%2CN%3Bclouds%2C25.100.0%2CN%3Bphotogallery%2C25.100.0%2CN%3Bform%2C26.0.0%2CN%3Bbitrixcloud%2C25.100.0%2CN%3Bsubscribe%2C25.0.0%2CN%3Bmessageservice%2C25.200.100%2CN%3Bui%2C26.150.0%2CN%3Blocation%2C25.400.0%2CN%3Bperfmon%2C25.300.0%2CN%3Bseo%2C25.100.400%2CN%3Bvote%2C26.0.0%2CN%3Btranslate%2C25.100.0%2CN%3Bsecurity%2C25.0.0%2CN%3Bbitrix.sitecorporate%2C26.0.0%2CN%3Bsearch%2C25.200.0%2CN&reqm=bitrix.sitecorporate&fullmoduleinfo=Y&SUPD_SRS=RU&SUPD_CMP=N
2026-06-16 13:12:40 -  - exec CUpdateClientPartner::GetHTTPPage
2026-06-16 13:12:41 -  - TIME GetUpdatesList(request) 0.168 sec
2026-06-16 13:12:41 -  - exec CUpdateClientPartner::ParseServerData
2026-06-16 13:15:10 -  - exec CUpdateClientPartner::GetUpdatesList
2026-06-16 13:15:10 -  - exec CUpdateClientPartner::__CollectRequestData
2026-06-16 13:15:10 -  - utf=Y&lang=ru&stable=Y&CANGZIP=Y&SUPD_DBS=MYSQL&XE=N&CLIENT_SITE=localhost&LICENSE_KEY=X&SUPD_STS=3&SUPD_URS=0&TYPENC=D&CLIENT_PHPVER=8.5.7&NGINX=Y&dbv=8.0.45&instm=main%2C26.150.0%2CY%3Bmobileapp%2C25.0.100%2CN%3Bblog%2C26.400.0%2CN%3Bb24connector%2C25.0.0%2CN%3Bhighloadblock%2C25.100.0%2CN%3Biblock%2C25.300.0%2CN%3Bsocialservices%2C26.0.0%2CN%3Brest%2C26.0.0%2CN%3Bfileman%2C25.200.200%2CN%3Bforum%2C26.0.0%2CN%3Blanding%2C26.200.0%2CN%3Bclouds%2C25.100.0%2CN%3Bphotogallery%2C25.100.0%2CN%3Bform%2C26.0.0%2CN%3Bbitrixcloud%2C25.100.0%2CN%3Bsubscribe%2C25.0.0%2CN%3Bmessageservice%2C25.200.100%2CN%3Bui%2C26.150.0%2CN%3Blocation%2C25.400.0%2CN%3Bperfmon%2C25.300.0%2CN%3Bseo%2C25.100.400%2CN%3Bvote%2C26.0.0%2CN%3Btranslate%2C25.100.0%2CN%3Bsecurity%2C25.0.0%2CN%3Bbitrix.sitecorporate%2C26.0.0%2CN%3Bsearch%2C25.200.0%2CN&reqm=bitrix.sitecorporate&fullmoduleinfo=Y&SUPD_SRS=RU&SUPD_CMP=N
2026-06-16 13:15:10 -  - exec CUpdateClientPartner::GetHTTPPage
2026-06-16 13:15:10 -  - TIME GetUpdatesList(request) 0.158 sec
2026-06-16 13:15:10 -  - exec CUpdateClientPartner::ParseServerData
2026-06-16 13:15:11 -  - exec CUpdateClientPartner::GetUpdatesList
2026-06-16 13:15:11 -  - exec CUpdateClientPartner::__CollectRequestData
2026-06-16 13:15:11 -  - utf=Y&lang=ru&stable=Y&CANGZIP=Y&SUPD_DBS=MYSQL&XE=N&CLIENT_SITE=localhost&LICENSE_KEY=X&SUPD_STS=3&SUPD_URS=0&TYPENC=D&CLIENT_PHPVER=8.5.7&NGINX=Y&dbv=8.0.45&instm=main%2C26.150.0%2CY%3Bmobileapp%2C25.0.100%2CN%3Bblog%2C26.400.0%2CN%3Bb24connector%2C25.0.0%2CN%3Bhighloadblock%2C25.100.0%2CN%3Biblock%2C25.300.0%2CN%3Bsocialservices%2C26.0.0%2CN%3Brest%2C26.0.0%2CN%3Bfileman%2C25.200.200%2CN%3Bforum%2C26.0.0%2CN%3Blanding%2C26.200.0%2CN%3Bclouds%2C25.100.0%2CN%3Bphotogallery%2C25.100.0%2CN%3Bform%2C26.0.0%2CN%3Bbitrixcloud%2C25.100.0%2CN%3Bsubscribe%2C25.0.0%2CN%3Bmessageservice%2C25.200.100%2CN%3Bui%2C26.150.0%2CN%3Blocation%2C25.400.0%2CN%3Bperfmon%2C25.300.0%2CN%3Bseo%2C25.100.400%2CN%3Bvote%2C26.0.0%2CN%3Btranslate%2C25.100.0%2CN%3Bsecurity%2C25.0.0%2CN%3Bbitrix.sitecorporate%2C26.0.0%2CN%3Bsearch%2C25.200.0%2CN&reqm=bitrix.sitecorporate&fullmoduleinfo=Y&SUPD_SRS=RU&SUPD_CMP=N
2026-06-16 13:15:11 -  - exec CUpdateClientPartner::GetHTTPPage
2026-06-16 13:15:11 -  - TIME GetUpdatesList(request) 0.164 sec
2026-06-16 13:15:11 -  - exec CUpdateClientPartner::ParseServerData
2026-06-16 13:15:13 -  - exec CUpdateClientPartner::GetUpdatesList
2026-06-16 13:15:13 -  - exec CUpdateClientPartner::__CollectRequestData
2026-06-16 13:15:13 -  - utf=Y&lang=ru&stable=Y&CANGZIP=Y&SUPD_DBS=MYSQL&XE=N&CLIENT_SITE=localhost&LICENSE_KEY=X&SUPD_STS=3&SUPD_URS=0&TYPENC=D&CLIENT_PHPVER=8.5.7&NGINX=Y&dbv=8.0.45&instm=main%2C26.150.0%2CY%3Bmobileapp%2C25.0.100%2CN%3Bblog%2C26.400.0%2CN%3Bb24connector%2C25.0.0%2CN%3Bhighloadblock%2C25.100.0%2CN%3Biblock%2C25.300.0%2CN%3Bsocialservices%2C26.0.0%2CN%3Brest%2C26.0.0%2CN%3Bfileman%2C25.200.200%2CN%3Bforum%2C26.0.0%2CN%3Blanding%2C26.200.0%2CN%3Bclouds%2C25.100.0%2CN%3Bphotogallery%2C25.100.0%2CN%3Bform%2C26.0.0%2CN%3Bbitrixcloud%2C25.100.0%2CN%3Bsubscribe%2C25.0.0%2CN%3Bmessageservice%2C25.200.100%2CN%3Bui%2C26.150.0%2CN%3Blocation%2C25.400.0%2CN%3Bperfmon%2C25.300.0%2CN%3Bseo%2C25.100.400%2CN%3Bvote%2C26.0.0%2CN%3Btranslate%2C25.100.0%2CN%3Bsecurity%2C25.0.0%2CN%3Bbitrix.sitecorporate%2C26.0.0%2CN%3Bsearch%2C25.200.0%2CN&reqm=bitrix.sitecorporate&fullmoduleinfo=Y&SUPD_SRS=RU&SUPD_CMP=N
2026-06-16 13:15:13 -  - exec CUpdateClientPartner::GetHTTPPage
2026-06-16 13:15:13 -  - TIME GetUpdatesList(request) 0.131 sec
2026-06-16 13:15:13 -  - exec CUpdateClientPartner::ParseServerData
2026-06-16 13:15:13 -  - exec CUpdateClientPartner::GetUpdatesList
2026-06-16 13:15:13 -  - exec CUpdateClientPartner::__CollectRequestData
2026-06-16 13:15:13 -  - utf=Y&lang=ru&stable=Y&CANGZIP=Y&SUPD_DBS=MYSQL&XE=N&CLIENT_SITE=localhost&LICENSE_KEY=X&SUPD_STS=3&SUPD_URS=0&TYPENC=D&CLIENT_PHPVER=8.5.7&NGINX=Y&dbv=8.0.45&instm=main%2C26.150.0%2CY%3Bmobileapp%2C25.0.100%2CN%3Bblog%2C26.400.0%2CN%3Bb24connector%2C25.0.0%2CN%3Bhighloadblock%2C25.100.0%2CN%3Biblock%2C25.300.0%2CN%3Bsocialservices%2C26.0.0%2CN%3Brest%2C26.0.0%2CN%3Bfileman%2C25.200.200%2CN%3Bforum%2C26.0.0%2CN%3Blanding%2C26.200.0%2CN%3Bclouds%2C25.100.0%2CN%3Bphotogallery%2C25.100.0%2CN%3Bform%2C26.0.0%2CN%3Bbitrixcloud%2C25.100.0%2CN%3Bsubscribe%2C25.0.0%2CN%3Bmessageservice%2C25.200.100%2CN%3Bui%2C26.150.0%2CN%3Blocation%2C25.400.0%2CN%3Bperfmon%2C25.300.0%2CN%3Bseo%2C25.100.400%2CN%3Bvote%2C26.0.0%2CN%3Btranslate%2C25.100.0%2CN%3Bsecurity%2C25.0.0%2CN%3Bbitrix.sitecorporate%2C26.0.0%2CN%3Bsearch%2C25.200.0%2CN&reqm=bitrix.sitecorporate&fullmoduleinfo=Y&SUPD_SRS=RU&SUPD_CMP=N
2026-06-16 13:15:13 -  - exec CUpdateClientPartner::GetHTTPPage
2026-06-16 13:15:14 -  - TIME GetUpdatesList(request) 0.15 sec
2026-06-16 13:15:14 -  - exec CUpdateClientPartner::ParseServerData
2026-06-16 13:17:00 -  - exec CUpdateClientPartner::GetUpdatesList
2026-06-16 13:17:00 -  - exec CUpdateClientPartner::__CollectRequestData
2026-06-16 13:17:00 -  - utf=Y&lang=ru&stable=Y&CANGZIP=Y&SUPD_DBS=MYSQL&XE=N&CLIENT_SITE=localhost&LICENSE_KEY=X&SUPD_STS=3&SUPD_URS=0&TYPENC=D&CLIENT_PHPVER=8.5.7&NGINX=Y&dbv=8.0.45&instm=main%2C26.150.0%2CY%3Bmobileapp%2C25.0.100%2CN%3Bblog%2C26.400.0%2CN%3Bb24connector%2C25.0.0%2CN%3Bhighloadblock%2C25.100.0%2CN%3Biblock%2C25.300.0%2CN%3Bsocialservices%2C26.0.0%2CN%3Brest%2C26.0.0%2CN%3Bfileman%2C25.200.200%2CN%3Bforum%2C26.0.0%2CN%3Blanding%2C26.200.0%2CN%3Bclouds%2C25.100.0%2CN%3Bphotogallery%2C25.100.0%2CN%3Bform%2C26.0.0%2CN%3Bbitrixcloud%2C25.100.0%2CN%3Bsubscribe%2C25.0.0%2CN%3Bmessageservice%2C25.200.100%2CN%3Bui%2C26.150.0%2CN%3Blocation%2C25.400.0%2CN%3Bperfmon%2C25.300.0%2CN%3Bseo%2C25.100.400%2CN%3Bvote%2C26.0.0%2CN%3Btranslate%2C25.100.0%2CN%3Bsecurity%2C25.0.0%2CN%3Bbitrix.sitecorporate%2C26.0.0%2CN%3Bsearch%2C25.200.0%2CN&reqm=bitrix.sitecorporate&fullmoduleinfo=Y&SUPD_SRS=RU&SUPD_CMP=N
2026-06-16 13:17:00 -  - exec CUpdateClientPartner::GetHTTPPage
2026-06-16 13:17:00 -  - TIME GetUpdatesList(request) 0.155 sec
2026-06-16 13:17:00 -  - exec CUpdateClientPartner::ParseServerData
2026-06-16 13:17:02 -  - exec CUpdateClientPartner::GetUpdatesList
2026-06-16 13:17:02 -  - exec CUpdateClientPartner::__CollectRequestData
2026-06-16 13:17:02 -  - utf=Y&lang=ru&stable=Y&CANGZIP=Y&SUPD_DBS=MYSQL&XE=N&CLIENT_SITE=localhost&LICENSE_KEY=X&SUPD_STS=3&SUPD_URS=0&TYPENC=D&CLIENT_PHPVER=8.5.7&NGINX=Y&dbv=8.0.45&instm=main%2C26.150.0%2CY%3Bmobileapp%2C25.0.100%2CN%3Bblog%2C26.400.0%2CN%3Bb24connector%2C25.0.0%2CN%3Bhighloadblock%2C25.100.0%2CN%3Biblock%2C25.300.0%2CN%3Bsocialservices%2C26.0.0%2CN%3Brest%2C26.0.0%2CN%3Bfileman%2C25.200.200%2CN%3Bforum%2C26.0.0%2CN%3Blanding%2C26.200.0%2CN%3Bclouds%2C25.100.0%2CN%3Bphotogallery%2C25.100.0%2CN%3Bform%2C26.0.0%2CN%3Bbitrixcloud%2C25.100.0%2CN%3Bsubscribe%2C25.0.0%2CN%3Bmessageservice%2C25.200.100%2CN%3Bui%2C26.150.0%2CN%3Blocation%2C25.400.0%2CN%3Bperfmon%2C25.300.0%2CN%3Bseo%2C25.100.400%2CN%3Bvote%2C26.0.0%2CN%3Btranslate%2C25.100.0%2CN%3Bsecurity%2C25.0.0%2CN%3Bbitrix.sitecorporate%2C26.0.0%2CN%3Bsearch%2C25.200.0%2CN&reqm=bitrix.sitecorporate&fullmoduleinfo=Y&SUPD_SRS=RU&SUPD_CMP=N
2026-06-16 13:17:02 -  - exec CUpdateClientPartner::GetHTTPPage
2026-06-16 13:17:02 -  - TIME GetUpdatesList(request) 0.427 sec
2026-06-16 13:17:02 -  - exec CUpdateClientPartner::ParseServerData
2026-06-16 13:17:05 -  - exec CUpdateClientPartner::GetUpdatesList
2026-06-16 13:17:05 -  - exec CUpdateClientPartner::__CollectRequestData
2026-06-16 13:17:05 -  - utf=Y&lang=ru&stable=Y&CANGZIP=Y&SUPD_DBS=MYSQL&XE=N&CLIENT_SITE=localhost&LICENSE_KEY=X&SUPD_STS=3&SUPD_URS=0&TYPENC=D&CLIENT_PHPVER=8.5.7&NGINX=Y&dbv=8.0.45&instm=main%2C26.150.0%2CY%3Bmobileapp%2C25.0.100%2CN%3Bblog%2C26.400.0%2CN%3Bb24connector%2C25.0.0%2CN%3Bhighloadblock%2C25.100.0%2CN%3Biblock%2C25.300.0%2CN%3Bsocialservices%2C26.0.0%2CN%3Brest%2C26.0.0%2CN%3Bfileman%2C25.200.200%2CN%3Bforum%2C26.0.0%2CN%3Blanding%2C26.200.0%2CN%3Bclouds%2C25.100.0%2CN%3Bphotogallery%2C25.100.0%2CN%3Bform%2C26.0.0%2CN%3Bbitrixcloud%2C25.100.0%2CN%3Bsubscribe%2C25.0.0%2CN%3Bmessageservice%2C25.200.100%2CN%3Bui%2C26.150.0%2CN%3Blocation%2C25.400.0%2CN%3Bperfmon%2C25.300.0%2CN%3Bseo%2C25.100.400%2CN%3Bvote%2C26.0.0%2CN%3Btranslate%2C25.100.0%2CN%3Bsecurity%2C25.0.0%2CN%3Bbitrix.sitecorporate%2C26.0.0%2CN%3Bsearch%2C25.200.0%2CN&reqm=bitrix.sitecorporate&fullmoduleinfo=Y&SUPD_SRS=RU&SUPD_CMP=N
2026-06-16 13:17:05 -  - exec CUpdateClientPartner::GetHTTPPage
2026-06-16 13:17:05 -  - TIME GetUpdatesList(request) 0.175 sec
2026-06-16 13:17:05 -  - exec CUpdateClientPartner::ParseServerData
2026-06-16 13:17:05 -  - exec CUpdateClientPartner::GetUpdatesList
2026-06-16 13:17:05 -  - exec CUpdateClientPartner::__CollectRequestData
2026-06-16 13:17:05 -  - utf=Y&lang=ru&stable=Y&CANGZIP=Y&SUPD_DBS=MYSQL&XE=N&CLIENT_SITE=localhost&LICENSE_KEY=X&SUPD_STS=3&SUPD_URS=0&TYPENC=D&CLIENT_PHPVER=8.5.7&NGINX=Y&dbv=8.0.45&instm=main%2C26.150.0%2CY%3Bmobileapp%2C25.0.100%2CN%3Bblog%2C26.400.0%2CN%3Bb24connector%2C25.0.0%2CN%3Bhighloadblock%2C25.100.0%2CN%3Biblock%2C25.300.0%2CN%3Bsocialservices%2C26.0.0%2CN%3Brest%2C26.0.0%2CN%3Bfileman%2C25.200.200%2CN%3Bforum%2C26.0.0%2CN%3Blanding%2C26.200.0%2CN%3Bclouds%2C25.100.0%2CN%3Bphotogallery%2C25.100.0%2CN%3Bform%2C26.0.0%2CN%3Bbitrixcloud%2C25.100.0%2CN%3Bsubscribe%2C25.0.0%2CN%3Bmessageservice%2C25.200.100%2CN%3Bui%2C26.150.0%2CN%3Blocation%2C25.400.0%2CN%3Bperfmon%2C25.300.0%2CN%3Bseo%2C25.100.400%2CN%3Bvote%2C26.0.0%2CN%3Btranslate%2C25.100.0%2CN%3Bsecurity%2C25.0.0%2CN%3Bbitrix.sitecorporate%2C26.0.0%2CN%3Bsearch%2C25.200.0%2CN&reqm=bitrix.sitecorporate&fullmoduleinfo=Y&SUPD_SRS=RU&SUPD_CMP=N
2026-06-16 13:17:05 -  - exec CUpdateClientPartner::GetHTTPPage
2026-06-16 13:17:06 -  - TIME GetUpdatesList(request) 0.172 sec
2026-06-16 13:17:06 -  - exec CUpdateClientPartner::ParseServerData
2026-06-16 13:17:08 -  - exec CUpdateClientPartner::GetUpdatesList
2026-06-16 13:17:08 -  - exec CUpdateClientPartner::__CollectRequestData
2026-06-16 13:17:08 -  - utf=Y&lang=ru&stable=Y&CANGZIP=Y&SUPD_DBS=MYSQL&XE=N&CLIENT_SITE=localhost&LICENSE_KEY=X&SUPD_STS=3&SUPD_URS=0&TYPENC=D&CLIENT_PHPVER=8.5.7&NGINX=Y&dbv=8.0.45&instm=main%2C26.150.0%2CY%3Bmobileapp%2C25.0.100%2CN%3Bblog%2C26.400.0%2CN%3Bb24connector%2C25.0.0%2CN%3Bhighloadblock%2C25.100.0%2CN%3Biblock%2C25.300.0%2CN%3Bsocialservices%2C26.0.0%2CN%3Brest%2C26.0.0%2CN%3Bfileman%2C25.200.200%2CN%3Bforum%2C26.0.0%2CN%3Blanding%2C26.200.0%2CN%3Bclouds%2C25.100.0%2CN%3Bphotogallery%2C25.100.0%2CN%3Bform%2C26.0.0%2CN%3Bbitrixcloud%2C25.100.0%2CN%3Bsubscribe%2C25.0.0%2CN%3Bmessageservice%2C25.200.100%2CN%3Bui%2C26.150.0%2CN%3Blocation%2C25.400.0%2CN%3Bperfmon%2C25.300.0%2CN%3Bseo%2C25.100.400%2CN%3Bvote%2C26.0.0%2CN%3Btranslate%2C25.100.0%2CN%3Bsecurity%2C25.0.0%2CN%3Bbitrix.sitecorporate%2C26.0.0%2CN%3Bsearch%2C25.200.0%2CN&reqm=bitrix.sitecorporate&fullmoduleinfo=Y&SUPD_SRS=RU&SUPD_CMP=N
2026-06-16 13:17:08 -  - exec CUpdateClientPartner::GetHTTPPage
2026-06-16 13:17:08 -  - TIME GetUpdatesList(request) 0.134 sec
2026-06-16 13:17:08 -  - exec CUpdateClientPartner::ParseServerData
2026-06-16 13:17:09 -  - exec CUpdateClientPartner::GetUpdatesList
2026-06-16 13:17:09 -  - exec CUpdateClientPartner::__CollectRequestData
2026-06-16 13:17:09 -  - utf=Y&lang=ru&stable=Y&CANGZIP=Y&SUPD_DBS=MYSQL&XE=N&CLIENT_SITE=localhost&LICENSE_KEY=X&SUPD_STS=3&SUPD_URS=0&TYPENC=D&CLIENT_PHPVER=8.5.7&NGINX=Y&dbv=8.0.45&instm=main%2C26.150.0%2CY%3Bmobileapp%2C25.0.100%2CN%3Bblog%2C26.400.0%2CN%3Bb24connector%2C25.0.0%2CN%3Bhighloadblock%2C25.100.0%2CN%3Biblock%2C25.300.0%2CN%3Bsocialservices%2C26.0.0%2CN%3Brest%2C26.0.0%2CN%3Bfileman%2C25.200.200%2CN%3Bforum%2C26.0.0%2CN%3Blanding%2C26.200.0%2CN%3Bclouds%2C25.100.0%2CN%3Bphotogallery%2C25.100.0%2CN%3Bform%2C26.0.0%2CN%3Bbitrixcloud%2C25.100.0%2CN%3Bsubscribe%2C25.0.0%2CN%3Bmessageservice%2C25.200.100%2CN%3Bui%2C26.150.0%2CN%3Blocation%2C25.400.0%2CN%3Bperfmon%2C25.300.0%2CN%3Bseo%2C25.100.400%2CN%3Bvote%2C26.0.0%2CN%3Btranslate%2C25.100.0%2CN%3Bsecurity%2C25.0.0%2CN%3Bbitrix.sitecorporate%2C26.0.0%2CN%3Bsearch%2C25.200.0%2CN&reqm=bitrix.sitecorporate&fullmoduleinfo=Y&SUPD_SRS=RU&SUPD_CMP=N
2026-06-16 13:17:09 -  - exec CUpdateClientPartner::GetHTTPPage
2026-06-16 13:17:09 -  - TIME GetUpdatesList(request) 0.162 sec
2026-06-16 13:17:09 -  - exec CUpdateClientPartner::ParseServerData
2026-06-16 13:18:39 -  - exec CUpdateClientPartner::GetUpdatesList
2026-06-16 13:18:39 -  - exec CUpdateClientPartner::__CollectRequestData
2026-06-16 13:18:39 -  - utf=Y&lang=ru&stable=Y&CANGZIP=Y&SUPD_DBS=MYSQL&XE=N&CLIENT_SITE=localhost&LICENSE_KEY=X&SUPD_STS=3&SUPD_URS=0&TYPENC=D&CLIENT_PHPVER=8.5.7&NGINX=Y&dbv=8.0.45&instm=main%2C26.150.0%2CY%3Bmobileapp%2C25.0.100%2CN%3Bblog%2C26.400.0%2CN%3Bb24connector%2C25.0.0%2CN%3Bhighloadblock%2C25.100.0%2CN%3Biblock%2C25.300.0%2CN%3Bsocialservices%2C26.0.0%2CN%3Brest%2C26.0.0%2CN%3Bfileman%2C25.200.200%2CN%3Bforum%2C26.0.0%2CN%3Blanding%2C26.200.0%2CN%3Bclouds%2C25.100.0%2CN%3Bphotogallery%2C25.100.0%2CN%3Bform%2C26.0.0%2CN%3Bbitrixcloud%2C25.100.0%2CN%3Bsubscribe%2C25.0.0%2CN%3Bmessageservice%2C25.200.100%2CN%3Bui%2C26.150.0%2CN%3Blocation%2C25.400.0%2CN%3Bperfmon%2C25.300.0%2CN%3Bseo%2C25.100.400%2CN%3Bvote%2C26.0.0%2CN%3Btranslate%2C25.100.0%2CN%3Bsecurity%2C25.0.0%2CN%3Bbitrix.sitecorporate%2C26.0.0%2CN%3Bsearch%2C25.200.0%2CN&reqm=bitrix.sitecorporate&fullmoduleinfo=Y&SUPD_SRS=RU&SUPD_CMP=N
2026-06-16 13:18:39 -  - exec CUpdateClientPartner::GetHTTPPage
2026-06-16 13:18:39 -  - TIME GetUpdatesList(request) 0.163 sec
2026-06-16 13:18:39 -  - exec CUpdateClientPartner::ParseServerData
2026-06-16 13:18:40 -  - exec CUpdateClientPartner::GetUpdatesList
2026-06-16 13:18:40 -  - exec CUpdateClientPartner::__CollectRequestData
2026-06-16 13:18:40 -  - utf=Y&lang=ru&stable=Y&CANGZIP=Y&SUPD_DBS=MYSQL&XE=N&CLIENT_SITE=localhost&LICENSE_KEY=X&SUPD_STS=3&SUPD_URS=0&TYPENC=D&CLIENT_PHPVER=8.5.7&NGINX=Y&dbv=8.0.45&instm=main%2C26.150.0%2CY%3Bmobileapp%2C25.0.100%2CN%3Bblog%2C26.400.0%2CN%3Bb24connector%2C25.0.0%2CN%3Bhighloadblock%2C25.100.0%2CN%3Biblock%2C25.300.0%2CN%3Bsocialservices%2C26.0.0%2CN%3Brest%2C26.0.0%2CN%3Bfileman%2C25.200.200%2CN%3Bforum%2C26.0.0%2CN%3Blanding%2C26.200.0%2CN%3Bclouds%2C25.100.0%2CN%3Bphotogallery%2C25.100.0%2CN%3Bform%2C26.0.0%2CN%3Bbitrixcloud%2C25.100.0%2CN%3Bsubscribe%2C25.0.0%2CN%3Bmessageservice%2C25.200.100%2CN%3Bui%2C26.150.0%2CN%3Blocation%2C25.400.0%2CN%3Bperfmon%2C25.300.0%2CN%3Bseo%2C25.100.400%2CN%3Bvote%2C26.0.0%2CN%3Btranslate%2C25.100.0%2CN%3Bsecurity%2C25.0.0%2CN%3Bbitrix.sitecorporate%2C26.0.0%2CN%3Bsearch%2C25.200.0%2CN&reqm=bitrix.sitecorporate&fullmoduleinfo=Y&SUPD_SRS=RU&SUPD_CMP=N
2026-06-16 13:18:40 -  - exec CUpdateClientPartner::GetHTTPPage
2026-06-16 13:18:41 -  - TIME GetUpdatesList(request) 0.154 sec
2026-06-16 13:18:41 -  - exec CUpdateClientPartner::ParseServerData
2026-06-16 13:18:41 -  - exec CUpdateClientPartner::GetUpdatesList
2026-06-16 13:18:41 -  - exec CUpdateClientPartner::__CollectRequestData
2026-06-16 13:18:41 -  - utf=Y&lang=ru&stable=Y&CANGZIP=Y&SUPD_DBS=MYSQL&XE=N&CLIENT_SITE=localhost&LICENSE_KEY=X&SUPD_STS=3&SUPD_URS=0&TYPENC=D&CLIENT_PHPVER=8.5.7&NGINX=Y&dbv=8.0.45&instm=main%2C26.150.0%2CY%3Bmobileapp%2C25.0.100%2CN%3Bblog%2C26.400.0%2CN%3Bb24connector%2C25.0.0%2CN%3Bhighloadblock%2C25.100.0%2CN%3Biblock%2C25.300.0%2CN%3Bsocialservices%2C26.0.0%2CN%3Brest%2C26.0.0%2CN%3Bfileman%2C25.200.200%2CN%3Bforum%2C26.0.0%2CN%3Blanding%2C26.200.0%2CN%3Bclouds%2C25.100.0%2CN%3Bphotogallery%2C25.100.0%2CN%3Bform%2C26.0.0%2CN%3Bbitrixcloud%2C25.100.0%2CN%3Bsubscribe%2C25.0.0%2CN%3Bmessageservice%2C25.200.100%2CN%3Bui%2C26.150.0%2CN%3Blocation%2C25.400.0%2CN%3Bperfmon%2C25.300.0%2CN%3Bseo%2C25.100.400%2CN%3Bvote%2C26.0.0%2CN%3Btranslate%2C25.100.0%2CN%3Bsecurity%2C25.0.0%2CN%3Bbitrix.sitecorporate%2C26.0.0%2CN%3Bsearch%2C25.200.0%2CN&reqm=bitrix.sitecorporate&fullmoduleinfo=Y&SUPD_SRS=RU&SUPD_CMP=N
2026-06-16 13:18:41 -  - exec CUpdateClientPartner::GetHTTPPage
2026-06-16 13:18:41 -  - TIME GetUpdatesList(request) 0.149 sec
2026-06-16 13:18:41 -  - exec CUpdateClientPartner::ParseServerData
2026-06-16 13:18:43 -  - exec CUpdateClientPartner::GetUpdatesList
2026-06-16 13:18:43 -  - exec CUpdateClientPartner::__CollectRequestData
2026-06-16 13:18:43 -  - utf=Y&lang=ru&stable=Y&CANGZIP=Y&SUPD_DBS=MYSQL&XE=N&CLIENT_SITE=localhost&LICENSE_KEY=X&SUPD_STS=3&SUPD_URS=0&TYPENC=D&CLIENT_PHPVER=8.5.7&NGINX=Y&dbv=8.0.45&instm=main%2C26.150.0%2CY%3Bmobileapp%2C25.0.100%2CN%3Bblog%2C26.400.0%2CN%3Bb24connector%2C25.0.0%2CN%3Bhighloadblock%2C25.100.0%2CN%3Biblock%2C25.300.0%2CN%3Bsocialservices%2C26.0.0%2CN%3Brest%2C26.0.0%2CN%3Bfileman%2C25.200.200%2CN%3Bforum%2C26.0.0%2CN%3Blanding%2C26.200.0%2CN%3Bclouds%2C25.100.0%2CN%3Bphotogallery%2C25.100.0%2CN%3Bform%2C26.0.0%2CN%3Bbitrixcloud%2C25.100.0%2CN%3Bsubscribe%2C25.0.0%2CN%3Bmessageservice%2C25.200.100%2CN%3Bui%2C26.150.0%2CN%3Blocation%2C25.400.0%2CN%3Bperfmon%2C25.300.0%2CN%3Bseo%2C25.100.400%2CN%3Bvote%2C26.0.0%2CN%3Btranslate%2C25.100.0%2CN%3Bsecurity%2C25.0.0%2CN%3Bbitrix.sitecorporate%2C26.0.0%2CN%3Bsearch%2C25.200.0%2CN&reqm=bitrix.sitecorporate&fullmoduleinfo=Y&SUPD_SRS=RU&SUPD_CMP=N
2026-06-16 13:18:43 -  - exec CUpdateClientPartner::GetHTTPPage
2026-06-16 13:18:43 -  - TIME GetUpdatesList(request) 0.145 sec
2026-06-16 13:18:43 -  - exec CUpdateClientPartner::ParseServerData
2026-06-16 13:18:44 -  - exec CUpdateClientPartner::GetUpdatesList
2026-06-16 13:18:44 -  - exec CUpdateClientPartner::__CollectRequestData
2026-06-16 13:18:44 -  - utf=Y&lang=ru&stable=Y&CANGZIP=Y&SUPD_DBS=MYSQL&XE=N&CLIENT_SITE=localhost&LICENSE_KEY=X&SUPD_STS=3&SUPD_URS=0&TYPENC=D&CLIENT_PHPVER=8.5.7&NGINX=Y&dbv=8.0.45&instm=main%2C26.150.0%2CY%3Bmobileapp%2C25.0.100%2CN%3Bblog%2C26.400.0%2CN%3Bb24connector%2C25.0.0%2CN%3Bhighloadblock%2C25.100.0%2CN%3Biblock%2C25.300.0%2CN%3Bsocialservices%2C26.0.0%2CN%3Brest%2C26.0.0%2CN%3Bfileman%2C25.200.200%2CN%3Bforum%2C26.0.0%2CN%3Blanding%2C26.200.0%2CN%3Bclouds%2C25.100.0%2CN%3Bphotogallery%2C25.100.0%2CN%3Bform%2C26.0.0%2CN%3Bbitrixcloud%2C25.100.0%2CN%3Bsubscribe%2C25.0.0%2CN%3Bmessageservice%2C25.200.100%2CN%3Bui%2C26.150.0%2CN%3Blocation%2C25.400.0%2CN%3Bperfmon%2C25.300.0%2CN%3Bseo%2C25.100.400%2CN%3Bvote%2C26.0.0%2CN%3Btranslate%2C25.100.0%2CN%3Bsecurity%2C25.0.0%2CN%3Bbitrix.sitecorporate%2C26.0.0%2CN%3Bsearch%2C25.200.0%2CN&reqm=bitrix.sitecorporate&fullmoduleinfo=Y&SUPD_SRS=RU&SUPD_CMP=N
2026-06-16 13:18:44 -  - exec CUpdateClientPartner::GetHTTPPage
2026-06-16 13:18:44 -  - TIME GetUpdatesList(request) 0.168 sec
2026-06-16 13:18:44 -  - exec CUpdateClientPartner::ParseServerData
2026-06-16 13:19:38 -  - exec CUpdateClientPartner::GetUpdatesList
2026-06-16 13:19:38 -  - exec CUpdateClientPartner::__CollectRequestData
2026-06-16 13:19:38 -  - utf=Y&lang=ru&stable=Y&CANGZIP=Y&SUPD_DBS=MYSQL&XE=N&CLIENT_SITE=localhost&LICENSE_KEY=X&SUPD_STS=3&SUPD_URS=0&TYPENC=D&CLIENT_PHPVER=8.5.7&NGINX=Y&dbv=8.0.45&instm=main%2C26.150.0%2CY%3Bmobileapp%2C25.0.100%2CN%3Bblog%2C26.400.0%2CN%3Bb24connector%2C25.0.0%2CN%3Bhighloadblock%2C25.100.0%2CN%3Biblock%2C25.300.0%2CN%3Bsocialservices%2C26.0.0%2CN%3Brest%2C26.0.0%2CN%3Bfileman%2C25.200.200%2CN%3Bforum%2C26.0.0%2CN%3Blanding%2C26.200.0%2CN%3Bclouds%2C25.100.0%2CN%3Bphotogallery%2C25.100.0%2CN%3Bform%2C26.0.0%2CN%3Bbitrixcloud%2C25.100.0%2CN%3Bsubscribe%2C25.0.0%2CN%3Bmessageservice%2C25.200.100%2CN%3Bui%2C26.150.0%2CN%3Blocation%2C25.400.0%2CN%3Bperfmon%2C25.300.0%2CN%3Bseo%2C25.100.400%2CN%3Bvote%2C26.0.0%2CN%3Btranslate%2C25.100.0%2CN%3Bsecurity%2C25.0.0%2CN%3Bbitrix.sitecorporate%2C26.0.0%2CN%3Bsearch%2C25.200.0%2CN&reqm=bitrix.sitecorporate&fullmoduleinfo=Y&SUPD_SRS=RU&SUPD_CMP=N
2026-06-16 13:19:38 -  - exec CUpdateClientPartner::GetHTTPPage
2026-06-16 13:19:38 -  - TIME GetUpdatesList(request) 0.152 sec
2026-06-16 13:19:38 -  - exec CUpdateClientPartner::ParseServerData
2026-06-16 13:19:38 -  - exec CUpdateClientPartner::GetUpdatesList
2026-06-16 13:19:38 -  - exec CUpdateClientPartner::__CollectRequestData
2026-06-16 13:19:38 -  - utf=Y&lang=ru&stable=Y&CANGZIP=Y&SUPD_DBS=MYSQL&XE=N&CLIENT_SITE=localhost&LICENSE_KEY=X&SUPD_STS=3&SUPD_URS=0&TYPENC=D&CLIENT_PHPVER=8.5.7&NGINX=Y&dbv=8.0.45&instm=main%2C26.150.0%2CY%3Bmobileapp%2C25.0.100%2CN%3Bblog%2C26.400.0%2CN%3Bb24connector%2C25.0.0%2CN%3Bhighloadblock%2C25.100.0%2CN%3Biblock%2C25.300.0%2CN%3Bsocialservices%2C26.0.0%2CN%3Brest%2C26.0.0%2CN%3Bfileman%2C25.200.200%2CN%3Bforum%2C26.0.0%2CN%3Blanding%2C26.200.0%2CN%3Bclouds%2C25.100.0%2CN%3Bphotogallery%2C25.100.0%2CN%3Bform%2C26.0.0%2CN%3Bbitrixcloud%2C25.100.0%2CN%3Bsubscribe%2C25.0.0%2CN%3Bmessageservice%2C25.200.100%2CN%3Bui%2C26.150.0%2CN%3Blocation%2C25.400.0%2CN%3Bperfmon%2C25.300.0%2CN%3Bseo%2C25.100.400%2CN%3Bvote%2C26.0.0%2CN%3Btranslate%2C25.100.0%2CN%3Bsecurity%2C25.0.0%2CN%3Bbitrix.sitecorporate%2C26.0.0%2CN%3Bsearch%2C25.200.0%2CN&reqm=bitrix.sitecorporate&fullmoduleinfo=Y&SUPD_SRS=RU&SUPD_CMP=N
2026-06-16 13:19:38 -  - exec CUpdateClientPartner::GetHTTPPage
2026-06-16 13:19:39 -  - TIME GetUpdatesList(request) 0.165 sec
2026-06-16 13:19:39 -  - exec CUpdateClientPartner::ParseServerData
2026-06-16 13:19:41 -  - exec CUpdateClientPartner::GetUpdatesList
2026-06-16 13:19:41 -  - exec CUpdateClientPartner::__CollectRequestData
2026-06-16 13:19:41 -  - utf=Y&lang=ru&stable=Y&CANGZIP=Y&SUPD_DBS=MYSQL&XE=N&CLIENT_SITE=localhost&LICENSE_KEY=X&SUPD_STS=3&SUPD_URS=0&TYPENC=D&CLIENT_PHPVER=8.5.7&NGINX=Y&dbv=8.0.45&instm=main%2C26.150.0%2CY%3Bmobileapp%2C25.0.100%2CN%3Bblog%2C26.400.0%2CN%3Bb24connector%2C25.0.0%2CN%3Bhighloadblock%2C25.100.0%2CN%3Biblock%2C25.300.0%2CN%3Bsocialservices%2C26.0.0%2CN%3Brest%2C26.0.0%2CN%3Bfileman%2C25.200.200%2CN%3Bforum%2C26.0.0%2CN%3Blanding%2C26.200.0%2CN%3Bclouds%2C25.100.0%2CN%3Bphotogallery%2C25.100.0%2CN%3Bform%2C26.0.0%2CN%3Bbitrixcloud%2C25.100.0%2CN%3Bsubscribe%2C25.0.0%2CN%3Bmessageservice%2C25.200.100%2CN%3Bui%2C26.150.0%2CN%3Blocation%2C25.400.0%2CN%3Bperfmon%2C25.300.0%2CN%3Bseo%2C25.100.400%2CN%3Bvote%2C26.0.0%2CN%3Btranslate%2C25.100.0%2CN%3Bsecurity%2C25.0.0%2CN%3Bbitrix.sitecorporate%2C26.0.0%2CN%3Bsearch%2C25.200.0%2CN&reqm=bitrix.sitecorporate&fullmoduleinfo=Y&SUPD_SRS=RU&SUPD_CMP=N
2026-06-16 13:19:41 -  - exec CUpdateClientPartner::GetHTTPPage
2026-06-16 13:19:41 -  - TIME GetUpdatesList(request) 0.156 sec
2026-06-16 13:19:41 -  - exec CUpdateClientPartner::ParseServerData
2026-06-16 13:19:42 -  - exec CUpdateClientPartner::GetUpdatesList
2026-06-16 13:19:42 -  - exec CUpdateClientPartner::__CollectRequestData
2026-06-16 13:19:42 -  - utf=Y&lang=ru&stable=Y&CANGZIP=Y&SUPD_DBS=MYSQL&XE=N&CLIENT_SITE=localhost&LICENSE_KEY=X&SUPD_STS=3&SUPD_URS=0&TYPENC=D&CLIENT_PHPVER=8.5.7&NGINX=Y&dbv=8.0.45&instm=main%2C26.150.0%2CY%3Bmobileapp%2C25.0.100%2CN%3Bblog%2C26.400.0%2CN%3Bb24connector%2C25.0.0%2CN%3Bhighloadblock%2C25.100.0%2CN%3Biblock%2C25.300.0%2CN%3Bsocialservices%2C26.0.0%2CN%3Brest%2C26.0.0%2CN%3Bfileman%2C25.200.200%2CN%3Bforum%2C26.0.0%2CN%3Blanding%2C26.200.0%2CN%3Bclouds%2C25.100.0%2CN%3Bphotogallery%2C25.100.0%2CN%3Bform%2C26.0.0%2CN%3Bbitrixcloud%2C25.100.0%2CN%3Bsubscribe%2C25.0.0%2CN%3Bmessageservice%2C25.200.100%2CN%3Bui%2C26.150.0%2CN%3Blocation%2C25.400.0%2CN%3Bperfmon%2C25.300.0%2CN%3Bseo%2C25.100.400%2CN%3Bvote%2C26.0.0%2CN%3Btranslate%2C25.100.0%2CN%3Bsecurity%2C25.0.0%2CN%3Bbitrix.sitecorporate%2C26.0.0%2CN%3Bsearch%2C25.200.0%2CN&reqm=bitrix.sitecorporate&fullmoduleinfo=Y&SUPD_SRS=RU&SUPD_CMP=N
2026-06-16 13:19:42 -  - exec CUpdateClientPartner::GetHTTPPage
2026-06-16 13:19:42 -  - TIME GetUpdatesList(request) 0.165 sec
2026-06-16 13:19:42 -  - exec CUpdateClientPartner::ParseServerData
2026-06-16 13:23:02 -  - exec CUpdateClientPartner::GetUpdatesList
2026-06-16 13:23:02 -  - exec CUpdateClientPartner::__CollectRequestData
2026-06-16 13:23:02 -  - utf=Y&lang=ru&stable=Y&CANGZIP=Y&SUPD_DBS=MYSQL&XE=N&CLIENT_SITE=localhost&LICENSE_KEY=X&SUPD_STS=3&SUPD_URS=0&TYPENC=D&CLIENT_PHPVER=8.5.7&NGINX=Y&dbv=8.0.45&instm=main%2C26.150.0%2CY%3Bmobileapp%2C25.0.100%2CN%3Bblog%2C26.400.0%2CN%3Bb24connector%2C25.0.0%2CN%3Bhighloadblock%2C25.100.0%2CN%3Biblock%2C25.300.0%2CN%3Bsocialservices%2C26.0.0%2CN%3Brest%2C26.0.0%2CN%3Bfileman%2C25.200.200%2CN%3Bforum%2C26.0.0%2CN%3Blanding%2C26.200.0%2CN%3Bclouds%2C25.100.0%2CN%3Bphotogallery%2C25.100.0%2CN%3Bform%2C26.0.0%2CN%3Bbitrixcloud%2C25.100.0%2CN%3Bsubscribe%2C25.0.0%2CN%3Bmessageservice%2C25.200.100%2CN%3Bui%2C26.150.0%2CN%3Blocation%2C25.400.0%2CN%3Bperfmon%2C25.300.0%2CN%3Bseo%2C25.100.400%2CN%3Bvote%2C26.0.0%2CN%3Btranslate%2C25.100.0%2CN%3Bsecurity%2C25.0.0%2CN%3Bbitrix.sitecorporate%2C26.0.0%2CN%3Bsearch%2C25.200.0%2CN&reqm=bitrix.sitecorporate&fullmoduleinfo=Y&SUPD_SRS=RU&SUPD_CMP=N
2026-06-16 13:23:02 -  - exec CUpdateClientPartner::GetHTTPPage
2026-06-16 13:23:02 -  - TIME GetUpdatesList(request) 0.17 sec
2026-06-16 13:23:02 -  - exec CUpdateClientPartner::ParseServerData
